model_family,device_type,technology_nm,application_type,W_um,L_um,temperature_C,VDS_V,VGS_V,ID_A,bias_label,comparison_basis,nominal_VDD_V,source_type,simulator,model_file_sha256,raw_file
PTM,NMOS,45,HP,1.0,0.045,25.0,0.05,-0.2,4.873963276162775e-12,low_vds,low_drain_bias,1.0,simulation,ngspice,c9ed2e513523c57a76912a35b2860cb85e4aaa3402b69757d84efa9cc2fb8410,data/raw/ptm45_hp_vds_0p05v_raw.txt
PTM,NMOS,45,HP,1.0,0.045,25.0,0.05,-0.195,5.078150734962701e-12,low_vds,low_drain_bias,1.0,simulation,ngspice,c9ed2e513523c57a76912a35b2860cb85e4aaa3402b69757d84efa9cc2fb8410,data/raw/ptm45_hp_vds_0p05v_raw.txt
PTM,NMOS,45,HP,1.0,0.045,25.0,0.05,-0.19,5.354823080050576e-12,low_vds,low_drain_bias,1.0,simulation,ngspice,c9ed2e513523c57a76912a35b2860cb85e4aaa3402b69757d84efa9cc2fb8410,data/raw/ptm45_hp_vds_0p05v_raw.txt
PTM,NMOS,45,HP,1.0,0.045,25.0,0.05,-0.185,5.689795687446946e-12,low_vds,low_drain_bias,1.0,simulation,ngspice,c9ed2e513523c57a76912a35b2860cb85e4aaa3402b69757d84efa9cc2fb8410,data/raw/ptm45_hp_vds_0p05v_raw.txt
PTM,NMOS,45,HP,1.0,0.045,25.0,0.05,-0.18,6.090958061407337e-12,low_vds,low_drain_bias,1.0,simulation,ngspice,c9ed2e513523c57a76912a35b2860cb85e4aaa3402b69757d84efa9cc2fb8410,data/raw/ptm45_hp_vds_0p05v_raw.txt
PTM,NMOS,45,HP,1.0,0.045,25.0,0.05,-0.175,6.567352415806648e-12,low_vds,low_drain_bias,1.0,simulation,ngspice,c9ed2e513523c57a76912a35b2860cb85e4aaa3402b69757d84efa9cc2fb8410,data/raw/ptm45_hp_vds_0p05v_raw.txt
PTM,NMOS,45,HP,1.0,0.045,25.0,0.05,-0.17,7.129340007789304e-12,low_vds,low_drain_bias,1.0,simulation,ngspice,c9ed2e513523c57a76912a35b2860cb85e4aaa3402b69757d84efa9cc2fb8410,data/raw/ptm45_hp_vds_0p05v_raw.txt
PTM,NMOS,45,HP,1.0,0.045,25.0,0.05,-0.165,7.788791490614856e-12,low_vds,low_drain_bias,1.0,simulation,ngspice,c9ed2e513523c57a76912a35b2860cb85e4aaa3402b69757d84efa9cc2fb8410,data/raw/ptm45_hp_vds_0p05v_raw.txt
PTM,NMOS,45,HP,1.0,0.045,25.0,0.05,-0.16,8.559304749142018e-12,low_vds,low_drain_bias,1.0,simulation,ngspice,c9ed2e513523c57a76912a35b2860cb85e4aaa3402b69757d84efa9cc2fb8410,data/raw/ptm45_hp_vds_0p05v_raw.txt
PTM,NMOS,45,HP,1.0,0.045,25.0,0.05,-0.155,9.456454179945856e-12,low_vds,low_drain_bias,1.0,simulation,ngspice,c9ed2e513523c57a76912a35b2860cb85e4aaa3402b69757d84efa9cc2fb8410,data/raw/ptm45_hp_vds_0p05v_raw.txt
PTM,NMOS,45,HP,1.0,0.045,25.0,0.05,-0.15,1.04980759479325e-11,low_vds,low_drain_bias,1.0,simulation,ngspice,c9ed2e513523c57a76912a35b2860cb85e4aaa3402b69757d84efa9cc2fb8410,data/raw/ptm45_hp_vds_0p05v_raw.txt
PTM,NMOS,45,HP,1.0,0.045,25.0,0.05,-0.145,1.170459440318081e-11,low_vds,low_drain_bias,1.0,simulation,ngspice,c9ed2e513523c57a76912a35b2860cb85e4aaa3402b69757d84efa9cc2fb8410,data/raw/ptm45_hp_vds_0p05v_raw.txt
PTM,NMOS,45,HP,1.0,0.045,25.0,0.05,-0.14,1.3099395586635439e-11,low_vds,low_drain_bias,1.0,simulation,ngspice,c9ed2e513523c57a76912a35b2860cb85e4aaa3402b69757d84efa9cc2fb8410,data/raw/ptm45_hp_vds_0p05v_raw.txt
PTM,NMOS,45,HP,1.0,0.045,25.0,0.05,-0.135,1.470925460554115e-11,low_vds,low_drain_bias,1.0,simulation,ngspice,c9ed2e513523c57a76912a35b2860cb85e4aaa3402b69757d84efa9cc2fb8410,data/raw/ptm45_hp_vds_0p05v_raw.txt
PTM,NMOS,45,HP,1.0,0.045,25.0,0.05,-0.1299999999999999,1.656482463267556e-11,low_vds,low_drain_bias,1.0,simulation,ngspice,c9ed2e513523c57a76912a35b2860cb85e4aaa3402b69757d84efa9cc2fb8410,data/raw/ptm45_hp_vds_0p05v_raw.txt
PTM,NMOS,45,HP,1.0,0.045,25.0,0.05,-0.1249999999999999,1.870119639705596e-11,low_vds,low_drain_bias,1.0,simulation,ngspice,c9ed2e513523c57a76912a35b2860cb85e4aaa3402b69757d84efa9cc2fb8410,data/raw/ptm45_hp_vds_0p05v_raw.txt
PTM,NMOS,45,HP,1.0,0.045,25.0,0.05,-0.1199999999999999,2.115853830535017e-11,low_vds,low_drain_bias,1.0,simulation,ngspice,c9ed2e513523c57a76912a35b2860cb85e4aaa3402b69757d84efa9cc2fb8410,data/raw/ptm45_hp_vds_0p05v_raw.txt
PTM,NMOS,45,HP,1.0,0.045,25.0,0.05,-0.1149999999999999,2.398282878722624e-11,low_vds,low_drain_bias,1.0,simulation,ngspice,c9ed2e513523c57a76912a35b2860cb85e4aaa3402b69757d84efa9cc2fb8410,data/raw/ptm45_hp_vds_0p05v_raw.txt
PTM,NMOS,45,HP,1.0,0.045,25.0,0.05,-0.1099999999999999,2.7226694118602498e-11,low_vds,low_drain_bias,1.0,simulation,ngspice,c9ed2e513523c57a76912a35b2860cb85e4aaa3402b69757d84efa9cc2fb8410,data/raw/ptm45_hp_vds_0p05v_raw.txt
PTM,NMOS,45,HP,1.0,0.045,25.0,0.05,-0.1049999999999999,3.0950366874682666e-11,low_vds,low_drain_bias,1.0,simulation,ngspice,c9ed2e513523c57a76912a35b2860cb85e4aaa3402b69757d84efa9cc2fb8410,data/raw/ptm45_hp_vds_0p05v_raw.txt
PTM,NMOS,45,HP,1.0,0.045,25.0,0.05,-0.0999999999999999,3.522278233217966e-11,low_vds,low_drain_bias,1.0,simulation,ngspice,c9ed2e513523c57a76912a35b2860cb85e4aaa3402b69757d84efa9cc2fb8410,data/raw/ptm45_hp_vds_0p05v_raw.txt
PTM,NMOS,45,HP,1.0,0.045,25.0,0.05,-0.0949999999999999,4.0122832616166295e-11,low_vds,low_drain_bias,1.0,simulation,ngspice,c9ed2e513523c57a76912a35b2860cb85e4aaa3402b69757d84efa9cc2fb8410,data/raw/ptm45_hp_vds_0p05v_raw.txt
PTM,NMOS,45,HP,1.0,0.045,25.0,0.05,-0.0899999999999999,4.57408012147368e-11,low_vds,low_drain_bias,1.0,simulation,ngspice,c9ed2e513523c57a76912a35b2860cb85e4aaa3402b69757d84efa9cc2fb8410,data/raw/ptm45_hp_vds_0p05v_raw.txt
PTM,NMOS,45,HP,1.0,0.045,25.0,0.05,-0.0849999999999999,5.2180003713028185e-11,low_vds,low_drain_bias,1.0,simulation,ngspice,c9ed2e513523c57a76912a35b2860cb85e4aaa3402b69757d84efa9cc2fb8410,data/raw/ptm45_hp_vds_0p05v_raw.txt
PTM,NMOS,45,HP,1.0,0.045,25.0,0.05,-0.0799999999999999,5.955866428363326e-11,low_vds,low_drain_bias,1.0,simulation,ngspice,c9ed2e513523c57a76912a35b2860cb85e4aaa3402b69757d84efa9cc2fb8410,data/raw/ptm45_hp_vds_0p05v_raw.txt
PTM,NMOS,45,HP,1.0,0.045,25.0,0.05,-0.0749999999999999,6.801206167800156e-11,low_vds,low_drain_bias,1.0,simulation,ngspice,c9ed2e513523c57a76912a35b2860cb85e4aaa3402b69757d84efa9cc2fb8410,data/raw/ptm45_hp_vds_0p05v_raw.txt
PTM,NMOS,45,HP,1.0,0.045,25.0,0.05,-0.0699999999999999,7.769498326361557e-11,low_vds,low_drain_bias,1.0,simulation,ngspice,c9ed2e513523c57a76912a35b2860cb85e4aaa3402b69757d84efa9cc2fb8410,data/raw/ptm45_hp_vds_0p05v_raw.txt
PTM,NMOS,45,HP,1.0,0.045,25.0,0.05,-0.0649999999999998,8.878453112919366e-11,low_vds,low_drain_bias,1.0,simulation,ngspice,c9ed2e513523c57a76912a35b2860cb85e4aaa3402b69757d84efa9cc2fb8410,data/raw/ptm45_hp_vds_0p05v_raw.txt
PTM,NMOS,45,HP,1.0,0.045,25.0,0.05,-0.0599999999999998,1.01483330528479e-10,low_vds,low_drain_bias,1.0,simulation,ngspice,c9ed2e513523c57a76912a35b2860cb85e4aaa3402b69757d84efa9cc2fb8410,data/raw/ptm45_hp_vds_0p05v_raw.txt
PTM,NMOS,45,HP,1.0,0.045,25.0,0.05,-0.0549999999999999,1.1602319805753839e-10,low_vds,low_drain_bias,1.0,simulation,ngspice,c9ed2e513523c57a76912a35b2860cb85e4aaa3402b69757d84efa9cc2fb8410,data/raw/ptm45_hp_vds_0p05v_raw.txt
PTM,NMOS,45,HP,1.0,0.045,25.0,0.05,-0.0499999999999999,1.326693350842816e-10,low_vds,low_drain_bias,1.0,simulation,ngspice,c9ed2e513523c57a76912a35b2860cb85e4aaa3402b69757d84efa9cc2fb8410,data/raw/ptm45_hp_vds_0p05v_raw.txt
PTM,NMOS,45,HP,1.0,0.045,25.0,0.05,-0.0449999999999999,1.5299445482369938e-10,low_vds,low_drain_bias,1.0,simulation,ngspice,c9ed2e513523c57a76912a35b2860cb85e4aaa3402b69757d84efa9cc2fb8410,data/raw/ptm45_hp_vds_0p05v_raw.txt
PTM,NMOS,45,HP,1.0,0.045,25.0,0.05,-0.0399999999999999,1.7498972167630408e-10,low_vds,low_drain_bias,1.0,simulation,ngspice,c9ed2e513523c57a76912a35b2860cb85e4aaa3402b69757d84efa9cc2fb8410,data/raw/ptm45_hp_vds_0p05v_raw.txt
PTM,NMOS,45,HP,1.0,0.045,25.0,0.05,-0.0349999999999999,2.0016491793767902e-10,low_vds,low_drain_bias,1.0,simulation,ngspice,c9ed2e513523c57a76912a35b2860cb85e4aaa3402b69757d84efa9cc2fb8410,data/raw/ptm45_hp_vds_0p05v_raw.txt
PTM,NMOS,45,HP,1.0,0.045,25.0,0.05,-0.0299999999999999,2.28977839647221e-10,low_vds,low_drain_bias,1.0,simulation,ngspice,c9ed2e513523c57a76912a35b2860cb85e4aaa3402b69757d84efa9cc2fb8410,data/raw/ptm45_hp_vds_0p05v_raw.txt
PTM,NMOS,45,HP,1.0,0.045,25.0,0.05,-0.0249999999999999,2.6195206913386965e-10,low_vds,low_drain_bias,1.0,simulation,ngspice,c9ed2e513523c57a76912a35b2860cb85e4aaa3402b69757d84efa9cc2fb8410,data/raw/ptm45_hp_vds_0p05v_raw.txt
PTM,NMOS,45,HP,1.0,0.045,25.0,0.05,-0.0199999999999999,2.996863911222594e-10,low_vds,low_drain_bias,1.0,simulation,ngspice,c9ed2e513523c57a76912a35b2860cb85e4aaa3402b69757d84efa9cc2fb8410,data/raw/ptm45_hp_vds_0p05v_raw.txt
PTM,NMOS,45,HP,1.0,0.045,25.0,0.05,-0.0149999999999999,3.428655485526335e-10,low_vds,low_drain_bias,1.0,simulation,ngspice,c9ed2e513523c57a76912a35b2860cb85e4aaa3402b69757d84efa9cc2fb8410,data/raw/ptm45_hp_vds_0p05v_raw.txt
PTM,NMOS,45,HP,1.0,0.045,25.0,0.05,-0.0099999999999999,3.9227252695097817e-10,low_vds,low_drain_bias,1.0,simulation,ngspice,c9ed2e513523c57a76912a35b2860cb85e4aaa3402b69757d84efa9cc2fb8410,data/raw/ptm45_hp_vds_0p05v_raw.txt
PTM,NMOS,45,HP,1.0,0.045,25.0,0.05,-0.0049999999999999,4.48802582413186e-10,low_vds,low_drain_bias,1.0,simulation,ngspice,c9ed2e513523c57a76912a35b2860cb85e4aaa3402b69757d84efa9cc2fb8410,data/raw/ptm45_hp_vds_0p05v_raw.txt
PTM,NMOS,45,HP,1.0,0.045,25.0,0.05,9.887923813067799e-17,5.134792580490944e-10,low_vds,low_drain_bias,1.0,simulation,ngspice,c9ed2e513523c57a76912a35b2860cb85e4aaa3402b69757d84efa9cc2fb8410,data/raw/ptm45_hp_vds_0p05v_raw.txt
PTM,NMOS,45,HP,1.0,0.045,25.0,0.05,0.005,5.874726675353981e-10,low_vds,low_drain_bias,1.0,simulation,ngspice,c9ed2e513523c57a76912a35b2860cb85e4aaa3402b69757d84efa9cc2fb8410,data/raw/ptm45_hp_vds_0p05v_raw.txt
PTM,NMOS,45,HP,1.0,0.045,25.0,0.05,0.0100000000000001,6.72120362769271e-10,low_vds,low_drain_bias,1.0,simulation,ngspice,c9ed2e513523c57a76912a35b2860cb85e4aaa3402b69757d84efa9cc2fb8410,data/raw/ptm45_hp_vds_0p05v_raw.txt
PTM,NMOS,45,HP,1.0,0.045,25.0,0.05,0.0150000000000001,7.68951146078872e-10,low_vds,low_drain_bias,1.0,simulation,ngspice,c9ed2e513523c57a76912a35b2860cb85e4aaa3402b69757d84efa9cc2fb8410,data/raw/ptm45_hp_vds_0p05v_raw.txt
PTM,NMOS,45,HP,1.0,0.045,25.0,0.05,0.0200000000000001,8.797122366812357e-10,low_vds,low_drain_bias,1.0,simulation,ngspice,c9ed2e513523c57a76912a35b2860cb85e4aaa3402b69757d84efa9cc2fb8410,data/raw/ptm45_hp_vds_0p05v_raw.txt
PTM,NMOS,45,HP,1.0,0.045,25.0,0.05,0.0250000000000001,1.006400256814e-09,low_vds,low_drain_bias,1.0,simulation,ngspice,c9ed2e513523c57a76912a35b2860cb85e4aaa3402b69757d84efa9cc2fb8410,data/raw/ptm45_hp_vds_0p05v_raw.txt
PTM,NMOS,45,HP,1.0,0.045,25.0,0.05,0.0300000000000001,1.1512965660028341e-09,low_vds,low_drain_bias,1.0,simulation,ngspice,c9ed2e513523c57a76912a35b2860cb85e4aaa3402b69757d84efa9cc2fb8410,data/raw/ptm45_hp_vds_0p05v_raw.txt
PTM,NMOS,45,HP,1.0,0.045,25.0,0.05,0.0350000000000001,1.317007543167646e-09,low_vds,low_drain_bias,1.0,simulation,ngspice,c9ed2e513523c57a76912a35b2860cb85e4aaa3402b69757d84efa9cc2fb8410,data/raw/ptm45_hp_vds_0p05v_raw.txt
PTM,NMOS,45,HP,1.0,0.045,25.0,0.05,0.0400000000000001,1.506510496705877e-09,low_vds,low_drain_bias,1.0,simulation,ngspice,c9ed2e513523c57a76912a35b2860cb85e4aaa3402b69757d84efa9cc2fb8410,data/raw/ptm45_hp_vds_0p05v_raw.txt
PTM,NMOS,45,HP,1.0,0.045,25.0,0.05,0.0450000000000001,1.7232059734223441e-09,low_vds,low_drain_bias,1.0,simulation,ngspice,c9ed2e513523c57a76912a35b2860cb85e4aaa3402b69757d84efa9cc2fb8410,data/raw/ptm45_hp_vds_0p05v_raw.txt
PTM,NMOS,45,HP,1.0,0.045,25.0,0.05,0.05,1.970977339405866e-09,low_vds,low_drain_bias,1.0,simulation,ngspice,c9ed2e513523c57a76912a35b2860cb85e4aaa3402b69757d84efa9cc2fb8410,data/raw/ptm45_hp_vds_0p05v_raw.txt
PTM,NMOS,45,HP,1.0,0.045,25.0,0.05,0.055,2.254258621026137e-09,low_vds,low_drain_bias,1.0,simulation,ngspice,c9ed2e513523c57a76912a35b2860cb85e4aaa3402b69757d84efa9cc2fb8410,data/raw/ptm45_hp_vds_0p05v_raw.txt
PTM,NMOS,45,HP,1.0,0.045,25.0,0.05,0.06,2.578111723571851e-09,low_vds,low_drain_bias,1.0,simulation,ngspice,c9ed2e513523c57a76912a35b2860cb85e4aaa3402b69757d84efa9cc2fb8410,data/raw/ptm45_hp_vds_0p05v_raw.txt
PTM,NMOS,45,HP,1.0,0.045,25.0,0.05,0.065,2.9483142902859204e-09,low_vds,low_drain_bias,1.0,simulation,ngspice,c9ed2e513523c57a76912a35b2860cb85e4aaa3402b69757d84efa9cc2fb8410,data/raw/ptm45_hp_vds_0p05v_raw.txt
PTM,NMOS,45,HP,1.0,0.045,25.0,0.05,0.07,3.371459627362289e-09,low_vds,low_drain_bias,1.0,simulation,ngspice,c9ed2e513523c57a76912a35b2860cb85e4aaa3402b69757d84efa9cc2fb8410,data/raw/ptm45_hp_vds_0p05v_raw.txt
PTM,NMOS,45,HP,1.0,0.045,25.0,0.05,0.0750000000000001,3.855070302738995e-09,low_vds,low_drain_bias,1.0,simulation,ngspice,c9ed2e513523c57a76912a35b2860cb85e4aaa3402b69757d84efa9cc2fb8410,data/raw/ptm45_hp_vds_0p05v_raw.txt
PTM,NMOS,45,HP,1.0,0.045,25.0,0.05,0.0800000000000001,4.407727230213791e-09,low_vds,low_drain_bias,1.0,simulation,ngspice,c9ed2e513523c57a76912a35b2860cb85e4aaa3402b69757d84efa9cc2fb8410,data/raw/ptm45_hp_vds_0p05v_raw.txt
PTM,NMOS,45,HP,1.0,0.045,25.0,0.05,0.0850000000000001,5.0392162776670995e-09,low_vds,low_drain_bias,1.0,simulation,ngspice,c9ed2e513523c57a76912a35b2860cb85e4aaa3402b69757d84efa9cc2fb8410,data/raw/ptm45_hp_vds_0p05v_raw.txt
PTM,NMOS,45,HP,1.0,0.045,25.0,0.05,0.0900000000000001,5.760694691229241e-09,low_vds,low_drain_bias,1.0,simulation,ngspice,c9ed2e513523c57a76912a35b2860cb85e4aaa3402b69757d84efa9cc2fb8410,data/raw/ptm45_hp_vds_0p05v_raw.txt
PTM,NMOS,45,HP,1.0,0.045,25.0,0.05,0.0950000000000001,6.584879908434141e-09,low_vds,low_drain_bias,1.0,simulation,ngspice,c9ed2e513523c57a76912a35b2860cb85e4aaa3402b69757d84efa9cc2fb8410,data/raw/ptm45_hp_vds_0p05v_raw.txt
PTM,NMOS,45,HP,1.0,0.045,25.0,0.05,0.1000000000000001,7.526263645198408e-09,low_vds,low_drain_bias,1.0,simulation,ngspice,c9ed2e513523c57a76912a35b2860cb85e4aaa3402b69757d84efa9cc2fb8410,data/raw/ptm45_hp_vds_0p05v_raw.txt
PTM,NMOS,45,HP,1.0,0.045,25.0,0.05,0.1050000000000001,8.601354486345744e-09,low_vds,low_drain_bias,1.0,simulation,ngspice,c9ed2e513523c57a76912a35b2860cb85e4aaa3402b69757d84efa9cc2fb8410,data/raw/ptm45_hp_vds_0p05v_raw.txt
PTM,NMOS,45,HP,1.0,0.045,25.0,0.05,0.1100000000000001,9.8289525898808e-09,low_vds,low_drain_bias,1.0,simulation,ngspice,c9ed2e513523c57a76912a35b2860cb85e4aaa3402b69757d84efa9cc2fb8410,data/raw/ptm45_hp_vds_0p05v_raw.txt
PTM,NMOS,45,HP,1.0,0.045,25.0,0.05,0.1150000000000001,1.123046053380302e-08,low_vds,low_drain_bias,1.0,simulation,ngspice,c9ed2e513523c57a76912a35b2860cb85e4aaa3402b69757d84efa9cc2fb8410,data/raw/ptm45_hp_vds_0p05v_raw.txt
PTM,NMOS,45,HP,1.0,0.045,25.0,0.05,0.1200000000000001,1.2830234793304e-08,low_vds,low_drain_bias,1.0,simulation,ngspice,c9ed2e513523c57a76912a35b2860cb85e4aaa3402b69757d84efa9cc2fb8410,data/raw/ptm45_hp_vds_0p05v_raw.txt
PTM,NMOS,45,HP,1.0,0.045,25.0,0.05,0.1250000000000001,1.465598283798012e-08,low_vds,low_drain_bias,1.0,simulation,ngspice,c9ed2e513523c57a76912a35b2860cb85e4aaa3402b69757d84efa9cc2fb8410,data/raw/ptm45_hp_vds_0p05v_raw.txt
PTM,NMOS,45,HP,1.0,0.045,25.0,0.05,0.1300000000000001,1.6739211385134512e-08,low_vds,low_drain_bias,1.0,simulation,ngspice,c9ed2e513523c57a76912a35b2860cb85e4aaa3402b69757d84efa9cc2fb8410,data/raw/ptm45_hp_vds_0p05v_raw.txt
PTM,NMOS,45,HP,1.0,0.045,25.0,0.05,0.1350000000000001,1.9115731937942662e-08,low_vds,low_drain_bias,1.0,simulation,ngspice,c9ed2e513523c57a76912a35b2860cb85e4aaa3402b69757d84efa9cc2fb8410,data/raw/ptm45_hp_vds_0p05v_raw.txt
PTM,NMOS,45,HP,1.0,0.045,25.0,0.05,0.1400000000000002,2.18262303772961e-08,low_vds,low_drain_bias,1.0,simulation,ngspice,c9ed2e513523c57a76912a35b2860cb85e4aaa3402b69757d84efa9cc2fb8410,data/raw/ptm45_hp_vds_0p05v_raw.txt
PTM,NMOS,45,HP,1.0,0.045,25.0,0.05,0.1450000000000002,2.4916908063884464e-08,low_vds,low_drain_bias,1.0,simulation,ngspice,c9ed2e513523c57a76912a35b2860cb85e4aaa3402b69757d84efa9cc2fb8410,data/raw/ptm45_hp_vds_0p05v_raw.txt
PTM,NMOS,45,HP,1.0,0.045,25.0,0.05,0.1500000000000002,2.8440202642148442e-08,low_vds,low_drain_bias,1.0,simulation,ngspice,c9ed2e513523c57a76912a35b2860cb85e4aaa3402b69757d84efa9cc2fb8410,data/raw/ptm45_hp_vds_0p05v_raw.txt
PTM,NMOS,45,HP,1.0,0.045,25.0,0.05,0.1550000000000002,3.245559751860601e-08,low_vds,low_drain_bias,1.0,simulation,ngspice,c9ed2e513523c57a76912a35b2860cb85e4aaa3402b69757d84efa9cc2fb8410,data/raw/ptm45_hp_vds_0p05v_raw.txt
PTM,NMOS,45,HP,1.0,0.045,25.0,0.05,0.1600000000000002,3.703052981102655e-08,low_vds,low_drain_bias,1.0,simulation,ngspice,c9ed2e513523c57a76912a35b2860cb85e4aaa3402b69757d84efa9cc2fb8410,data/raw/ptm45_hp_vds_0p05v_raw.txt
PTM,NMOS,45,HP,1.0,0.045,25.0,0.05,0.1650000000000002,4.224140742771773e-08,low_vds,low_drain_bias,1.0,simulation,ngspice,c9ed2e513523c57a76912a35b2860cb85e4aaa3402b69757d84efa9cc2fb8410,data/raw/ptm45_hp_vds_0p05v_raw.txt
PTM,NMOS,45,HP,1.0,0.045,25.0,0.05,0.1700000000000002,4.81747468318556e-08,low_vds,low_drain_bias,1.0,simulation,ngspice,c9ed2e513523c57a76912a35b2860cb85e4aaa3402b69757d84efa9cc2fb8410,data/raw/ptm45_hp_vds_0p05v_raw.txt
PTM,NMOS,45,HP,1.0,0.045,25.0,0.05,0.1750000000000002,5.492844396617376e-08,low_vds,low_drain_bias,1.0,simulation,ngspice,c9ed2e513523c57a76912a35b2860cb85e4aaa3402b69757d84efa9cc2fb8410,data/raw/ptm45_hp_vds_0p05v_raw.txt
PTM,NMOS,45,HP,1.0,0.045,25.0,0.05,0.1800000000000002,6.261319174817831e-08,low_vds,low_drain_bias,1.0,simulation,ngspice,c9ed2e513523c57a76912a35b2860cb85e4aaa3402b69757d84efa9cc2fb8410,data/raw/ptm45_hp_vds_0p05v_raw.txt
PTM,NMOS,45,HP,1.0,0.045,25.0,0.05,0.1850000000000002,7.13540584820546e-08,low_vds,low_drain_bias,1.0,simulation,ngspice,c9ed2e513523c57a76912a35b2860cb85e4aaa3402b69757d84efa9cc2fb8410,data/raw/ptm45_hp_vds_0p05v_raw.txt
PTM,NMOS,45,HP,1.0,0.045,25.0,0.05,0.1900000000000002,8.129224245400565e-08,low_vds,low_drain_bias,1.0,simulation,ngspice,c9ed2e513523c57a76912a35b2860cb85e4aaa3402b69757d84efa9cc2fb8410,data/raw/ptm45_hp_vds_0p05v_raw.txt
PTM,NMOS,45,HP,1.0,0.045,25.0,0.05,0.1950000000000002,9.258701886107597e-08,low_vds,low_drain_bias,1.0,simulation,ngspice,c9ed2e513523c57a76912a35b2860cb85e4aaa3402b69757d84efa9cc2fb8410,data/raw/ptm45_hp_vds_0p05v_raw.txt
PTM,NMOS,45,HP,1.0,0.045,25.0,0.05,0.2000000000000002,1.054178960395562e-07,low_vds,low_drain_bias,1.0,simulation,ngspice,c9ed2e513523c57a76912a35b2860cb85e4aaa3402b69757d84efa9cc2fb8410,data/raw/ptm45_hp_vds_0p05v_raw.txt
PTM,NMOS,45,HP,1.0,0.045,25.0,0.05,0.2050000000000002,1.199869986779013e-07,low_vds,low_drain_bias,1.0,simulation,ngspice,c9ed2e513523c57a76912a35b2860cb85e4aaa3402b69757d84efa9cc2fb8410,data/raw/ptm45_hp_vds_0p05v_raw.txt
PTM,NMOS,45,HP,1.0,0.045,25.0,0.05,0.2100000000000002,1.365216964815946e-07,low_vds,low_drain_bias,1.0,simulation,ngspice,c9ed2e513523c57a76912a35b2860cb85e4aaa3402b69757d84efa9cc2fb8410,data/raw/ptm45_hp_vds_0p05v_raw.txt
PTM,NMOS,45,HP,1.0,0.045,25.0,0.05,0.2150000000000002,1.552774982531361e-07,low_vds,low_drain_bias,1.0,simulation,ngspice,c9ed2e513523c57a76912a35b2860cb85e4aaa3402b69757d84efa9cc2fb8410,data/raw/ptm45_hp_vds_0p05v_raw.txt
PTM,NMOS,45,HP,1.0,0.045,25.0,0.05,0.2200000000000002,1.765412306591291e-07,low_vds,low_drain_bias,1.0,simulation,ngspice,c9ed2e513523c57a76912a35b2860cb85e4aaa3402b69757d84efa9cc2fb8410,data/raw/ptm45_hp_vds_0p05v_raw.txt
PTM,NMOS,45,HP,1.0,0.045,25.0,0.05,0.2250000000000002,2.006345175655628e-07,low_vds,low_drain_bias,1.0,simulation,ngspice,c9ed2e513523c57a76912a35b2860cb85e4aaa3402b69757d84efa9cc2fb8410,data/raw/ptm45_hp_vds_0p05v_raw.txt
PTM,NMOS,45,HP,1.0,0.045,25.0,0.05,0.2300000000000002,2.279175812799406e-07,low_vds,low_drain_bias,1.0,simulation,ngspice,c9ed2e513523c57a76912a35b2860cb85e4aaa3402b69757d84efa9cc2fb8410,data/raw/ptm45_hp_vds_0p05v_raw.txt
PTM,NMOS,45,HP,1.0,0.045,25.0,0.05,0.2350000000000002,2.587933862780763e-07,low_vds,low_drain_bias,1.0,simulation,ngspice,c9ed2e513523c57a76912a35b2860cb85e4aaa3402b69757d84efa9cc2fb8410,data/raw/ptm45_hp_vds_0p05v_raw.txt
PTM,NMOS,45,HP,1.0,0.045,25.0,0.05,0.2400000000000002,2.937121423373582e-07,low_vds,low_drain_bias,1.0,simulation,ngspice,c9ed2e513523c57a76912a35b2860cb85e4aaa3402b69757d84efa9cc2fb8410,data/raw/ptm45_hp_vds_0p05v_raw.txt
PTM,NMOS,45,HP,1.0,0.045,25.0,0.05,0.2450000000000002,3.331761836467949e-07,low_vds,low_drain_bias,1.0,simulation,ngspice,c9ed2e513523c57a76912a35b2860cb85e4aaa3402b69757d84efa9cc2fb8410,data/raw/ptm45_hp_vds_0p05v_raw.txt
PTM,NMOS,45,HP,1.0,0.045,25.0,0.05,0.2500000000000002,3.777452391631503e-07,low_vds,low_drain_bias,1.0,simulation,ngspice,c9ed2e513523c57a76912a35b2860cb85e4aaa3402b69757d84efa9cc2fb8410,data/raw/ptm45_hp_vds_0p05v_raw.txt
PTM,NMOS,45,HP,1.0,0.045,25.0,0.05,0.2550000000000002,4.280421072831196e-07,low_vds,low_drain_bias,1.0,simulation,ngspice,c9ed2e513523c57a76912a35b2860cb85e4aaa3402b69757d84efa9cc2fb8410,data/raw/ptm45_hp_vds_0p05v_raw.txt
PTM,NMOS,45,HP,1.0,0.045,25.0,0.05,0.2600000000000002,4.847587450672441e-07,low_vds,low_drain_bias,1.0,simulation,ngspice,c9ed2e513523c57a76912a35b2860cb85e4aaa3402b69757d84efa9cc2fb8410,data/raw/ptm45_hp_vds_0p05v_raw.txt
PTM,NMOS,45,HP,1.0,0.045,25.0,0.05,0.2650000000000002,5.48662778699769e-07,low_vds,low_drain_bias,1.0,simulation,ngspice,c9ed2e513523c57a76912a35b2860cb85e4aaa3402b69757d84efa9cc2fb8410,data/raw/ptm45_hp_vds_0p05v_raw.txt
PTM,NMOS,45,HP,1.0,0.045,25.0,0.05,0.2700000000000002,6.206044374595788e-07,low_vds,low_drain_bias,1.0,simulation,ngspice,c9ed2e513523c57a76912a35b2860cb85e4aaa3402b69757d84efa9cc2fb8410,data/raw/ptm45_hp_vds_0p05v_raw.txt
PTM,NMOS,45,HP,1.0,0.045,25.0,0.05,0.2750000000000002,7.01523908035942e-07,low_vds,low_drain_bias,1.0,simulation,ngspice,c9ed2e513523c57a76912a35b2860cb85e4aaa3402b69757d84efa9cc2fb8410,data/raw/ptm45_hp_vds_0p05v_raw.txt
PTM,NMOS,45,HP,1.0,0.045,25.0,0.05,0.2800000000000002,7.924590993285468e-07,low_vds,low_drain_bias,1.0,simulation,ngspice,c9ed2e513523c57a76912a35b2860cb85e4aaa3402b69757d84efa9cc2fb8410,data/raw/ptm45_hp_vds_0p05v_raw.txt
PTM,NMOS,45,HP,1.0,0.045,25.0,0.05,0.2850000000000003,8.945537996408587e-07,low_vds,low_drain_bias,1.0,simulation,ngspice,c9ed2e513523c57a76912a35b2860cb85e4aaa3402b69757d84efa9cc2fb8410,data/raw/ptm45_hp_vds_0p05v_raw.txt
PTM,NMOS,45,HP,1.0,0.045,25.0,0.05,0.2900000000000003,1.00906619804963e-06,low_vds,low_drain_bias,1.0,simulation,ngspice,c9ed2e513523c57a76912a35b2860cb85e4aaa3402b69757d84efa9cc2fb8410,data/raw/ptm45_hp_vds_0p05v_raw.txt
PTM,NMOS,45,HP,1.0,0.045,25.0,0.05,0.2950000000000003,1.137377729260765e-06,low_vds,low_drain_bias,1.0,simulation,ngspice,c9ed2e513523c57a76912a35b2860cb85e4aaa3402b69757d84efa9cc2fb8410,data/raw/ptm45_hp_vds_0p05v_raw.txt
PTM,NMOS,45,HP,1.0,0.045,25.0,0.05,0.3000000000000003,1.281002185890742e-06,low_vds,low_drain_bias,1.0,simulation,ngspice,c9ed2e513523c57a76912a35b2860cb85e4aaa3402b69757d84efa9cc2fb8410,data/raw/ptm45_hp_vds_0p05v_raw.txt
PTM,NMOS,45,HP,1.0,0.045,25.0,0.05,0.3050000000000003,1.441595023185789e-06,low_vds,low_drain_bias,1.0,simulation,ngspice,c9ed2e513523c57a76912a35b2860cb85e4aaa3402b69757d84efa9cc2fb8410,data/raw/ptm45_hp_vds_0p05v_raw.txt
PTM,NMOS,45,HP,1.0,0.045,25.0,0.05,0.3100000000000003,1.620962757951348e-06,low_vds,low_drain_bias,1.0,simulation,ngspice,c9ed2e513523c57a76912a35b2860cb85e4aaa3402b69757d84efa9cc2fb8410,data/raw/ptm45_hp_vds_0p05v_raw.txt
PTM,NMOS,45,HP,1.0,0.045,25.0,0.05,0.3150000000000003,1.821072335079729e-06,low_vds,low_drain_bias,1.0,simulation,ngspice,c9ed2e513523c57a76912a35b2860cb85e4aaa3402b69757d84efa9cc2fb8410,data/raw/ptm45_hp_vds_0p05v_raw.txt
PTM,NMOS,45,HP,1.0,0.045,25.0,0.05,0.3200000000000003,2.044060300672396e-06,low_vds,low_drain_bias,1.0,simulation,ngspice,c9ed2e513523c57a76912a35b2860cb85e4aaa3402b69757d84efa9cc2fb8410,data/raw/ptm45_hp_vds_0p05v_raw.txt
PTM,NMOS,45,HP,1.0,0.045,25.0,0.05,0.3250000000000003,2.292241579538364e-06,low_vds,low_drain_bias,1.0,simulation,ngspice,c9ed2e513523c57a76912a35b2860cb85e4aaa3402b69757d84efa9cc2fb8410,data/raw/ptm45_hp_vds_0p05v_raw.txt
PTM,NMOS,45,HP,1.0,0.045,25.0,0.05,0.3300000000000003,2.568117606153702e-06,low_vds,low_drain_bias,1.0,simulation,ngspice,c9ed2e513523c57a76912a35b2860cb85e4aaa3402b69757d84efa9cc2fb8410,data/raw/ptm45_hp_vds_0p05v_raw.txt
PTM,NMOS,45,HP,1.0,0.045,25.0,0.05,0.3350000000000003,2.874383501637691e-06,low_vds,low_drain_bias,1.0,simulation,ngspice,c9ed2e513523c57a76912a35b2860cb85e4aaa3402b69757d84efa9cc2fb8410,data/raw/ptm45_hp_vds_0p05v_raw.txt
PTM,NMOS,45,HP,1.0,0.045,25.0,0.05,0.3400000000000003,3.213933925093163e-06,low_vds,low_drain_bias,1.0,simulation,ngspice,c9ed2e513523c57a76912a35b2860cb85e4aaa3402b69757d84efa9cc2fb8410,data/raw/ptm45_hp_vds_0p05v_raw.txt
PTM,NMOS,45,HP,1.0,0.045,25.0,0.05,0.3450000000000003,3.589867156657014e-06,low_vds,low_drain_bias,1.0,simulation,ngspice,c9ed2e513523c57a76912a35b2860cb85e4aaa3402b69757d84efa9cc2fb8410,data/raw/ptm45_hp_vds_0p05v_raw.txt
PTM,NMOS,45,HP,1.0,0.045,25.0,0.05,0.3500000000000003,4.005486746345318e-06,low_vds,low_drain_bias,1.0,simulation,ngspice,c9ed2e513523c57a76912a35b2860cb85e4aaa3402b69757d84efa9cc2fb8410,data/raw/ptm45_hp_vds_0p05v_raw.txt
PTM,NMOS,45,HP,1.0,0.045,25.0,0.05,0.3550000000000003,4.464299884379594e-06,low_vds,low_drain_bias,1.0,simulation,ngspice,c9ed2e513523c57a76912a35b2860cb85e4aaa3402b69757d84efa9cc2fb8410,data/raw/ptm45_hp_vds_0p05v_raw.txt
PTM,NMOS,45,HP,1.0,0.045,25.0,0.05,0.3600000000000003,4.970013877354044e-06,low_vds,low_drain_bias,1.0,simulation,ngspice,c9ed2e513523c57a76912a35b2860cb85e4aaa3402b69757d84efa9cc2fb8410,data/raw/ptm45_hp_vds_0p05v_raw.txt
PTM,NMOS,45,HP,1.0,0.045,25.0,0.05,0.3650000000000003,5.526526822895607e-06,low_vds,low_drain_bias,1.0,simulation,ngspice,c9ed2e513523c57a76912a35b2860cb85e4aaa3402b69757d84efa9cc2fb8410,data/raw/ptm45_hp_vds_0p05v_raw.txt
PTM,NMOS,45,HP,1.0,0.045,25.0,0.05,0.3700000000000003,6.137913511454419e-06,low_vds,low_drain_bias,1.0,simulation,ngspice,c9ed2e513523c57a76912a35b2860cb85e4aaa3402b69757d84efa9cc2fb8410,data/raw/ptm45_hp_vds_0p05v_raw.txt
PTM,NMOS,45,HP,1.0,0.045,25.0,0.05,0.3750000000000003,6.808405532977283e-06,low_vds,low_drain_bias,1.0,simulation,ngspice,c9ed2e513523c57a76912a35b2860cb85e4aaa3402b69757d84efa9cc2fb8410,data/raw/ptm45_hp_vds_0p05v_raw.txt
PTM,NMOS,45,HP,1.0,0.045,25.0,0.05,0.3800000000000003,7.542364712209429e-06,low_vds,low_drain_bias,1.0,simulation,ngspice,c9ed2e513523c57a76912a35b2860cb85e4aaa3402b69757d84efa9cc2fb8410,data/raw/ptm45_hp_vds_0p05v_raw.txt
PTM,NMOS,45,HP,1.0,0.045,25.0,0.05,0.3850000000000003,8.344249149020456e-06,low_vds,low_drain_bias,1.0,simulation,ngspice,c9ed2e513523c57a76912a35b2860cb85e4aaa3402b69757d84efa9cc2fb8410,data/raw/ptm45_hp_vds_0p05v_raw.txt
PTM,NMOS,45,HP,1.0,0.045,25.0,0.05,0.3900000000000003,9.218571267058842e-06,low_vds,low_drain_bias,1.0,simulation,ngspice,c9ed2e513523c57a76912a35b2860cb85e4aaa3402b69757d84efa9cc2fb8410,data/raw/ptm45_hp_vds_0p05v_raw.txt
PTM,NMOS,45,HP,1.0,0.045,25.0,0.05,0.3950000000000004,1.016984747146978e-05,low_vds,low_drain_bias,1.0,simulation,ngspice,c9ed2e513523c57a76912a35b2860cb85e4aaa3402b69757d84efa9cc2fb8410,data/raw/ptm45_hp_vds_0p05v_raw.txt
PTM,NMOS,45,HP,1.0,0.045,25.0,0.05,0.4000000000000004,1.120253929089014e-05,low_vds,low_drain_bias,1.0,simulation,ngspice,c9ed2e513523c57a76912a35b2860cb85e4aaa3402b69757d84efa9cc2fb8410,data/raw/ptm45_hp_vds_0p05v_raw.txt
PTM,NMOS,45,HP,1.0,0.045,25.0,0.05,0.4050000000000004,1.232098623203814e-05,low_vds,low_drain_bias,1.0,simulation,ngspice,c9ed2e513523c57a76912a35b2860cb85e4aaa3402b69757d84efa9cc2fb8410,data/raw/ptm45_hp_vds_0p05v_raw.txt
PTM,NMOS,45,HP,1.0,0.045,25.0,0.05,0.4100000000000004,1.352933100182617e-05,low_vds,low_drain_bias,1.0,simulation,ngspice,c9ed2e513523c57a76912a35b2860cb85e4aaa3402b69757d84efa9cc2fb8410,data/raw/ptm45_hp_vds_0p05v_raw.txt
PTM,NMOS,45,HP,1.0,0.045,25.0,0.05,0.4150000000000004,1.483143823862635e-05,low_vds,low_drain_bias,1.0,simulation,ngspice,c9ed2e513523c57a76912a35b2860cb85e4aaa3402b69757d84efa9cc2fb8410,data/raw/ptm45_hp_vds_0p05v_raw.txt
PTM,NMOS,45,HP,1.0,0.045,25.0,0.05,0.4200000000000004,1.623080841842988e-05,low_vds,low_drain_bias,1.0,simulation,ngspice,c9ed2e513523c57a76912a35b2860cb85e4aaa3402b69757d84efa9cc2fb8410,data/raw/ptm45_hp_vds_0p05v_raw.txt
PTM,NMOS,45,HP,1.0,0.045,25.0,0.05,0.4250000000000004,1.773048913094278e-05,low_vds,low_drain_bias,1.0,simulation,ngspice,c9ed2e513523c57a76912a35b2860cb85e4aaa3402b69757d84efa9cc2fb8410,data/raw/ptm45_hp_vds_0p05v_raw.txt
PTM,NMOS,45,HP,1.0,0.045,25.0,0.05,0.4300000000000004,1.933298641457274e-05,low_vds,low_drain_bias,1.0,simulation,ngspice,c9ed2e513523c57a76912a35b2860cb85e4aaa3402b69757d84efa9cc2fb8410,data/raw/ptm45_hp_vds_0p05v_raw.txt
PTM,NMOS,45,HP,1.0,0.045,25.0,0.05,0.4350000000000004,2.10401792511343e-05,low_vds,low_drain_bias,1.0,simulation,ngspice,c9ed2e513523c57a76912a35b2860cb85e4aaa3402b69757d84efa9cc2fb8410,data/raw/ptm45_hp_vds_0p05v_raw.txt
PTM,NMOS,45,HP,1.0,0.045,25.0,0.05,0.4400000000000004,2.285324060237156e-05,low_vds,low_drain_bias,1.0,simulation,ngspice,c9ed2e513523c57a76912a35b2860cb85e4aaa3402b69757d84efa9cc2fb8410,data/raw/ptm45_hp_vds_0p05v_raw.txt
PTM,NMOS,45,HP,1.0,0.045,25.0,0.05,0.4450000000000004,2.477256847584708e-05,low_vds,low_drain_bias,1.0,simulation,ngspice,c9ed2e513523c57a76912a35b2860cb85e4aaa3402b69757d84efa9cc2fb8410,data/raw/ptm45_hp_vds_0p05v_raw.txt
PTM,NMOS,45,HP,1.0,0.045,25.0,0.05,0.4500000000000004,2.679773040172558e-05,low_vds,low_drain_bias,1.0,simulation,ngspice,c9ed2e513523c57a76912a35b2860cb85e4aaa3402b69757d84efa9cc2fb8410,data/raw/ptm45_hp_vds_0p05v_raw.txt
PTM,NMOS,45,HP,1.0,0.045,25.0,0.05,0.4550000000000004,2.892742436463618e-05,low_vds,low_drain_bias,1.0,simulation,ngspice,c9ed2e513523c57a76912a35b2860cb85e4aaa3402b69757d84efa9cc2fb8410,data/raw/ptm45_hp_vds_0p05v_raw.txt
PTM,NMOS,45,HP,1.0,0.045,25.0,0.05,0.4600000000000004,3.115945866717469e-05,low_vds,low_drain_bias,1.0,simulation,ngspice,c9ed2e513523c57a76912a35b2860cb85e4aaa3402b69757d84efa9cc2fb8410,data/raw/ptm45_hp_vds_0p05v_raw.txt
PTM,NMOS,45,HP,1.0,0.045,25.0,0.05,0.4650000000000004,3.349075242864469e-05,low_vds,low_drain_bias,1.0,simulation,ngspice,c9ed2e513523c57a76912a35b2860cb85e4aaa3402b69757d84efa9cc2fb8410,data/raw/ptm45_hp_vds_0p05v_raw.txt
PTM,NMOS,45,HP,1.0,0.045,25.0,0.05,0.4700000000000004,3.591735749282214e-05,low_vds,low_drain_bias,1.0,simulation,ngspice,c9ed2e513523c57a76912a35b2860cb85e4aaa3402b69757d84efa9cc2fb8410,data/raw/ptm45_hp_vds_0p05v_raw.txt
PTM,NMOS,45,HP,1.0,0.045,25.0,0.05,0.4750000000000004,3.843450150013138e-05,low_vds,low_drain_bias,1.0,simulation,ngspice,c9ed2e513523c57a76912a35b2860cb85e4aaa3402b69757d84efa9cc2fb8410,data/raw/ptm45_hp_vds_0p05v_raw.txt
PTM,NMOS,45,HP,1.0,0.045,25.0,0.05,0.4800000000000004,4.103665085332269e-05,low_vds,low_drain_bias,1.0,simulation,ngspice,c9ed2e513523c57a76912a35b2860cb85e4aaa3402b69757d84efa9cc2fb8410,data/raw/ptm45_hp_vds_0p05v_raw.txt
PTM,NMOS,45,HP,1.0,0.045,25.0,0.05,0.4850000000000004,4.367928364404077e-05,low_vds,low_drain_bias,1.0,simulation,ngspice,c9ed2e513523c57a76912a35b2860cb85e4aaa3402b69757d84efa9cc2fb8410,data/raw/ptm45_hp_vds_0p05v_raw.txt
PTM,NMOS,45,HP,1.0,0.045,25.0,0.05,0.4900000000000004,4.643570453540612e-05,low_vds,low_drain_bias,1.0,simulation,ngspice,c9ed2e513523c57a76912a35b2860cb85e4aaa3402b69757d84efa9cc2fb8410,data/raw/ptm45_hp_vds_0p05v_raw.txt
PTM,NMOS,45,HP,1.0,0.045,25.0,0.05,0.4950000000000004,4.925705962443336e-05,low_vds,low_drain_bias,1.0,simulation,ngspice,c9ed2e513523c57a76912a35b2860cb85e4aaa3402b69757d84efa9cc2fb8410,data/raw/ptm45_hp_vds_0p05v_raw.txt
PTM,NMOS,45,HP,1.0,0.045,25.0,0.05,0.5000000000000004,5.213564732213543e-05,low_vds,low_drain_bias,1.0,simulation,ngspice,c9ed2e513523c57a76912a35b2860cb85e4aaa3402b69757d84efa9cc2fb8410,data/raw/ptm45_hp_vds_0p05v_raw.txt
PTM,NMOS,45,HP,1.0,0.045,25.0,0.05,0.5050000000000004,5.506351612430246e-05,low_vds,low_drain_bias,1.0,simulation,ngspice,c9ed2e513523c57a76912a35b2860cb85e4aaa3402b69757d84efa9cc2fb8410,data/raw/ptm45_hp_vds_0p05v_raw.txt
PTM,NMOS,45,HP,1.0,0.045,25.0,0.05,0.5100000000000005,5.80325821912292e-05,low_vds,low_drain_bias,1.0,simulation,ngspice,c9ed2e513523c57a76912a35b2860cb85e4aaa3402b69757d84efa9cc2fb8410,data/raw/ptm45_hp_vds_0p05v_raw.txt
PTM,NMOS,45,HP,1.0,0.045,25.0,0.05,0.5150000000000005,6.103474239699028e-05,low_vds,low_drain_bias,1.0,simulation,ngspice,c9ed2e513523c57a76912a35b2860cb85e4aaa3402b69757d84efa9cc2fb8410,data/raw/ptm45_hp_vds_0p05v_raw.txt
PTM,NMOS,45,HP,1.0,0.045,25.0,0.05,0.5200000000000005,6.406197978793975e-05,low_vds,low_drain_bias,1.0,simulation,ngspice,c9ed2e513523c57a76912a35b2860cb85e4aaa3402b69757d84efa9cc2fb8410,data/raw/ptm45_hp_vds_0p05v_raw.txt
PTM,NMOS,45,HP,1.0,0.045,25.0,0.05,0.5250000000000005,6.710645903596666e-05,low_vds,low_drain_bias,1.0,simulation,ngspice,c9ed2e513523c57a76912a35b2860cb85e4aaa3402b69757d84efa9cc2fb8410,data/raw/ptm45_hp_vds_0p05v_raw.txt
PTM,NMOS,45,HP,1.0,0.045,25.0,0.05,0.5300000000000005,7.016061015927888e-05,low_vds,low_drain_bias,1.0,simulation,ngspice,c9ed2e513523c57a76912a35b2860cb85e4aaa3402b69757d84efa9cc2fb8410,data/raw/ptm45_hp_vds_0p05v_raw.txt
PTM,NMOS,45,HP,1.0,0.045,25.0,0.05,0.5350000000000005,7.321719945969998e-05,low_vds,low_drain_bias,1.0,simulation,ngspice,c9ed2e513523c57a76912a35b2860cb85e4aaa3402b69757d84efa9cc2fb8410,data/raw/ptm45_hp_vds_0p05v_raw.txt
PTM,NMOS,45,HP,1.0,0.045,25.0,0.05,0.5400000000000005,7.626938724923763e-05,low_vds,low_drain_bias,1.0,simulation,ngspice,c9ed2e513523c57a76912a35b2860cb85e4aaa3402b69757d84efa9cc2fb8410,data/raw/ptm45_hp_vds_0p05v_raw.txt
PTM,NMOS,45,HP,1.0,0.045,25.0,0.05,0.5450000000000005,7.93107724807502e-05,low_vds,low_drain_bias,1.0,simulation,ngspice,c9ed2e513523c57a76912a35b2860cb85e4aaa3402b69757d84efa9cc2fb8410,data/raw/ptm45_hp_vds_0p05v_raw.txt
PTM,NMOS,45,HP,1.0,0.045,25.0,0.05,0.5500000000000005,8.233542484130765e-05,low_vds,low_drain_bias,1.0,simulation,ngspice,c9ed2e513523c57a76912a35b2860cb85e4aaa3402b69757d84efa9cc2fb8410,data/raw/ptm45_hp_vds_0p05v_raw.txt
PTM,NMOS,45,HP,1.0,0.045,25.0,0.05,0.5550000000000005,8.533790520622065e-05,low_vds,low_drain_bias,1.0,simulation,ngspice,c9ed2e513523c57a76912a35b2860cb85e4aaa3402b69757d84efa9cc2fb8410,data/raw/ptm45_hp_vds_0p05v_raw.txt
PTM,NMOS,45,HP,1.0,0.045,25.0,0.05,0.5600000000000005,8.831327558949688e-05,low_vds,low_drain_bias,1.0,simulation,ngspice,c9ed2e513523c57a76912a35b2860cb85e4aaa3402b69757d84efa9cc2fb8410,data/raw/ptm45_hp_vds_0p05v_raw.txt
PTM,NMOS,45,HP,1.0,0.045,25.0,0.05,0.5650000000000005,9.125709987151688e-05,low_vds,low_drain_bias,1.0,simulation,ngspice,c9ed2e513523c57a76912a35b2860cb85e4aaa3402b69757d84efa9cc2fb8410,data/raw/ptm45_hp_vds_0p05v_raw.txt
PTM,NMOS,45,HP,1.0,0.045,25.0,0.05,0.5700000000000005,9.41654366497031e-05,low_vds,low_drain_bias,1.0,simulation,ngspice,c9ed2e513523c57a76912a35b2860cb85e4aaa3402b69757d84efa9cc2fb8410,data/raw/ptm45_hp_vds_0p05v_raw.txt
PTM,NMOS,45,HP,1.0,0.045,25.0,0.05,0.5750000000000005,9.7034825557491e-05,low_vds,low_drain_bias,1.0,simulation,ngspice,c9ed2e513523c57a76912a35b2860cb85e4aaa3402b69757d84efa9cc2fb8410,data/raw/ptm45_hp_vds_0p05v_raw.txt
PTM,NMOS,45,HP,1.0,0.045,25.0,0.05,0.5800000000000005,9.986226834577266e-05,low_vds,low_drain_bias,1.0,simulation,ngspice,c9ed2e513523c57a76912a35b2860cb85e4aaa3402b69757d84efa9cc2fb8410,data/raw/ptm45_hp_vds_0p05v_raw.txt
PTM,NMOS,45,HP,1.0,0.045,25.0,0.05,0.5850000000000005,0.0001026452059331,low_vds,low_drain_bias,1.0,simulation,ngspice,c9ed2e513523c57a76912a35b2860cb85e4aaa3402b69757d84efa9cc2fb8410,data/raw/ptm45_hp_vds_0p05v_raw.txt
PTM,NMOS,45,HP,1.0,0.045,25.0,0.05,0.5900000000000005,0.0001053814925193,low_vds,low_drain_bias,1.0,simulation,ngspice,c9ed2e513523c57a76912a35b2860cb85e4aaa3402b69757d84efa9cc2fb8410,data/raw/ptm45_hp_vds_0p05v_raw.txt
PTM,NMOS,45,HP,1.0,0.045,25.0,0.05,0.5950000000000005,0.0001080693677297,low_vds,low_drain_bias,1.0,simulation,ngspice,c9ed2e513523c57a76912a35b2860cb85e4aaa3402b69757d84efa9cc2fb8410,data/raw/ptm45_hp_vds_0p05v_raw.txt
PTM,NMOS,45,HP,1.0,0.045,25.0,0.05,0.6000000000000005,0.0001107074276295,low_vds,low_drain_bias,1.0,simulation,ngspice,c9ed2e513523c57a76912a35b2860cb85e4aaa3402b69757d84efa9cc2fb8410,data/raw/ptm45_hp_vds_0p05v_raw.txt
PTM,NMOS,45,HP,1.0,0.045,25.0,0.05,0.6050000000000005,0.0001132945953126,low_vds,low_drain_bias,1.0,simulation,ngspice,c9ed2e513523c57a76912a35b2860cb85e4aaa3402b69757d84efa9cc2fb8410,data/raw/ptm45_hp_vds_0p05v_raw.txt
PTM,NMOS,45,HP,1.0,0.045,25.0,0.05,0.6100000000000005,0.0001158300916514,low_vds,low_drain_bias,1.0,simulation,ngspice,c9ed2e513523c57a76912a35b2860cb85e4aaa3402b69757d84efa9cc2fb8410,data/raw/ptm45_hp_vds_0p05v_raw.txt
PTM,NMOS,45,HP,1.0,0.045,25.0,0.05,0.6150000000000005,0.0001183134066738,low_vds,low_drain_bias,1.0,simulation,ngspice,c9ed2e513523c57a76912a35b2860cb85e4aaa3402b69757d84efa9cc2fb8410,data/raw/ptm45_hp_vds_0p05v_raw.txt
PTM,NMOS,45,HP,1.0,0.045,25.0,0.05,0.6200000000000006,0.0001207442719338,low_vds,low_drain_bias,1.0,simulation,ngspice,c9ed2e513523c57a76912a35b2860cb85e4aaa3402b69757d84efa9cc2fb8410,data/raw/ptm45_hp_vds_0p05v_raw.txt
PTM,NMOS,45,HP,1.0,0.045,25.0,0.05,0.6250000000000006,0.0001231226341494,low_vds,low_drain_bias,1.0,simulation,ngspice,c9ed2e513523c57a76912a35b2860cb85e4aaa3402b69757d84efa9cc2fb8410,data/raw/ptm45_hp_vds_0p05v_raw.txt
PTM,NMOS,45,HP,1.0,0.045,25.0,0.05,0.6300000000000006,0.0001254486303021,low_vds,low_drain_bias,1.0,simulation,ngspice,c9ed2e513523c57a76912a35b2860cb85e4aaa3402b69757d84efa9cc2fb8410,data/raw/ptm45_hp_vds_0p05v_raw.txt
PTM,NMOS,45,HP,1.0,0.045,25.0,0.05,0.6350000000000006,0.000127722564325,low_vds,low_drain_bias,1.0,simulation,ngspice,c9ed2e513523c57a76912a35b2860cb85e4aaa3402b69757d84efa9cc2fb8410,data/raw/ptm45_hp_vds_0p05v_raw.txt
PTM,NMOS,45,HP,1.0,0.045,25.0,0.05,0.6400000000000006,0.0001299448854531,low_vds,low_drain_bias,1.0,simulation,ngspice,c9ed2e513523c57a76912a35b2860cb85e4aaa3402b69757d84efa9cc2fb8410,data/raw/ptm45_hp_vds_0p05v_raw.txt
PTM,NMOS,45,HP,1.0,0.045,25.0,0.05,0.6450000000000006,0.0001321161682595,low_vds,low_drain_bias,1.0,simulation,ngspice,c9ed2e513523c57a76912a35b2860cb85e4aaa3402b69757d84efa9cc2fb8410,data/raw/ptm45_hp_vds_0p05v_raw.txt
PTM,NMOS,45,HP,1.0,0.045,25.0,0.05,0.6500000000000006,0.0001342370943695,low_vds,low_drain_bias,1.0,simulation,ngspice,c9ed2e513523c57a76912a35b2860cb85e4aaa3402b69757d84efa9cc2fb8410,data/raw/ptm45_hp_vds_0p05v_raw.txt
PTM,NMOS,45,HP,1.0,0.045,25.0,0.05,0.6550000000000006,0.0001363084358128,low_vds,low_drain_bias,1.0,simulation,ngspice,c9ed2e513523c57a76912a35b2860cb85e4aaa3402b69757d84efa9cc2fb8410,data/raw/ptm45_hp_vds_0p05v_raw.txt
PTM,NMOS,45,HP,1.0,0.045,25.0,0.05,0.6600000000000006,0.0001383310399551,low_vds,low_drain_bias,1.0,simulation,ngspice,c9ed2e513523c57a76912a35b2860cb85e4aaa3402b69757d84efa9cc2fb8410,data/raw/ptm45_hp_vds_0p05v_raw.txt
PTM,NMOS,45,HP,1.0,0.045,25.0,0.05,0.6650000000000006,0.0001403058159329,low_vds,low_drain_bias,1.0,simulation,ngspice,c9ed2e513523c57a76912a35b2860cb85e4aaa3402b69757d84efa9cc2fb8410,data/raw/ptm45_hp_vds_0p05v_raw.txt
PTM,NMOS,45,HP,1.0,0.045,25.0,0.05,0.6700000000000006,0.0001422337225068,low_vds,low_drain_bias,1.0,simulation,ngspice,c9ed2e513523c57a76912a35b2860cb85e4aaa3402b69757d84efa9cc2fb8410,data/raw/ptm45_hp_vds_0p05v_raw.txt
PTM,NMOS,45,HP,1.0,0.045,25.0,0.05,0.6750000000000006,0.0001441157572407,low_vds,low_drain_bias,1.0,simulation,ngspice,c9ed2e513523c57a76912a35b2860cb85e4aaa3402b69757d84efa9cc2fb8410,data/raw/ptm45_hp_vds_0p05v_raw.txt
PTM,NMOS,45,HP,1.0,0.045,25.0,0.05,0.6800000000000006,0.0001459529469116,low_vds,low_drain_bias,1.0,simulation,ngspice,c9ed2e513523c57a76912a35b2860cb85e4aaa3402b69757d84efa9cc2fb8410,data/raw/ptm45_hp_vds_0p05v_raw.txt
PTM,NMOS,45,HP,1.0,0.045,25.0,0.05,0.6850000000000006,0.0001477463390537,low_vds,low_drain_bias,1.0,simulation,ngspice,c9ed2e513523c57a76912a35b2860cb85e4aaa3402b69757d84efa9cc2fb8410,data/raw/ptm45_hp_vds_0p05v_raw.txt
PTM,NMOS,45,HP,1.0,0.045,25.0,0.05,0.6900000000000006,0.0001494969945427,low_vds,low_drain_bias,1.0,simulation,ngspice,c9ed2e513523c57a76912a35b2860cb85e4aaa3402b69757d84efa9cc2fb8410,data/raw/ptm45_hp_vds_0p05v_raw.txt
PTM,NMOS,45,HP,1.0,0.045,25.0,0.05,0.6950000000000006,0.0001512059811273,low_vds,low_drain_bias,1.0,simulation,ngspice,c9ed2e513523c57a76912a35b2860cb85e4aaa3402b69757d84efa9cc2fb8410,data/raw/ptm45_hp_vds_0p05v_raw.txt
PTM,NMOS,45,HP,1.0,0.045,25.0,0.05,0.7000000000000006,0.0001528743678206,low_vds,low_drain_bias,1.0,simulation,ngspice,c9ed2e513523c57a76912a35b2860cb85e4aaa3402b69757d84efa9cc2fb8410,data/raw/ptm45_hp_vds_0p05v_raw.txt
PTM,NMOS,45,HP,1.0,0.045,25.0,0.05,0.7050000000000006,0.0001545032200674,low_vds,low_drain_bias,1.0,simulation,ngspice,c9ed2e513523c57a76912a35b2860cb85e4aaa3402b69757d84efa9cc2fb8410,data/raw/ptm45_hp_vds_0p05v_raw.txt
PTM,NMOS,45,HP,1.0,0.045,25.0,0.05,0.7100000000000006,0.0001560935956096,low_vds,low_drain_bias,1.0,simulation,ngspice,c9ed2e513523c57a76912a35b2860cb85e4aaa3402b69757d84efa9cc2fb8410,data/raw/ptm45_hp_vds_0p05v_raw.txt
PTM,NMOS,45,HP,1.0,0.045,25.0,0.05,0.7150000000000006,0.0001576465409762,low_vds,low_drain_bias,1.0,simulation,ngspice,c9ed2e513523c57a76912a35b2860cb85e4aaa3402b69757d84efa9cc2fb8410,data/raw/ptm45_hp_vds_0p05v_raw.txt
PTM,NMOS,45,HP,1.0,0.045,25.0,0.05,0.7200000000000006,0.0001591630885297,low_vds,low_drain_bias,1.0,simulation,ngspice,c9ed2e513523c57a76912a35b2860cb85e4aaa3402b69757d84efa9cc2fb8410,data/raw/ptm45_hp_vds_0p05v_raw.txt
PTM,NMOS,45,HP,1.0,0.045,25.0,0.05,0.7250000000000006,0.000160644254009,low_vds,low_drain_bias,1.0,simulation,ngspice,c9ed2e513523c57a76912a35b2860cb85e4aaa3402b69757d84efa9cc2fb8410,data/raw/ptm45_hp_vds_0p05v_raw.txt
PTM,NMOS,45,HP,1.0,0.045,25.0,0.05,0.7300000000000006,0.0001620910345088,low_vds,low_drain_bias,1.0,simulation,ngspice,c9ed2e513523c57a76912a35b2860cb85e4aaa3402b69757d84efa9cc2fb8410,data/raw/ptm45_hp_vds_0p05v_raw.txt
PTM,NMOS,45,HP,1.0,0.045,25.0,0.05,0.7350000000000007,0.0001635044068468,low_vds,low_drain_bias,1.0,simulation,ngspice,c9ed2e513523c57a76912a35b2860cb85e4aaa3402b69757d84efa9cc2fb8410,data/raw/ptm45_hp_vds_0p05v_raw.txt
PTM,NMOS,45,HP,1.0,0.045,25.0,0.05,0.7400000000000007,0.0001648853262693,low_vds,low_drain_bias,1.0,simulation,ngspice,c9ed2e513523c57a76912a35b2860cb85e4aaa3402b69757d84efa9cc2fb8410,data/raw/ptm45_hp_vds_0p05v_raw.txt
PTM,NMOS,45,HP,1.0,0.045,25.0,0.05,0.7450000000000007,0.000166234725455,low_vds,low_drain_bias,1.0,simulation,ngspice,c9ed2e513523c57a76912a35b2860cb85e4aaa3402b69757d84efa9cc2fb8410,data/raw/ptm45_hp_vds_0p05v_raw.txt
PTM,NMOS,45,HP,1.0,0.045,25.0,0.05,0.7500000000000007,0.0001675535137764,low_vds,low_drain_bias,1.0,simulation,ngspice,c9ed2e513523c57a76912a35b2860cb85e4aaa3402b69757d84efa9cc2fb8410,data/raw/ptm45_hp_vds_0p05v_raw.txt
PTM,NMOS,45,HP,1.0,0.045,25.0,0.05,0.7550000000000007,0.0001688425767878,low_vds,low_drain_bias,1.0,simulation,ngspice,c9ed2e513523c57a76912a35b2860cb85e4aaa3402b69757d84efa9cc2fb8410,data/raw/ptm45_hp_vds_0p05v_raw.txt
PTM,NMOS,45,HP,1.0,0.045,25.0,0.05,0.7600000000000007,0.0001701027759056,low_vds,low_drain_bias,1.0,simulation,ngspice,c9ed2e513523c57a76912a35b2860cb85e4aaa3402b69757d84efa9cc2fb8410,data/raw/ptm45_hp_vds_0p05v_raw.txt
PTM,NMOS,45,HP,1.0,0.045,25.0,0.05,0.7650000000000007,0.0001713349482574,low_vds,low_drain_bias,1.0,simulation,ngspice,c9ed2e513523c57a76912a35b2860cb85e4aaa3402b69757d84efa9cc2fb8410,data/raw/ptm45_hp_vds_0p05v_raw.txt
PTM,NMOS,45,HP,1.0,0.045,25.0,0.05,0.7700000000000007,0.0001725399066726,low_vds,low_drain_bias,1.0,simulation,ngspice,c9ed2e513523c57a76912a35b2860cb85e4aaa3402b69757d84efa9cc2fb8410,data/raw/ptm45_hp_vds_0p05v_raw.txt
PTM,NMOS,45,HP,1.0,0.045,25.0,0.05,0.7750000000000007,0.0001737184397952,low_vds,low_drain_bias,1.0,simulation,ngspice,c9ed2e513523c57a76912a35b2860cb85e4aaa3402b69757d84efa9cc2fb8410,data/raw/ptm45_hp_vds_0p05v_raw.txt
PTM,NMOS,45,HP,1.0,0.045,25.0,0.05,0.7800000000000007,0.0001748713122985,low_vds,low_drain_bias,1.0,simulation,ngspice,c9ed2e513523c57a76912a35b2860cb85e4aaa3402b69757d84efa9cc2fb8410,data/raw/ptm45_hp_vds_0p05v_raw.txt
PTM,NMOS,45,HP,1.0,0.045,25.0,0.05,0.7850000000000007,0.0001759992651861,low_vds,low_drain_bias,1.0,simulation,ngspice,c9ed2e513523c57a76912a35b2860cb85e4aaa3402b69757d84efa9cc2fb8410,data/raw/ptm45_hp_vds_0p05v_raw.txt
PTM,NMOS,45,HP,1.0,0.045,25.0,0.05,0.7900000000000007,0.0001771030161635,low_vds,low_drain_bias,1.0,simulation,ngspice,c9ed2e513523c57a76912a35b2860cb85e4aaa3402b69757d84efa9cc2fb8410,data/raw/ptm45_hp_vds_0p05v_raw.txt
PTM,NMOS,45,HP,1.0,0.045,25.0,0.05,0.7950000000000007,0.000178183260068,low_vds,low_drain_bias,1.0,simulation,ngspice,c9ed2e513523c57a76912a35b2860cb85e4aaa3402b69757d84efa9cc2fb8410,data/raw/ptm45_hp_vds_0p05v_raw.txt
PTM,NMOS,45,HP,1.0,0.045,25.0,0.05,0.8000000000000007,0.0001792406693459,low_vds,low_drain_bias,1.0,simulation,ngspice,c9ed2e513523c57a76912a35b2860cb85e4aaa3402b69757d84efa9cc2fb8410,data/raw/ptm45_hp_vds_0p05v_raw.txt
PTM,NMOS,45,HP,1.0,0.045,25.0,0.05,0.8050000000000007,0.0001802758945665,low_vds,low_drain_bias,1.0,simulation,ngspice,c9ed2e513523c57a76912a35b2860cb85e4aaa3402b69757d84efa9cc2fb8410,data/raw/ptm45_hp_vds_0p05v_raw.txt
PTM,NMOS,45,HP,1.0,0.045,25.0,0.05,0.8100000000000007,0.0001812895649652,low_vds,low_drain_bias,1.0,simulation,ngspice,c9ed2e513523c57a76912a35b2860cb85e4aaa3402b69757d84efa9cc2fb8410,data/raw/ptm45_hp_vds_0p05v_raw.txt
PTM,NMOS,45,HP,1.0,0.045,25.0,0.05,0.8150000000000007,0.0001822822890075,low_vds,low_drain_bias,1.0,simulation,ngspice,c9ed2e513523c57a76912a35b2860cb85e4aaa3402b69757d84efa9cc2fb8410,data/raw/ptm45_hp_vds_0p05v_raw.txt
PTM,NMOS,45,HP,1.0,0.045,25.0,0.05,0.8200000000000007,0.0001832546549681,low_vds,low_drain_bias,1.0,simulation,ngspice,c9ed2e513523c57a76912a35b2860cb85e4aaa3402b69757d84efa9cc2fb8410,data/raw/ptm45_hp_vds_0p05v_raw.txt
PTM,NMOS,45,HP,1.0,0.045,25.0,0.05,0.8250000000000007,0.0001842072315204,low_vds,low_drain_bias,1.0,simulation,ngspice,c9ed2e513523c57a76912a35b2860cb85e4aaa3402b69757d84efa9cc2fb8410,data/raw/ptm45_hp_vds_0p05v_raw.txt
PTM,NMOS,45,HP,1.0,0.045,25.0,0.05,0.8300000000000007,0.0001851405683293,low_vds,low_drain_bias,1.0,simulation,ngspice,c9ed2e513523c57a76912a35b2860cb85e4aaa3402b69757d84efa9cc2fb8410,data/raw/ptm45_hp_vds_0p05v_raw.txt
PTM,NMOS,45,HP,1.0,0.045,25.0,0.05,0.8350000000000007,0.0001860551966466,low_vds,low_drain_bias,1.0,simulation,ngspice,c9ed2e513523c57a76912a35b2860cb85e4aaa3402b69757d84efa9cc2fb8410,data/raw/ptm45_hp_vds_0p05v_raw.txt
PTM,NMOS,45,HP,1.0,0.045,25.0,0.05,0.8400000000000007,0.0001869516299032,low_vds,low_drain_bias,1.0,simulation,ngspice,c9ed2e513523c57a76912a35b2860cb85e4aaa3402b69757d84efa9cc2fb8410,data/raw/ptm45_hp_vds_0p05v_raw.txt
PTM,NMOS,45,HP,1.0,0.045,25.0,0.05,0.8450000000000008,0.000187830364296,low_vds,low_drain_bias,1.0,simulation,ngspice,c9ed2e513523c57a76912a35b2860cb85e4aaa3402b69757d84efa9cc2fb8410,data/raw/ptm45_hp_vds_0p05v_raw.txt
PTM,NMOS,45,HP,1.0,0.045,25.0,0.05,0.8500000000000008,0.0001886918793676,low_vds,low_drain_bias,1.0,simulation,ngspice,c9ed2e513523c57a76912a35b2860cb85e4aaa3402b69757d84efa9cc2fb8410,data/raw/ptm45_hp_vds_0p05v_raw.txt
PTM,NMOS,45,HP,1.0,0.045,25.0,0.05,0.8550000000000008,0.0001895366385767,low_vds,low_drain_bias,1.0,simulation,ngspice,c9ed2e513523c57a76912a35b2860cb85e4aaa3402b69757d84efa9cc2fb8410,data/raw/ptm45_hp_vds_0p05v_raw.txt
PTM,NMOS,45,HP,1.0,0.045,25.0,0.05,0.8600000000000008,0.0001903650898572,low_vds,low_drain_bias,1.0,simulation,ngspice,c9ed2e513523c57a76912a35b2860cb85e4aaa3402b69757d84efa9cc2fb8410,data/raw/ptm45_hp_vds_0p05v_raw.txt
PTM,NMOS,45,HP,1.0,0.045,25.0,0.05,0.8650000000000008,0.000191177666165,low_vds,low_drain_bias,1.0,simulation,ngspice,c9ed2e513523c57a76912a35b2860cb85e4aaa3402b69757d84efa9cc2fb8410,data/raw/ptm45_hp_vds_0p05v_raw.txt
PTM,NMOS,45,HP,1.0,0.045,25.0,0.05,0.8700000000000008,0.0001919747860119,low_vds,low_drain_bias,1.0,simulation,ngspice,c9ed2e513523c57a76912a35b2860cb85e4aaa3402b69757d84efa9cc2fb8410,data/raw/ptm45_hp_vds_0p05v_raw.txt
PTM,NMOS,45,HP,1.0,0.045,25.0,0.05,0.8750000000000008,0.0001927568539848,low_vds,low_drain_bias,1.0,simulation,ngspice,c9ed2e513523c57a76912a35b2860cb85e4aaa3402b69757d84efa9cc2fb8410,data/raw/ptm45_hp_vds_0p05v_raw.txt
PTM,NMOS,45,HP,1.0,0.045,25.0,0.05,0.8800000000000008,0.0001935242612513,low_vds,low_drain_bias,1.0,simulation,ngspice,c9ed2e513523c57a76912a35b2860cb85e4aaa3402b69757d84efa9cc2fb8410,data/raw/ptm45_hp_vds_0p05v_raw.txt
PTM,NMOS,45,HP,1.0,0.045,25.0,0.05,0.8850000000000008,0.0001942773860497,low_vds,low_drain_bias,1.0,simulation,ngspice,c9ed2e513523c57a76912a35b2860cb85e4aaa3402b69757d84efa9cc2fb8410,data/raw/ptm45_hp_vds_0p05v_raw.txt
PTM,NMOS,45,HP,1.0,0.045,25.0,0.05,0.8900000000000008,0.0001950165941638,low_vds,low_drain_bias,1.0,simulation,ngspice,c9ed2e513523c57a76912a35b2860cb85e4aaa3402b69757d84efa9cc2fb8410,data/raw/ptm45_hp_vds_0p05v_raw.txt
PTM,NMOS,45,HP,1.0,0.045,25.0,0.05,0.8950000000000008,0.0001957422393825,low_vds,low_drain_bias,1.0,simulation,ngspice,c9ed2e513523c57a76912a35b2860cb85e4aaa3402b69757d84efa9cc2fb8410,data/raw/ptm45_hp_vds_0p05v_raw.txt
PTM,NMOS,45,HP,1.0,0.045,25.0,0.05,0.9000000000000008,0.0001964546639443,low_vds,low_drain_bias,1.0,simulation,ngspice,c9ed2e513523c57a76912a35b2860cb85e4aaa3402b69757d84efa9cc2fb8410,data/raw/ptm45_hp_vds_0p05v_raw.txt
PTM,NMOS,45,HP,1.0,0.045,25.0,0.05,0.9050000000000008,0.0001971541989664,low_vds,low_drain_bias,1.0,simulation,ngspice,c9ed2e513523c57a76912a35b2860cb85e4aaa3402b69757d84efa9cc2fb8410,data/raw/ptm45_hp_vds_0p05v_raw.txt
PTM,NMOS,45,HP,1.0,0.045,25.0,0.05,0.9100000000000008,0.0001978411648583,low_vds,low_drain_bias,1.0,simulation,ngspice,c9ed2e513523c57a76912a35b2860cb85e4aaa3402b69757d84efa9cc2fb8410,data/raw/ptm45_hp_vds_0p05v_raw.txt
PTM,NMOS,45,HP,1.0,0.045,25.0,0.05,0.9150000000000008,0.0001985158717215,low_vds,low_drain_bias,1.0,simulation,ngspice,c9ed2e513523c57a76912a35b2860cb85e4aaa3402b69757d84efa9cc2fb8410,data/raw/ptm45_hp_vds_0p05v_raw.txt
PTM,NMOS,45,HP,1.0,0.045,25.0,0.05,0.9200000000000008,0.0001991786197335,low_vds,low_drain_bias,1.0,simulation,ngspice,c9ed2e513523c57a76912a35b2860cb85e4aaa3402b69757d84efa9cc2fb8410,data/raw/ptm45_hp_vds_0p05v_raw.txt
PTM,NMOS,45,HP,1.0,0.045,25.0,0.05,0.9250000000000008,0.0001998296995181,low_vds,low_drain_bias,1.0,simulation,ngspice,c9ed2e513523c57a76912a35b2860cb85e4aaa3402b69757d84efa9cc2fb8410,data/raw/ptm45_hp_vds_0p05v_raw.txt
PTM,NMOS,45,HP,1.0,0.045,25.0,0.05,0.9300000000000008,0.000200469392502,low_vds,low_drain_bias,1.0,simulation,ngspice,c9ed2e513523c57a76912a35b2860cb85e4aaa3402b69757d84efa9cc2fb8410,data/raw/ptm45_hp_vds_0p05v_raw.txt
PTM,NMOS,45,HP,1.0,0.045,25.0,0.05,0.9350000000000008,0.000201097971257,low_vds,low_drain_bias,1.0,simulation,ngspice,c9ed2e513523c57a76912a35b2860cb85e4aaa3402b69757d84efa9cc2fb8410,data/raw/ptm45_hp_vds_0p05v_raw.txt
PTM,NMOS,45,HP,1.0,0.045,25.0,0.05,0.9400000000000008,0.0002017156998295,low_vds,low_drain_bias,1.0,simulation,ngspice,c9ed2e513523c57a76912a35b2860cb85e4aaa3402b69757d84efa9cc2fb8410,data/raw/ptm45_hp_vds_0p05v_raw.txt
PTM,NMOS,45,HP,1.0,0.045,25.0,0.05,0.9450000000000008,0.0002023228340571,low_vds,low_drain_bias,1.0,simulation,ngspice,c9ed2e513523c57a76912a35b2860cb85e4aaa3402b69757d84efa9cc2fb8410,data/raw/ptm45_hp_vds_0p05v_raw.txt
PTM,NMOS,45,HP,1.0,0.045,25.0,0.05,0.9500000000000008,0.000202919621873,low_vds,low_drain_bias,1.0,simulation,ngspice,c9ed2e513523c57a76912a35b2860cb85e4aaa3402b69757d84efa9cc2fb8410,data/raw/ptm45_hp_vds_0p05v_raw.txt
PTM,NMOS,45,HP,1.0,0.045,25.0,0.05,0.9550000000000008,0.0002035063035975,low_vds,low_drain_bias,1.0,simulation,ngspice,c9ed2e513523c57a76912a35b2860cb85e4aaa3402b69757d84efa9cc2fb8410,data/raw/ptm45_hp_vds_0p05v_raw.txt
PTM,NMOS,45,HP,1.0,0.045,25.0,0.05,0.9600000000000009,0.0002040831122193,low_vds,low_drain_bias,1.0,simulation,ngspice,c9ed2e513523c57a76912a35b2860cb85e4aaa3402b69757d84efa9cc2fb8410,data/raw/ptm45_hp_vds_0p05v_raw.txt
PTM,NMOS,45,HP,1.0,0.045,25.0,0.05,0.9650000000000007,0.0002046502736641,low_vds,low_drain_bias,1.0,simulation,ngspice,c9ed2e513523c57a76912a35b2860cb85e4aaa3402b69757d84efa9cc2fb8410,data/raw/ptm45_hp_vds_0p05v_raw.txt
PTM,NMOS,45,HP,1.0,0.045,25.0,0.05,0.9700000000000008,0.0002052080070535,low_vds,low_drain_bias,1.0,simulation,ngspice,c9ed2e513523c57a76912a35b2860cb85e4aaa3402b69757d84efa9cc2fb8410,data/raw/ptm45_hp_vds_0p05v_raw.txt
PTM,NMOS,45,HP,1.0,0.045,25.0,0.05,0.9750000000000008,0.0002057565249531,low_vds,low_drain_bias,1.0,simulation,ngspice,c9ed2e513523c57a76912a35b2860cb85e4aaa3402b69757d84efa9cc2fb8410,data/raw/ptm45_hp_vds_0p05v_raw.txt
PTM,NMOS,45,HP,1.0,0.045,25.0,0.05,0.9800000000000008,0.0002062960336106,low_vds,low_drain_bias,1.0,simulation,ngspice,c9ed2e513523c57a76912a35b2860cb85e4aaa3402b69757d84efa9cc2fb8410,data/raw/ptm45_hp_vds_0p05v_raw.txt
PTM,NMOS,45,HP,1.0,0.045,25.0,0.05,0.9850000000000008,0.0002068267331843,low_vds,low_drain_bias,1.0,simulation,ngspice,c9ed2e513523c57a76912a35b2860cb85e4aaa3402b69757d84efa9cc2fb8410,data/raw/ptm45_hp_vds_0p05v_raw.txt
PTM,NMOS,45,HP,1.0,0.045,25.0,0.05,0.9900000000000008,0.0002073488179621,low_vds,low_drain_bias,1.0,simulation,ngspice,c9ed2e513523c57a76912a35b2860cb85e4aaa3402b69757d84efa9cc2fb8410,data/raw/ptm45_hp_vds_0p05v_raw.txt
PTM,NMOS,45,HP,1.0,0.045,25.0,0.05,0.9950000000000008,0.0002078624765726,low_vds,low_drain_bias,1.0,simulation,ngspice,c9ed2e513523c57a76912a35b2860cb85e4aaa3402b69757d84efa9cc2fb8410,data/raw/ptm45_hp_vds_0p05v_raw.txt
PTM,NMOS,45,HP,1.0,0.045,25.0,0.05,1.000000000000001,0.0002083678921864,low_vds,low_drain_bias,1.0,simulation,ngspice,c9ed2e513523c57a76912a35b2860cb85e4aaa3402b69757d84efa9cc2fb8410,data/raw/ptm45_hp_vds_0p05v_raw.txt
PTM,NMOS,45,HP,1.0,0.045,25.0,1.0,-0.2,5.063629809557701e-10,nominal_vdd,model_nominal_vdd,1.0,simulation,ngspice,c9ed2e513523c57a76912a35b2860cb85e4aaa3402b69757d84efa9cc2fb8410,data/raw/ptm45_hp_vds_1v_raw.txt
PTM,NMOS,45,HP,1.0,0.045,25.0,1.0,-0.195,4.990261912616486e-10,nominal_vdd,model_nominal_vdd,1.0,simulation,ngspice,c9ed2e513523c57a76912a35b2860cb85e4aaa3402b69757d84efa9cc2fb8410,data/raw/ptm45_hp_vds_1v_raw.txt
PTM,NMOS,45,HP,1.0,0.045,25.0,1.0,-0.19,4.9668355471382e-10,nominal_vdd,model_nominal_vdd,1.0,simulation,ngspice,c9ed2e513523c57a76912a35b2860cb85e4aaa3402b69757d84efa9cc2fb8410,data/raw/ptm45_hp_vds_1v_raw.txt
PTM,NMOS,45,HP,1.0,0.045,25.0,1.0,-0.185,4.990330642746987e-10,nominal_vdd,model_nominal_vdd,1.0,simulation,ngspice,c9ed2e513523c57a76912a35b2860cb85e4aaa3402b69757d84efa9cc2fb8410,data/raw/ptm45_hp_vds_1v_raw.txt
PTM,NMOS,45,HP,1.0,0.045,25.0,1.0,-0.18,5.05913562123524e-10,nominal_vdd,model_nominal_vdd,1.0,simulation,ngspice,c9ed2e513523c57a76912a35b2860cb85e4aaa3402b69757d84efa9cc2fb8410,data/raw/ptm45_hp_vds_1v_raw.txt
PTM,NMOS,45,HP,1.0,0.045,25.0,1.0,-0.175,5.172951347963915e-10,nominal_vdd,model_nominal_vdd,1.0,simulation,ngspice,c9ed2e513523c57a76912a35b2860cb85e4aaa3402b69757d84efa9cc2fb8410,data/raw/ptm45_hp_vds_1v_raw.txt
PTM,NMOS,45,HP,1.0,0.045,25.0,1.0,-0.17,5.33272245024237e-10,nominal_vdd,model_nominal_vdd,1.0,simulation,ngspice,c9ed2e513523c57a76912a35b2860cb85e4aaa3402b69757d84efa9cc2fb8410,data/raw/ptm45_hp_vds_1v_raw.txt
PTM,NMOS,45,HP,1.0,0.045,25.0,1.0,-0.165,5.540595432906032e-10,nominal_vdd,model_nominal_vdd,1.0,simulation,ngspice,c9ed2e513523c57a76912a35b2860cb85e4aaa3402b69757d84efa9cc2fb8410,data/raw/ptm45_hp_vds_1v_raw.txt
PTM,NMOS,45,HP,1.0,0.045,25.0,1.0,-0.16,5.799903253714522e-10,nominal_vdd,model_nominal_vdd,1.0,simulation,ngspice,c9ed2e513523c57a76912a35b2860cb85e4aaa3402b69757d84efa9cc2fb8410,data/raw/ptm45_hp_vds_1v_raw.txt
PTM,NMOS,45,HP,1.0,0.045,25.0,1.0,-0.155,6.11517628490725e-10,nominal_vdd,model_nominal_vdd,1.0,simulation,ngspice,c9ed2e513523c57a76912a35b2860cb85e4aaa3402b69757d84efa9cc2fb8410,data/raw/ptm45_hp_vds_1v_raw.txt
PTM,NMOS,45,HP,1.0,0.045,25.0,1.0,-0.15,6.492179884146697e-10,nominal_vdd,model_nominal_vdd,1.0,simulation,ngspice,c9ed2e513523c57a76912a35b2860cb85e4aaa3402b69757d84efa9cc2fb8410,data/raw/ptm45_hp_vds_1v_raw.txt
PTM,NMOS,45,HP,1.0,0.045,25.0,1.0,-0.145,6.93797913027349e-10,nominal_vdd,model_nominal_vdd,1.0,simulation,ngspice,c9ed2e513523c57a76912a35b2860cb85e4aaa3402b69757d84efa9cc2fb8410,data/raw/ptm45_hp_vds_1v_raw.txt
PTM,NMOS,45,HP,1.0,0.045,25.0,1.0,-0.14,7.461031649478636e-10,nominal_vdd,model_nominal_vdd,1.0,simulation,ngspice,c9ed2e513523c57a76912a35b2860cb85e4aaa3402b69757d84efa9cc2fb8410,data/raw/ptm45_hp_vds_1v_raw.txt
PTM,NMOS,45,HP,1.0,0.045,25.0,1.0,-0.135,8.071309868639366e-10,nominal_vdd,model_nominal_vdd,1.0,simulation,ngspice,c9ed2e513523c57a76912a35b2860cb85e4aaa3402b69757d84efa9cc2fb8410,data/raw/ptm45_hp_vds_1v_raw.txt
PTM,NMOS,45,HP,1.0,0.045,25.0,1.0,-0.1299999999999999,8.78045448843836e-10,nominal_vdd,model_nominal_vdd,1.0,simulation,ngspice,c9ed2e513523c57a76912a35b2860cb85e4aaa3402b69757d84efa9cc2fb8410,data/raw/ptm45_hp_vds_1v_raw.txt
PTM,NMOS,45,HP,1.0,0.045,25.0,1.0,-0.1249999999999999,9.601961473783615e-10,nominal_vdd,model_nominal_vdd,1.0,simulation,ngspice,c9ed2e513523c57a76912a35b2860cb85e4aaa3402b69757d84efa9cc2fb8410,data/raw/ptm45_hp_vds_1v_raw.txt
PTM,NMOS,45,HP,1.0,0.045,25.0,1.0,-0.1199999999999999,1.055140541806699e-09,nominal_vdd,model_nominal_vdd,1.0,simulation,ngspice,c9ed2e513523c57a76912a35b2860cb85e4aaa3402b69757d84efa9cc2fb8410,data/raw/ptm45_hp_vds_1v_raw.txt
PTM,NMOS,45,HP,1.0,0.045,25.0,1.0,-0.1149999999999999,1.16467027569472e-09,nominal_vdd,model_nominal_vdd,1.0,simulation,ngspice,c9ed2e513523c57a76912a35b2860cb85e4aaa3402b69757d84efa9cc2fb8410,data/raw/ptm45_hp_vds_1v_raw.txt
PTM,NMOS,45,HP,1.0,0.045,25.0,1.0,-0.1099999999999999,1.290841899359029e-09,nominal_vdd,model_nominal_vdd,1.0,simulation,ngspice,c9ed2e513523c57a76912a35b2860cb85e4aaa3402b69757d84efa9cc2fb8410,data/raw/ptm45_hp_vds_1v_raw.txt
PTM,NMOS,45,HP,1.0,0.045,25.0,1.0,-0.1049999999999999,1.436012485864877e-09,nominal_vdd,model_nominal_vdd,1.0,simulation,ngspice,c9ed2e513523c57a76912a35b2860cb85e4aaa3402b69757d84efa9cc2fb8410,data/raw/ptm45_hp_vds_1v_raw.txt
PTM,NMOS,45,HP,1.0,0.045,25.0,1.0,-0.0999999999999999,1.602880717400002e-09,nominal_vdd,model_nominal_vdd,1.0,simulation,ngspice,c9ed2e513523c57a76912a35b2860cb85e4aaa3402b69757d84efa9cc2fb8410,data/raw/ptm45_hp_vds_1v_raw.txt
PTM,NMOS,45,HP,1.0,0.045,25.0,1.0,-0.0949999999999999,1.7945341129954902e-09,nominal_vdd,model_nominal_vdd,1.0,simulation,ngspice,c9ed2e513523c57a76912a35b2860cb85e4aaa3402b69757d84efa9cc2fb8410,data/raw/ptm45_hp_vds_1v_raw.txt
PTM,NMOS,45,HP,1.0,0.045,25.0,1.0,-0.0899999999999999,2.014503173327516e-09,nominal_vdd,model_nominal_vdd,1.0,simulation,ngspice,c9ed2e513523c57a76912a35b2860cb85e4aaa3402b69757d84efa9cc2fb8410,data/raw/ptm45_hp_vds_1v_raw.txt
PTM,NMOS,45,HP,1.0,0.045,25.0,1.0,-0.0849999999999999,2.266823335139018e-09,nominal_vdd,model_nominal_vdd,1.0,simulation,ngspice,c9ed2e513523c57a76912a35b2860cb85e4aaa3402b69757d84efa9cc2fb8410,data/raw/ptm45_hp_vds_1v_raw.txt
PTM,NMOS,45,HP,1.0,0.045,25.0,1.0,-0.0799999999999999,2.556105758202359e-09,nominal_vdd,model_nominal_vdd,1.0,simulation,ngspice,c9ed2e513523c57a76912a35b2860cb85e4aaa3402b69757d84efa9cc2fb8410,data/raw/ptm45_hp_vds_1v_raw.txt
PTM,NMOS,45,HP,1.0,0.045,25.0,1.0,-0.0749999999999999,2.887618113375948e-09,nominal_vdd,model_nominal_vdd,1.0,simulation,ngspice,c9ed2e513523c57a76912a35b2860cb85e4aaa3402b69757d84efa9cc2fb8410,data/raw/ptm45_hp_vds_1v_raw.txt
PTM,NMOS,45,HP,1.0,0.045,25.0,1.0,-0.0699999999999999,3.267376703094192e-09,nominal_vdd,model_nominal_vdd,1.0,simulation,ngspice,c9ed2e513523c57a76912a35b2860cb85e4aaa3402b69757d84efa9cc2fb8410,data/raw/ptm45_hp_vds_1v_raw.txt
PTM,NMOS,45,HP,1.0,0.045,25.0,1.0,-0.0649999999999998,3.702251427628463e-09,nominal_vdd,model_nominal_vdd,1.0,simulation,ngspice,c9ed2e513523c57a76912a35b2860cb85e4aaa3402b69757d84efa9cc2fb8410,data/raw/ptm45_hp_vds_1v_raw.txt
PTM,NMOS,45,HP,1.0,0.045,25.0,1.0,-0.0599999999999998,4.20008531395974e-09,nominal_vdd,model_nominal_vdd,1.0,simulation,ngspice,c9ed2e513523c57a76912a35b2860cb85e4aaa3402b69757d84efa9cc2fb8410,data/raw/ptm45_hp_vds_1v_raw.txt
PTM,NMOS,45,HP,1.0,0.045,25.0,1.0,-0.0549999999999999,4.7698305515960835e-09,nominal_vdd,model_nominal_vdd,1.0,simulation,ngspice,c9ed2e513523c57a76912a35b2860cb85e4aaa3402b69757d84efa9cc2fb8410,data/raw/ptm45_hp_vds_1v_raw.txt
PTM,NMOS,45,HP,1.0,0.045,25.0,1.0,-0.0499999999999999,5.421703233852641e-09,nominal_vdd,model_nominal_vdd,1.0,simulation,ngspice,c9ed2e513523c57a76912a35b2860cb85e4aaa3402b69757d84efa9cc2fb8410,data/raw/ptm45_hp_vds_1v_raw.txt
PTM,NMOS,45,HP,1.0,0.045,25.0,1.0,-0.0449999999999999,6.167359286893276e-09,nominal_vdd,model_nominal_vdd,1.0,simulation,ngspice,c9ed2e513523c57a76912a35b2860cb85e4aaa3402b69757d84efa9cc2fb8410,data/raw/ptm45_hp_vds_1v_raw.txt
PTM,NMOS,45,HP,1.0,0.045,25.0,1.0,-0.0399999999999999,7.0200943853620204e-09,nominal_vdd,model_nominal_vdd,1.0,simulation,ngspice,c9ed2e513523c57a76912a35b2860cb85e4aaa3402b69757d84efa9cc2fb8410,data/raw/ptm45_hp_vds_1v_raw.txt
PTM,NMOS,45,HP,1.0,0.045,25.0,1.0,-0.0349999999999999,7.995071005998663e-09,nominal_vdd,model_nominal_vdd,1.0,simulation,ngspice,c9ed2e513523c57a76912a35b2860cb85e4aaa3402b69757d84efa9cc2fb8410,data/raw/ptm45_hp_vds_1v_raw.txt
PTM,NMOS,45,HP,1.0,0.045,25.0,1.0,-0.0299999999999999,9.109576162781833e-09,nominal_vdd,model_nominal_vdd,1.0,simulation,ngspice,c9ed2e513523c57a76912a35b2860cb85e4aaa3402b69757d84efa9cc2fb8410,data/raw/ptm45_hp_vds_1v_raw.txt
PTM,NMOS,45,HP,1.0,0.045,25.0,1.0,-0.0249999999999999,1.0383313802526422e-08,nominal_vdd,model_nominal_vdd,1.0,simulation,ngspice,c9ed2e513523c57a76912a35b2860cb85e4aaa3402b69757d84efa9cc2fb8410,data/raw/ptm45_hp_vds_1v_raw.txt
PTM,NMOS,45,HP,1.0,0.045,25.0,1.0,-0.0199999999999999,1.1838736322293511e-08,nominal_vdd,model_nominal_vdd,1.0,simulation,ngspice,c9ed2e513523c57a76912a35b2860cb85e4aaa3402b69757d84efa9cc2fb8410,data/raw/ptm45_hp_vds_1v_raw.txt
PTM,NMOS,45,HP,1.0,0.045,25.0,1.0,-0.0149999999999999,1.3501420203353691e-08,nominal_vdd,model_nominal_vdd,1.0,simulation,ngspice,c9ed2e513523c57a76912a35b2860cb85e4aaa3402b69757d84efa9cc2fb8410,data/raw/ptm45_hp_vds_1v_raw.txt
PTM,NMOS,45,HP,1.0,0.045,25.0,1.0,-0.0099999999999999,1.5400491344679292e-08,nominal_vdd,model_nominal_vdd,1.0,simulation,ngspice,c9ed2e513523c57a76912a35b2860cb85e4aaa3402b69757d84efa9cc2fb8410,data/raw/ptm45_hp_vds_1v_raw.txt
PTM,NMOS,45,HP,1.0,0.045,25.0,1.0,-0.0049999999999999,1.7569106325909142e-08,nominal_vdd,model_nominal_vdd,1.0,simulation,ngspice,c9ed2e513523c57a76912a35b2860cb85e4aaa3402b69757d84efa9cc2fb8410,data/raw/ptm45_hp_vds_1v_raw.txt
PTM,NMOS,45,HP,1.0,0.045,25.0,1.0,9.887923813067799e-17,2.0044996539171842e-08,nominal_vdd,model_nominal_vdd,1.0,simulation,ngspice,c9ed2e513523c57a76912a35b2860cb85e4aaa3402b69757d84efa9cc2fb8410,data/raw/ptm45_hp_vds_1v_raw.txt
PTM,NMOS,45,HP,1.0,0.045,25.0,1.0,0.005,2.287108290455236e-08,nominal_vdd,model_nominal_vdd,1.0,simulation,ngspice,c9ed2e513523c57a76912a35b2860cb85e4aaa3402b69757d84efa9cc2fb8410,data/raw/ptm45_hp_vds_1v_raw.txt
PTM,NMOS,45,HP,1.0,0.045,25.0,1.0,0.0100000000000001,2.6096169728378883e-08,nominal_vdd,model_nominal_vdd,1.0,simulation,ngspice,c9ed2e513523c57a76912a35b2860cb85e4aaa3402b69757d84efa9cc2fb8410,data/raw/ptm45_hp_vds_1v_raw.txt
PTM,NMOS,45,HP,1.0,0.045,25.0,1.0,0.0150000000000001,2.9775727179494693e-08,nominal_vdd,model_nominal_vdd,1.0,simulation,ngspice,c9ed2e513523c57a76912a35b2860cb85e4aaa3402b69757d84efa9cc2fb8410,data/raw/ptm45_hp_vds_1v_raw.txt
PTM,NMOS,45,HP,1.0,0.045,25.0,1.0,0.0200000000000001,3.397277284792525e-08,nominal_vdd,model_nominal_vdd,1.0,simulation,ngspice,c9ed2e513523c57a76912a35b2860cb85e4aaa3402b69757d84efa9cc2fb8410,data/raw/ptm45_hp_vds_1v_raw.txt
PTM,NMOS,45,HP,1.0,0.045,25.0,1.0,0.0250000000000001,3.8758863913740275e-08,nominal_vdd,model_nominal_vdd,1.0,simulation,ngspice,c9ed2e513523c57a76912a35b2860cb85e4aaa3402b69757d84efa9cc2fb8410,data/raw/ptm45_hp_vds_1v_raw.txt
PTM,NMOS,45,HP,1.0,0.045,25.0,1.0,0.0300000000000001,4.4215212590877827e-08,nominal_vdd,model_nominal_vdd,1.0,simulation,ngspice,c9ed2e513523c57a76912a35b2860cb85e4aaa3402b69757d84efa9cc2fb8410,data/raw/ptm45_hp_vds_1v_raw.txt
PTM,NMOS,45,HP,1.0,0.045,25.0,1.0,0.0350000000000001,5.043393871940648e-08,nominal_vdd,model_nominal_vdd,1.0,simulation,ngspice,c9ed2e513523c57a76912a35b2860cb85e4aaa3402b69757d84efa9cc2fb8410,data/raw/ptm45_hp_vds_1v_raw.txt
PTM,NMOS,45,HP,1.0,0.045,25.0,1.0,0.0400000000000001,5.751947465615888e-08,nominal_vdd,model_nominal_vdd,1.0,simulation,ngspice,c9ed2e513523c57a76912a35b2860cb85e4aaa3402b69757d84efa9cc2fb8410,data/raw/ptm45_hp_vds_1v_raw.txt
PTM,NMOS,45,HP,1.0,0.045,25.0,1.0,0.0450000000000001,6.559013895214705e-08,nominal_vdd,model_nominal_vdd,1.0,simulation,ngspice,c9ed2e513523c57a76912a35b2860cb85e4aaa3402b69757d84efa9cc2fb8410,data/raw/ptm45_hp_vds_1v_raw.txt
PTM,NMOS,45,HP,1.0,0.045,25.0,1.0,0.05,7.477989669704965e-08,nominal_vdd,model_nominal_vdd,1.0,simulation,ngspice,c9ed2e513523c57a76912a35b2860cb85e4aaa3402b69757d84efa9cc2fb8410,data/raw/ptm45_hp_vds_1v_raw.txt
PTM,NMOS,45,HP,1.0,0.045,25.0,1.0,0.055,8.524032584503317e-08,nominal_vdd,model_nominal_vdd,1.0,simulation,ngspice,c9ed2e513523c57a76912a35b2860cb85e4aaa3402b69757d84efa9cc2fb8410,data/raw/ptm45_hp_vds_1v_raw.txt
PTM,NMOS,45,HP,1.0,0.045,25.0,1.0,0.06,9.714281029803717e-08,nominal_vdd,model_nominal_vdd,1.0,simulation,ngspice,c9ed2e513523c57a76912a35b2860cb85e4aaa3402b69757d84efa9cc2fb8410,data/raw/ptm45_hp_vds_1v_raw.txt
PTM,NMOS,45,HP,1.0,0.045,25.0,1.0,0.065,1.106809819940524e-07,nominal_vdd,model_nominal_vdd,1.0,simulation,ngspice,c9ed2e513523c57a76912a35b2860cb85e4aaa3402b69757d84efa9cc2fb8410,data/raw/ptm45_hp_vds_1v_raw.txt
PTM,NMOS,45,HP,1.0,0.045,25.0,1.0,0.07,1.260734357078407e-07,nominal_vdd,model_nominal_vdd,1.0,simulation,ngspice,c9ed2e513523c57a76912a35b2860cb85e4aaa3402b69757d84efa9cc2fb8410,data/raw/ptm45_hp_vds_1v_raw.txt
PTM,NMOS,45,HP,1.0,0.045,25.0,1.0,0.0750000000000001,1.435667416938999e-07,nominal_vdd,model_nominal_vdd,1.0,simulation,ngspice,c9ed2e513523c57a76912a35b2860cb85e4aaa3402b69757d84efa9cc2fb8410,data/raw/ptm45_hp_vds_1v_raw.txt
PTM,NMOS,45,HP,1.0,0.045,25.0,1.0,0.0800000000000001,1.634387826574535e-07,nominal_vdd,model_nominal_vdd,1.0,simulation,ngspice,c9ed2e513523c57a76912a35b2860cb85e4aaa3402b69757d84efa9cc2fb8410,data/raw/ptm45_hp_vds_1v_raw.txt
PTM,NMOS,45,HP,1.0,0.045,25.0,1.0,0.0850000000000001,1.860024427952476e-07,nominal_vdd,model_nominal_vdd,1.0,simulation,ngspice,c9ed2e513523c57a76912a35b2860cb85e4aaa3402b69757d84efa9cc2fb8410,data/raw/ptm45_hp_vds_1v_raw.txt
PTM,NMOS,45,HP,1.0,0.045,25.0,1.0,0.0900000000000001,2.116096777673938e-07,nominal_vdd,model_nominal_vdd,1.0,simulation,ngspice,c9ed2e513523c57a76912a35b2860cb85e4aaa3402b69757d84efa9cc2fb8410,data/raw/ptm45_hp_vds_1v_raw.txt
PTM,NMOS,45,HP,1.0,0.045,25.0,1.0,0.0950000000000001,2.406559954042008e-07,nominal_vdd,model_nominal_vdd,1.0,simulation,ngspice,c9ed2e513523c57a76912a35b2860cb85e4aaa3402b69757d84efa9cc2fb8410,data/raw/ptm45_hp_vds_1v_raw.txt
PTM,NMOS,45,HP,1.0,0.045,25.0,1.0,0.1000000000000001,2.735853776753727e-07,nominal_vdd,model_nominal_vdd,1.0,simulation,ngspice,c9ed2e513523c57a76912a35b2860cb85e4aaa3402b69757d84efa9cc2fb8410,data/raw/ptm45_hp_vds_1v_raw.txt
PTM,NMOS,45,HP,1.0,0.045,25.0,1.0,0.1050000000000001,3.108956749076387e-07,nominal_vdd,model_nominal_vdd,1.0,simulation,ngspice,c9ed2e513523c57a76912a35b2860cb85e4aaa3402b69757d84efa9cc2fb8410,data/raw/ptm45_hp_vds_1v_raw.txt
PTM,NMOS,45,HP,1.0,0.045,25.0,1.0,0.1100000000000001,3.531445033858148e-07,nominal_vdd,model_nominal_vdd,1.0,simulation,ngspice,c9ed2e513523c57a76912a35b2860cb85e4aaa3402b69757d84efa9cc2fb8410,data/raw/ptm45_hp_vds_1v_raw.txt
PTM,NMOS,45,HP,1.0,0.045,25.0,1.0,0.1150000000000001,4.009556772627965e-07,nominal_vdd,model_nominal_vdd,1.0,simulation,ngspice,c9ed2e513523c57a76912a35b2860cb85e4aaa3402b69757d84efa9cc2fb8410,data/raw/ptm45_hp_vds_1v_raw.txt
PTM,NMOS,45,HP,1.0,0.045,25.0,1.0,0.1200000000000001,4.550262050904381e-07,nominal_vdd,model_nominal_vdd,1.0,simulation,ngspice,c9ed2e513523c57a76912a35b2860cb85e4aaa3402b69757d84efa9cc2fb8410,data/raw/ptm45_hp_vds_1v_raw.txt
PTM,NMOS,45,HP,1.0,0.045,25.0,1.0,0.1250000000000001,5.161338802160976e-07,nominal_vdd,model_nominal_vdd,1.0,simulation,ngspice,c9ed2e513523c57a76912a35b2860cb85e4aaa3402b69757d84efa9cc2fb8410,data/raw/ptm45_hp_vds_1v_raw.txt
PTM,NMOS,45,HP,1.0,0.045,25.0,1.0,0.1300000000000001,5.851454927207171e-07,nominal_vdd,model_nominal_vdd,1.0,simulation,ngspice,c9ed2e513523c57a76912a35b2860cb85e4aaa3402b69757d84efa9cc2fb8410,data/raw/ptm45_hp_vds_1v_raw.txt
PTM,NMOS,45,HP,1.0,0.045,25.0,1.0,0.1350000000000001,6.630256884499344e-07,nominal_vdd,model_nominal_vdd,1.0,simulation,ngspice,c9ed2e513523c57a76912a35b2860cb85e4aaa3402b69757d84efa9cc2fb8410,data/raw/ptm45_hp_vds_1v_raw.txt
PTM,NMOS,45,HP,1.0,0.045,25.0,1.0,0.1400000000000002,7.508464979502032e-07,nominal_vdd,model_nominal_vdd,1.0,simulation,ngspice,c9ed2e513523c57a76912a35b2860cb85e4aaa3402b69757d84efa9cc2fb8410,data/raw/ptm45_hp_vds_1v_raw.txt
PTM,NMOS,45,HP,1.0,0.045,25.0,1.0,0.1450000000000002,8.497975546936707e-07,nominal_vdd,model_nominal_vdd,1.0,simulation,ngspice,c9ed2e513523c57a76912a35b2860cb85e4aaa3402b69757d84efa9cc2fb8410,data/raw/ptm45_hp_vds_1v_raw.txt
PTM,NMOS,45,HP,1.0,0.045,25.0,1.0,0.1500000000000002,9.611970177636994e-07,nominal_vdd,model_nominal_vdd,1.0,simulation,ngspice,c9ed2e513523c57a76912a35b2860cb85e4aaa3402b69757d84efa9cc2fb8410,data/raw/ptm45_hp_vds_1v_raw.txt
PTM,NMOS,45,HP,1.0,0.045,25.0,1.0,0.1550000000000002,1.086503209050449e-06,nominal_vdd,model_nominal_vdd,1.0,simulation,ngspice,c9ed2e513523c57a76912a35b2860cb85e4aaa3402b69757d84efa9cc2fb8410,data/raw/ptm45_hp_vds_1v_raw.txt
PTM,NMOS,45,HP,1.0,0.045,25.0,1.0,0.1600000000000002,1.227326968797892e-06,nominal_vdd,model_nominal_vdd,1.0,simulation,ngspice,c9ed2e513523c57a76912a35b2860cb85e4aaa3402b69757d84efa9cc2fb8410,data/raw/ptm45_hp_vds_1v_raw.txt
PTM,NMOS,45,HP,1.0,0.045,25.0,1.0,0.1650000000000002,1.385444725812803e-06,nominal_vdd,model_nominal_vdd,1.0,simulation,ngspice,c9ed2e513523c57a76912a35b2860cb85e4aaa3402b69757d84efa9cc2fb8410,data/raw/ptm45_hp_vds_1v_raw.txt
PTM,NMOS,45,HP,1.0,0.045,25.0,1.0,0.1700000000000002,1.562812269466721e-06,nominal_vdd,model_nominal_vdd,1.0,simulation,ngspice,c9ed2e513523c57a76912a35b2860cb85e4aaa3402b69757d84efa9cc2fb8410,data/raw/ptm45_hp_vds_1v_raw.txt
PTM,NMOS,45,HP,1.0,0.045,25.0,1.0,0.1750000000000002,1.761579199377998e-06,nominal_vdd,model_nominal_vdd,1.0,simulation,ngspice,c9ed2e513523c57a76912a35b2860cb85e4aaa3402b69757d84efa9cc2fb8410,data/raw/ptm45_hp_vds_1v_raw.txt
PTM,NMOS,45,HP,1.0,0.045,25.0,1.0,0.1800000000000002,1.984104014801174e-06,nominal_vdd,model_nominal_vdd,1.0,simulation,ngspice,c9ed2e513523c57a76912a35b2860cb85e4aaa3402b69757d84efa9cc2fb8410,data/raw/ptm45_hp_vds_1v_raw.txt
PTM,NMOS,45,HP,1.0,0.045,25.0,1.0,0.1850000000000002,2.232969788608805e-06,nominal_vdd,model_nominal_vdd,1.0,simulation,ngspice,c9ed2e513523c57a76912a35b2860cb85e4aaa3402b69757d84efa9cc2fb8410,data/raw/ptm45_hp_vds_1v_raw.txt
PTM,NMOS,45,HP,1.0,0.045,25.0,1.0,0.1900000000000002,2.511000349515585e-06,nominal_vdd,model_nominal_vdd,1.0,simulation,ngspice,c9ed2e513523c57a76912a35b2860cb85e4aaa3402b69757d84efa9cc2fb8410,data/raw/ptm45_hp_vds_1v_raw.txt
PTM,NMOS,45,HP,1.0,0.045,25.0,1.0,0.1950000000000002,2.821276869952502e-06,nominal_vdd,model_nominal_vdd,1.0,simulation,ngspice,c9ed2e513523c57a76912a35b2860cb85e4aaa3402b69757d84efa9cc2fb8410,data/raw/ptm45_hp_vds_1v_raw.txt
PTM,NMOS,45,HP,1.0,0.045,25.0,1.0,0.2000000000000002,3.167154724744083e-06,nominal_vdd,model_nominal_vdd,1.0,simulation,ngspice,c9ed2e513523c57a76912a35b2860cb85e4aaa3402b69757d84efa9cc2fb8410,data/raw/ptm45_hp_vds_1v_raw.txt
PTM,NMOS,45,HP,1.0,0.045,25.0,1.0,0.2050000000000002,3.552280446487783e-06,nominal_vdd,model_nominal_vdd,1.0,simulation,ngspice,c9ed2e513523c57a76912a35b2860cb85e4aaa3402b69757d84efa9cc2fb8410,data/raw/ptm45_hp_vds_1v_raw.txt
PTM,NMOS,45,HP,1.0,0.045,25.0,1.0,0.2100000000000002,3.980608556354552e-06,nominal_vdd,model_nominal_vdd,1.0,simulation,ngspice,c9ed2e513523c57a76912a35b2860cb85e4aaa3402b69757d84efa9cc2fb8410,data/raw/ptm45_hp_vds_1v_raw.txt
PTM,NMOS,45,HP,1.0,0.045,25.0,1.0,0.2150000000000002,4.456417993286887e-06,nominal_vdd,model_nominal_vdd,1.0,simulation,ngspice,c9ed2e513523c57a76912a35b2860cb85e4aaa3402b69757d84efa9cc2fb8410,data/raw/ptm45_hp_vds_1v_raw.txt
PTM,NMOS,45,HP,1.0,0.045,25.0,1.0,0.2200000000000002,4.984327800015662e-06,nominal_vdd,model_nominal_vdd,1.0,simulation,ngspice,c9ed2e513523c57a76912a35b2860cb85e4aaa3402b69757d84efa9cc2fb8410,data/raw/ptm45_hp_vds_1v_raw.txt
PTM,NMOS,45,HP,1.0,0.045,25.0,1.0,0.2250000000000002,5.569311651379144e-06,nominal_vdd,model_nominal_vdd,1.0,simulation,ngspice,c9ed2e513523c57a76912a35b2860cb85e4aaa3402b69757d84efa9cc2fb8410,data/raw/ptm45_hp_vds_1v_raw.txt
PTM,NMOS,45,HP,1.0,0.045,25.0,1.0,0.2300000000000002,6.21671073040775e-06,nominal_vdd,model_nominal_vdd,1.0,simulation,ngspice,c9ed2e513523c57a76912a35b2860cb85e4aaa3402b69757d84efa9cc2fb8410,data/raw/ptm45_hp_vds_1v_raw.txt
PTM,NMOS,45,HP,1.0,0.045,25.0,1.0,0.2350000000000002,6.932244372969345e-06,nominal_vdd,model_nominal_vdd,1.0,simulation,ngspice,c9ed2e513523c57a76912a35b2860cb85e4aaa3402b69757d84efa9cc2fb8410,data/raw/ptm45_hp_vds_1v_raw.txt
PTM,NMOS,45,HP,1.0,0.045,25.0,1.0,0.2400000000000002,7.722017816222098e-06,nominal_vdd,model_nominal_vdd,1.0,simulation,ngspice,c9ed2e513523c57a76912a35b2860cb85e4aaa3402b69757d84efa9cc2fb8410,data/raw/ptm45_hp_vds_1v_raw.txt
PTM,NMOS,45,HP,1.0,0.045,25.0,1.0,0.2450000000000002,8.59252630490707e-06,nominal_vdd,model_nominal_vdd,1.0,simulation,ngspice,c9ed2e513523c57a76912a35b2860cb85e4aaa3402b69757d84efa9cc2fb8410,data/raw/ptm45_hp_vds_1v_raw.txt
PTM,NMOS,45,HP,1.0,0.045,25.0,1.0,0.2500000000000002,9.55065473933994e-06,nominal_vdd,model_nominal_vdd,1.0,simulation,ngspice,c9ed2e513523c57a76912a35b2860cb85e4aaa3402b69757d84efa9cc2fb8410,data/raw/ptm45_hp_vds_1v_raw.txt
PTM,NMOS,45,HP,1.0,0.045,25.0,1.0,0.2550000000000002,1.060367199785062e-05,nominal_vdd,model_nominal_vdd,1.0,simulation,ngspice,c9ed2e513523c57a76912a35b2860cb85e4aaa3402b69757d84efa9cc2fb8410,data/raw/ptm45_hp_vds_1v_raw.txt
PTM,NMOS,45,HP,1.0,0.045,25.0,1.0,0.2600000000000002,1.175921904331462e-05,nominal_vdd,model_nominal_vdd,1.0,simulation,ngspice,c9ed2e513523c57a76912a35b2860cb85e4aaa3402b69757d84efa9cc2fb8410,data/raw/ptm45_hp_vds_1v_raw.txt
PTM,NMOS,45,HP,1.0,0.045,25.0,1.0,0.2650000000000002,1.302528993774698e-05,nominal_vdd,model_nominal_vdd,1.0,simulation,ngspice,c9ed2e513523c57a76912a35b2860cb85e4aaa3402b69757d84efa9cc2fb8410,data/raw/ptm45_hp_vds_1v_raw.txt
PTM,NMOS,45,HP,1.0,0.045,25.0,1.0,0.2700000000000002,1.441020494954635e-05,nominal_vdd,model_nominal_vdd,1.0,simulation,ngspice,c9ed2e513523c57a76912a35b2860cb85e4aaa3402b69757d84efa9cc2fb8410,data/raw/ptm45_hp_vds_1v_raw.txt
PTM,NMOS,45,HP,1.0,0.045,25.0,1.0,0.2750000000000002,1.592257505249413e-05,nominal_vdd,model_nominal_vdd,1.0,simulation,ngspice,c9ed2e513523c57a76912a35b2860cb85e4aaa3402b69757d84efa9cc2fb8410,data/raw/ptm45_hp_vds_1v_raw.txt
PTM,NMOS,45,HP,1.0,0.045,25.0,1.0,0.2800000000000002,1.757125728902393e-05,nominal_vdd,model_nominal_vdd,1.0,simulation,ngspice,c9ed2e513523c57a76912a35b2860cb85e4aaa3402b69757d84efa9cc2fb8410,data/raw/ptm45_hp_vds_1v_raw.txt
PTM,NMOS,45,HP,1.0,0.045,25.0,1.0,0.2850000000000003,1.936530070408136e-05,nominal_vdd,model_nominal_vdd,1.0,simulation,ngspice,c9ed2e513523c57a76912a35b2860cb85e4aaa3402b69757d84efa9cc2fb8410,data/raw/ptm45_hp_vds_1v_raw.txt
PTM,NMOS,45,HP,1.0,0.045,25.0,1.0,0.2900000000000003,2.131388284702994e-05,nominal_vdd,model_nominal_vdd,1.0,simulation,ngspice,c9ed2e513523c57a76912a35b2860cb85e4aaa3402b69757d84efa9cc2fb8410,data/raw/ptm45_hp_vds_1v_raw.txt
PTM,NMOS,45,HP,1.0,0.045,25.0,1.0,0.2950000000000003,2.342623717936441e-05,nominal_vdd,model_nominal_vdd,1.0,simulation,ngspice,c9ed2e513523c57a76912a35b2860cb85e4aaa3402b69757d84efa9cc2fb8410,data/raw/ptm45_hp_vds_1v_raw.txt
PTM,NMOS,45,HP,1.0,0.045,25.0,1.0,0.3000000000000003,2.571157210198044e-05,nominal_vdd,model_nominal_vdd,1.0,simulation,ngspice,c9ed2e513523c57a76912a35b2860cb85e4aaa3402b69757d84efa9cc2fb8410,data/raw/ptm45_hp_vds_1v_raw.txt
PTM,NMOS,45,HP,1.0,0.045,25.0,1.0,0.3050000000000003,2.817898270898211e-05,nominal_vdd,model_nominal_vdd,1.0,simulation,ngspice,c9ed2e513523c57a76912a35b2860cb85e4aaa3402b69757d84efa9cc2fb8410,data/raw/ptm45_hp_vds_1v_raw.txt
PTM,NMOS,45,HP,1.0,0.045,25.0,1.0,0.3100000000000003,3.083735676314168e-05,nominal_vdd,model_nominal_vdd,1.0,simulation,ngspice,c9ed2e513523c57a76912a35b2860cb85e4aaa3402b69757d84efa9cc2fb8410,data/raw/ptm45_hp_vds_1v_raw.txt
PTM,NMOS,45,HP,1.0,0.045,25.0,1.0,0.3150000000000003,3.369527674635232e-05,nominal_vdd,model_nominal_vdd,1.0,simulation,ngspice,c9ed2e513523c57a76912a35b2860cb85e4aaa3402b69757d84efa9cc2fb8410,data/raw/ptm45_hp_vds_1v_raw.txt
PTM,NMOS,45,HP,1.0,0.045,25.0,1.0,0.3200000000000003,3.676092014167665e-05,nominal_vdd,model_nominal_vdd,1.0,simulation,ngspice,c9ed2e513523c57a76912a35b2860cb85e4aaa3402b69757d84efa9cc2fb8410,data/raw/ptm45_hp_vds_1v_raw.txt
PTM,NMOS,45,HP,1.0,0.045,25.0,1.0,0.3250000000000003,4.004196032855737e-05,nominal_vdd,model_nominal_vdd,1.0,simulation,ngspice,c9ed2e513523c57a76912a35b2860cb85e4aaa3402b69757d84efa9cc2fb8410,data/raw/ptm45_hp_vds_1v_raw.txt
PTM,NMOS,45,HP,1.0,0.045,25.0,1.0,0.3300000000000003,4.354547060036462e-05,nominal_vdd,model_nominal_vdd,1.0,simulation,ngspice,c9ed2e513523c57a76912a35b2860cb85e4aaa3402b69757d84efa9cc2fb8410,data/raw/ptm45_hp_vds_1v_raw.txt
PTM,NMOS,45,HP,1.0,0.045,25.0,1.0,0.3350000000000003,4.727783383069106e-05,nominal_vdd,model_nominal_vdd,1.0,simulation,ngspice,c9ed2e513523c57a76912a35b2860cb85e4aaa3402b69757d84efa9cc2fb8410,data/raw/ptm45_hp_vds_1v_raw.txt
PTM,NMOS,45,HP,1.0,0.045,25.0,1.0,0.3400000000000003,5.124466021618722e-05,nominal_vdd,model_nominal_vdd,1.0,simulation,ngspice,c9ed2e513523c57a76912a35b2860cb85e4aaa3402b69757d84efa9cc2fb8410,data/raw/ptm45_hp_vds_1v_raw.txt
PTM,NMOS,45,HP,1.0,0.045,25.0,1.0,0.3450000000000003,5.545071531203118e-05,nominal_vdd,model_nominal_vdd,1.0,simulation,ngspice,c9ed2e513523c57a76912a35b2860cb85e4aaa3402b69757d84efa9cc2fb8410,data/raw/ptm45_hp_vds_1v_raw.txt
PTM,NMOS,45,HP,1.0,0.045,25.0,1.0,0.3500000000000003,5.989985871927532e-05,nominal_vdd,model_nominal_vdd,1.0,simulation,ngspice,c9ed2e513523c57a76912a35b2860cb85e4aaa3402b69757d84efa9cc2fb8410,data/raw/ptm45_hp_vds_1v_raw.txt
PTM,NMOS,45,HP,1.0,0.045,25.0,1.0,0.3550000000000003,6.459499292622616e-05,nominal_vdd,model_nominal_vdd,1.0,simulation,ngspice,c9ed2e513523c57a76912a35b2860cb85e4aaa3402b69757d84efa9cc2fb8410,data/raw/ptm45_hp_vds_1v_raw.txt
PTM,NMOS,45,HP,1.0,0.045,25.0,1.0,0.3600000000000003,6.953804419494139e-05,nominal_vdd,model_nominal_vdd,1.0,simulation,ngspice,c9ed2e513523c57a76912a35b2860cb85e4aaa3402b69757d84efa9cc2fb8410,data/raw/ptm45_hp_vds_1v_raw.txt
PTM,NMOS,45,HP,1.0,0.045,25.0,1.0,0.3650000000000003,7.472994188711403e-05,nominal_vdd,model_nominal_vdd,1.0,simulation,ngspice,c9ed2e513523c57a76912a35b2860cb85e4aaa3402b69757d84efa9cc2fb8410,data/raw/ptm45_hp_vds_1v_raw.txt
PTM,NMOS,45,HP,1.0,0.045,25.0,1.0,0.3700000000000003,8.017061685238506e-05,nominal_vdd,model_nominal_vdd,1.0,simulation,ngspice,c9ed2e513523c57a76912a35b2860cb85e4aaa3402b69757d84efa9cc2fb8410,data/raw/ptm45_hp_vds_1v_raw.txt
PTM,NMOS,45,HP,1.0,0.045,25.0,1.0,0.3750000000000003,8.58590156844166e-05,nominal_vdd,model_nominal_vdd,1.0,simulation,ngspice,c9ed2e513523c57a76912a35b2860cb85e4aaa3402b69757d84efa9cc2fb8410,data/raw/ptm45_hp_vds_1v_raw.txt
PTM,NMOS,45,HP,1.0,0.045,25.0,1.0,0.3800000000000003,9.179312903434036e-05,nominal_vdd,model_nominal_vdd,1.0,simulation,ngspice,c9ed2e513523c57a76912a35b2860cb85e4aaa3402b69757d84efa9cc2fb8410,data/raw/ptm45_hp_vds_1v_raw.txt
PTM,NMOS,45,HP,1.0,0.045,25.0,1.0,0.3850000000000003,9.797003274654929e-05,nominal_vdd,model_nominal_vdd,1.0,simulation,ngspice,c9ed2e513523c57a76912a35b2860cb85e4aaa3402b69757d84efa9cc2fb8410,data/raw/ptm45_hp_vds_1v_raw.txt
PTM,NMOS,45,HP,1.0,0.045,25.0,1.0,0.3900000000000003,0.0001043859402847,nominal_vdd,model_nominal_vdd,1.0,simulation,ngspice,c9ed2e513523c57a76912a35b2860cb85e4aaa3402b69757d84efa9cc2fb8410,data/raw/ptm45_hp_vds_1v_raw.txt
PTM,NMOS,45,HP,1.0,0.045,25.0,1.0,0.3950000000000004,0.0001110362647021,nominal_vdd,model_nominal_vdd,1.0,simulation,ngspice,c9ed2e513523c57a76912a35b2860cb85e4aaa3402b69757d84efa9cc2fb8410,data/raw/ptm45_hp_vds_1v_raw.txt
PTM,NMOS,45,HP,1.0,0.045,25.0,1.0,0.4000000000000004,0.000117802082192,nominal_vdd,model_nominal_vdd,1.0,simulation,ngspice,c9ed2e513523c57a76912a35b2860cb85e4aaa3402b69757d84efa9cc2fb8410,data/raw/ptm45_hp_vds_1v_raw.txt
PTM,NMOS,45,HP,1.0,0.045,25.0,1.0,0.4050000000000004,0.0001249077210989,nominal_vdd,model_nominal_vdd,1.0,simulation,ngspice,c9ed2e513523c57a76912a35b2860cb85e4aaa3402b69757d84efa9cc2fb8410,data/raw/ptm45_hp_vds_1v_raw.txt
PTM,NMOS,45,HP,1.0,0.045,25.0,1.0,0.4100000000000004,0.0001322302114206,nominal_vdd,model_nominal_vdd,1.0,simulation,ngspice,c9ed2e513523c57a76912a35b2860cb85e4aaa3402b69757d84efa9cc2fb8410,data/raw/ptm45_hp_vds_1v_raw.txt
PTM,NMOS,45,HP,1.0,0.045,25.0,1.0,0.4150000000000004,0.0001397624681243,nominal_vdd,model_nominal_vdd,1.0,simulation,ngspice,c9ed2e513523c57a76912a35b2860cb85e4aaa3402b69757d84efa9cc2fb8410,data/raw/ptm45_hp_vds_1v_raw.txt
PTM,NMOS,45,HP,1.0,0.045,25.0,1.0,0.4200000000000004,0.0001474969929286,nominal_vdd,model_nominal_vdd,1.0,simulation,ngspice,c9ed2e513523c57a76912a35b2860cb85e4aaa3402b69757d84efa9cc2fb8410,data/raw/ptm45_hp_vds_1v_raw.txt
PTM,NMOS,45,HP,1.0,0.045,25.0,1.0,0.4250000000000004,0.0001554259554536,nominal_vdd,model_nominal_vdd,1.0,simulation,ngspice,c9ed2e513523c57a76912a35b2860cb85e4aaa3402b69757d84efa9cc2fb8410,data/raw/ptm45_hp_vds_1v_raw.txt
PTM,NMOS,45,HP,1.0,0.045,25.0,1.0,0.4300000000000004,0.0001635412718062,nominal_vdd,model_nominal_vdd,1.0,simulation,ngspice,c9ed2e513523c57a76912a35b2860cb85e4aaa3402b69757d84efa9cc2fb8410,data/raw/ptm45_hp_vds_1v_raw.txt
PTM,NMOS,45,HP,1.0,0.045,25.0,1.0,0.4350000000000004,0.0001718346795011,nominal_vdd,model_nominal_vdd,1.0,simulation,ngspice,c9ed2e513523c57a76912a35b2860cb85e4aaa3402b69757d84efa9cc2fb8410,data/raw/ptm45_hp_vds_1v_raw.txt
PTM,NMOS,45,HP,1.0,0.045,25.0,1.0,0.4400000000000004,0.000180297807844,nominal_vdd,model_nominal_vdd,1.0,simulation,ngspice,c9ed2e513523c57a76912a35b2860cb85e4aaa3402b69757d84efa9cc2fb8410,data/raw/ptm45_hp_vds_1v_raw.txt
PTM,NMOS,45,HP,1.0,0.045,25.0,1.0,0.4450000000000004,0.0001889222431137,nominal_vdd,model_nominal_vdd,1.0,simulation,ngspice,c9ed2e513523c57a76912a35b2860cb85e4aaa3402b69757d84efa9cc2fb8410,data/raw/ptm45_hp_vds_1v_raw.txt
PTM,NMOS,45,HP,1.0,0.045,25.0,1.0,0.4500000000000004,0.0001976995880832,nominal_vdd,model_nominal_vdd,1.0,simulation,ngspice,c9ed2e513523c57a76912a35b2860cb85e4aaa3402b69757d84efa9cc2fb8410,data/raw/ptm45_hp_vds_1v_raw.txt
PTM,NMOS,45,HP,1.0,0.045,25.0,1.0,0.4550000000000004,0.0002066215156007,nominal_vdd,model_nominal_vdd,1.0,simulation,ngspice,c9ed2e513523c57a76912a35b2860cb85e4aaa3402b69757d84efa9cc2fb8410,data/raw/ptm45_hp_vds_1v_raw.txt
PTM,NMOS,45,HP,1.0,0.045,25.0,1.0,0.4600000000000004,0.0002156798161163,nominal_vdd,model_nominal_vdd,1.0,simulation,ngspice,c9ed2e513523c57a76912a35b2860cb85e4aaa3402b69757d84efa9cc2fb8410,data/raw/ptm45_hp_vds_1v_raw.txt
PTM,NMOS,45,HP,1.0,0.045,25.0,1.0,0.4650000000000004,0.0002248664391758,nominal_vdd,model_nominal_vdd,1.0,simulation,ngspice,c9ed2e513523c57a76912a35b2860cb85e4aaa3402b69757d84efa9cc2fb8410,data/raw/ptm45_hp_vds_1v_raw.txt
PTM,NMOS,45,HP,1.0,0.045,25.0,1.0,0.4700000000000004,0.000234173529021,nominal_vdd,model_nominal_vdd,1.0,simulation,ngspice,c9ed2e513523c57a76912a35b2860cb85e4aaa3402b69757d84efa9cc2fb8410,data/raw/ptm45_hp_vds_1v_raw.txt
PTM,NMOS,45,HP,1.0,0.045,25.0,1.0,0.4750000000000004,0.0002435934545293,nominal_vdd,model_nominal_vdd,1.0,simulation,ngspice,c9ed2e513523c57a76912a35b2860cb85e4aaa3402b69757d84efa9cc2fb8410,data/raw/ptm45_hp_vds_1v_raw.txt
PTM,NMOS,45,HP,1.0,0.045,25.0,1.0,0.4800000000000004,0.0002531188339792,nominal_vdd,model_nominal_vdd,1.0,simulation,ngspice,c9ed2e513523c57a76912a35b2860cb85e4aaa3402b69757d84efa9cc2fb8410,data/raw/ptm45_hp_vds_1v_raw.txt
PTM,NMOS,45,HP,1.0,0.045,25.0,1.0,0.4850000000000004,0.0002627425540466,nominal_vdd,model_nominal_vdd,1.0,simulation,ngspice,c9ed2e513523c57a76912a35b2860cb85e4aaa3402b69757d84efa9cc2fb8410,data/raw/ptm45_hp_vds_1v_raw.txt
PTM,NMOS,45,HP,1.0,0.045,25.0,1.0,0.4900000000000004,0.0002724577854341,nominal_vdd,model_nominal_vdd,1.0,simulation,ngspice,c9ed2e513523c57a76912a35b2860cb85e4aaa3402b69757d84efa9cc2fb8410,data/raw/ptm45_hp_vds_1v_raw.txt
PTM,NMOS,45,HP,1.0,0.045,25.0,1.0,0.4950000000000004,0.0002822579933652,nominal_vdd,model_nominal_vdd,1.0,simulation,ngspice,c9ed2e513523c57a76912a35b2860cb85e4aaa3402b69757d84efa9cc2fb8410,data/raw/ptm45_hp_vds_1v_raw.txt
PTM,NMOS,45,HP,1.0,0.045,25.0,1.0,0.5000000000000004,0.0002921369446236,nominal_vdd,model_nominal_vdd,1.0,simulation,ngspice,c9ed2e513523c57a76912a35b2860cb85e4aaa3402b69757d84efa9cc2fb8410,data/raw/ptm45_hp_vds_1v_raw.txt
PTM,NMOS,45,HP,1.0,0.045,25.0,1.0,0.5050000000000004,0.0003020887112043,nominal_vdd,model_nominal_vdd,1.0,simulation,ngspice,c9ed2e513523c57a76912a35b2860cb85e4aaa3402b69757d84efa9cc2fb8410,data/raw/ptm45_hp_vds_1v_raw.txt
PTM,NMOS,45,HP,1.0,0.045,25.0,1.0,0.5100000000000005,0.0003121076710163,nominal_vdd,model_nominal_vdd,1.0,simulation,ngspice,c9ed2e513523c57a76912a35b2860cb85e4aaa3402b69757d84efa9cc2fb8410,data/raw/ptm45_hp_vds_1v_raw.txt
PTM,NMOS,45,HP,1.0,0.045,25.0,1.0,0.5150000000000005,0.0003221885060294,nominal_vdd,model_nominal_vdd,1.0,simulation,ngspice,c9ed2e513523c57a76912a35b2860cb85e4aaa3402b69757d84efa9cc2fb8410,data/raw/ptm45_hp_vds_1v_raw.txt
PTM,NMOS,45,HP,1.0,0.045,25.0,1.0,0.5200000000000005,0.0003323261982324,nominal_vdd,model_nominal_vdd,1.0,simulation,ngspice,c9ed2e513523c57a76912a35b2860cb85e4aaa3402b69757d84efa9cc2fb8410,data/raw/ptm45_hp_vds_1v_raw.txt
PTM,NMOS,45,HP,1.0,0.045,25.0,1.0,0.5250000000000005,0.0003425160237474,nominal_vdd,model_nominal_vdd,1.0,simulation,ngspice,c9ed2e513523c57a76912a35b2860cb85e4aaa3402b69757d84efa9cc2fb8410,data/raw/ptm45_hp_vds_1v_raw.txt
PTM,NMOS,45,HP,1.0,0.045,25.0,1.0,0.5300000000000005,0.0003527535454156,nominal_vdd,model_nominal_vdd,1.0,simulation,ngspice,c9ed2e513523c57a76912a35b2860cb85e4aaa3402b69757d84efa9cc2fb8410,data/raw/ptm45_hp_vds_1v_raw.txt
PTM,NMOS,45,HP,1.0,0.045,25.0,1.0,0.5350000000000005,0.0003630346041452,nominal_vdd,model_nominal_vdd,1.0,simulation,ngspice,c9ed2e513523c57a76912a35b2860cb85e4aaa3402b69757d84efa9cc2fb8410,data/raw/ptm45_hp_vds_1v_raw.txt
PTM,NMOS,45,HP,1.0,0.045,25.0,1.0,0.5400000000000005,0.0003733553092797,nominal_vdd,model_nominal_vdd,1.0,simulation,ngspice,c9ed2e513523c57a76912a35b2860cb85e4aaa3402b69757d84efa9cc2fb8410,data/raw/ptm45_hp_vds_1v_raw.txt
PTM,NMOS,45,HP,1.0,0.045,25.0,1.0,0.5450000000000005,0.0003837120282195,nominal_vdd,model_nominal_vdd,1.0,simulation,ngspice,c9ed2e513523c57a76912a35b2860cb85e4aaa3402b69757d84efa9cc2fb8410,data/raw/ptm45_hp_vds_1v_raw.txt
PTM,NMOS,45,HP,1.0,0.045,25.0,1.0,0.5500000000000005,0.0003941013755034,nominal_vdd,model_nominal_vdd,1.0,simulation,ngspice,c9ed2e513523c57a76912a35b2860cb85e4aaa3402b69757d84efa9cc2fb8410,data/raw/ptm45_hp_vds_1v_raw.txt
PTM,NMOS,45,HP,1.0,0.045,25.0,1.0,0.5550000000000005,0.0004045202015287,nominal_vdd,model_nominal_vdd,1.0,simulation,ngspice,c9ed2e513523c57a76912a35b2860cb85e4aaa3402b69757d84efa9cc2fb8410,data/raw/ptm45_hp_vds_1v_raw.txt
PTM,NMOS,45,HP,1.0,0.045,25.0,1.0,0.5600000000000005,0.0004149655810673,nominal_vdd,model_nominal_vdd,1.0,simulation,ngspice,c9ed2e513523c57a76912a35b2860cb85e4aaa3402b69757d84efa9cc2fb8410,data/raw/ptm45_hp_vds_1v_raw.txt
PTM,NMOS,45,HP,1.0,0.045,25.0,1.0,0.5650000000000005,0.000425434801711,nominal_vdd,model_nominal_vdd,1.0,simulation,ngspice,c9ed2e513523c57a76912a35b2860cb85e4aaa3402b69757d84efa9cc2fb8410,data/raw/ptm45_hp_vds_1v_raw.txt
PTM,NMOS,45,HP,1.0,0.045,25.0,1.0,0.5700000000000005,0.0004359253523603,nominal_vdd,model_nominal_vdd,1.0,simulation,ngspice,c9ed2e513523c57a76912a35b2860cb85e4aaa3402b69757d84efa9cc2fb8410,data/raw/ptm45_hp_vds_1v_raw.txt
PTM,NMOS,45,HP,1.0,0.045,25.0,1.0,0.5750000000000005,0.0004464349118524,nominal_vdd,model_nominal_vdd,1.0,simulation,ngspice,c9ed2e513523c57a76912a35b2860cb85e4aaa3402b69757d84efa9cc2fb8410,data/raw/ptm45_hp_vds_1v_raw.txt
PTM,NMOS,45,HP,1.0,0.045,25.0,1.0,0.5800000000000005,0.0004569613378062,nominal_vdd,model_nominal_vdd,1.0,simulation,ngspice,c9ed2e513523c57a76912a35b2860cb85e4aaa3402b69757d84efa9cc2fb8410,data/raw/ptm45_hp_vds_1v_raw.txt
PTM,NMOS,45,HP,1.0,0.045,25.0,1.0,0.5850000000000005,0.0004675026557491,nominal_vdd,model_nominal_vdd,1.0,simulation,ngspice,c9ed2e513523c57a76912a35b2860cb85e4aaa3402b69757d84efa9cc2fb8410,data/raw/ptm45_hp_vds_1v_raw.txt
PTM,NMOS,45,HP,1.0,0.045,25.0,1.0,0.5900000000000005,0.0004780570485761,nominal_vdd,model_nominal_vdd,1.0,simulation,ngspice,c9ed2e513523c57a76912a35b2860cb85e4aaa3402b69757d84efa9cc2fb8410,data/raw/ptm45_hp_vds_1v_raw.txt
PTM,NMOS,45,HP,1.0,0.045,25.0,1.0,0.5950000000000005,0.0004886228463807,nominal_vdd,model_nominal_vdd,1.0,simulation,ngspice,c9ed2e513523c57a76912a35b2860cb85e4aaa3402b69757d84efa9cc2fb8410,data/raw/ptm45_hp_vds_1v_raw.txt
PTM,NMOS,45,HP,1.0,0.045,25.0,1.0,0.6000000000000005,0.0004991985166872,nominal_vdd,model_nominal_vdd,1.0,simulation,ngspice,c9ed2e513523c57a76912a35b2860cb85e4aaa3402b69757d84efa9cc2fb8410,data/raw/ptm45_hp_vds_1v_raw.txt
PTM,NMOS,45,HP,1.0,0.045,25.0,1.0,0.6050000000000005,0.0005097826551036,nominal_vdd,model_nominal_vdd,1.0,simulation,ngspice,c9ed2e513523c57a76912a35b2860cb85e4aaa3402b69757d84efa9cc2fb8410,data/raw/ptm45_hp_vds_1v_raw.txt
PTM,NMOS,45,HP,1.0,0.045,25.0,1.0,0.6100000000000005,0.0005203739764104,nominal_vdd,model_nominal_vdd,1.0,simulation,ngspice,c9ed2e513523c57a76912a35b2860cb85e4aaa3402b69757d84efa9cc2fb8410,data/raw/ptm45_hp_vds_1v_raw.txt
PTM,NMOS,45,HP,1.0,0.045,25.0,1.0,0.6150000000000005,0.0005309713060902,nominal_vdd,model_nominal_vdd,1.0,simulation,ngspice,c9ed2e513523c57a76912a35b2860cb85e4aaa3402b69757d84efa9cc2fb8410,data/raw/ptm45_hp_vds_1v_raw.txt
PTM,NMOS,45,HP,1.0,0.045,25.0,1.0,0.6200000000000006,0.0005415735723011,nominal_vdd,model_nominal_vdd,1.0,simulation,ngspice,c9ed2e513523c57a76912a35b2860cb85e4aaa3402b69757d84efa9cc2fb8410,data/raw/ptm45_hp_vds_1v_raw.txt
PTM,NMOS,45,HP,1.0,0.045,25.0,1.0,0.6250000000000006,0.0005521797982896,nominal_vdd,model_nominal_vdd,1.0,simulation,ngspice,c9ed2e513523c57a76912a35b2860cb85e4aaa3402b69757d84efa9cc2fb8410,data/raw/ptm45_hp_vds_1v_raw.txt
PTM,NMOS,45,HP,1.0,0.045,25.0,1.0,0.6300000000000006,0.0005627890952377,nominal_vdd,model_nominal_vdd,1.0,simulation,ngspice,c9ed2e513523c57a76912a35b2860cb85e4aaa3402b69757d84efa9cc2fb8410,data/raw/ptm45_hp_vds_1v_raw.txt
PTM,NMOS,45,HP,1.0,0.045,25.0,1.0,0.6350000000000006,0.0005734006555336,nominal_vdd,model_nominal_vdd,1.0,simulation,ngspice,c9ed2e513523c57a76912a35b2860cb85e4aaa3402b69757d84efa9cc2fb8410,data/raw/ptm45_hp_vds_1v_raw.txt
PTM,NMOS,45,HP,1.0,0.045,25.0,1.0,0.6400000000000006,0.0005840137464555,nominal_vdd,model_nominal_vdd,1.0,simulation,ngspice,c9ed2e513523c57a76912a35b2860cb85e4aaa3402b69757d84efa9cc2fb8410,data/raw/ptm45_hp_vds_1v_raw.txt
PTM,NMOS,45,HP,1.0,0.045,25.0,1.0,0.6450000000000006,0.0005946277042531,nominal_vdd,model_nominal_vdd,1.0,simulation,ngspice,c9ed2e513523c57a76912a35b2860cb85e4aaa3402b69757d84efa9cc2fb8410,data/raw/ptm45_hp_vds_1v_raw.txt
PTM,NMOS,45,HP,1.0,0.045,25.0,1.0,0.6500000000000006,0.0006052419286136,nominal_vdd,model_nominal_vdd,1.0,simulation,ngspice,c9ed2e513523c57a76912a35b2860cb85e4aaa3402b69757d84efa9cc2fb8410,data/raw/ptm45_hp_vds_1v_raw.txt
PTM,NMOS,45,HP,1.0,0.045,25.0,1.0,0.6550000000000006,0.0006158558774943,nominal_vdd,model_nominal_vdd,1.0,simulation,ngspice,c9ed2e513523c57a76912a35b2860cb85e4aaa3402b69757d84efa9cc2fb8410,data/raw/ptm45_hp_vds_1v_raw.txt
PTM,NMOS,45,HP,1.0,0.045,25.0,1.0,0.6600000000000006,0.0006264690623075,nominal_vdd,model_nominal_vdd,1.0,simulation,ngspice,c9ed2e513523c57a76912a35b2860cb85e4aaa3402b69757d84efa9cc2fb8410,data/raw/ptm45_hp_vds_1v_raw.txt
PTM,NMOS,45,HP,1.0,0.045,25.0,1.0,0.6650000000000006,0.0006370810434385,nominal_vdd,model_nominal_vdd,1.0,simulation,ngspice,c9ed2e513523c57a76912a35b2860cb85e4aaa3402b69757d84efa9cc2fb8410,data/raw/ptm45_hp_vds_1v_raw.txt
PTM,NMOS,45,HP,1.0,0.045,25.0,1.0,0.6700000000000006,0.0006476914260806,nominal_vdd,model_nominal_vdd,1.0,simulation,ngspice,c9ed2e513523c57a76912a35b2860cb85e4aaa3402b69757d84efa9cc2fb8410,data/raw/ptm45_hp_vds_1v_raw.txt
PTM,NMOS,45,HP,1.0,0.045,25.0,1.0,0.6750000000000006,0.0006582998563704,nominal_vdd,model_nominal_vdd,1.0,simulation,ngspice,c9ed2e513523c57a76912a35b2860cb85e4aaa3402b69757d84efa9cc2fb8410,data/raw/ptm45_hp_vds_1v_raw.txt
PTM,NMOS,45,HP,1.0,0.045,25.0,1.0,0.6800000000000006,0.0006689060178056,nominal_vdd,model_nominal_vdd,1.0,simulation,ngspice,c9ed2e513523c57a76912a35b2860cb85e4aaa3402b69757d84efa9cc2fb8410,data/raw/ptm45_hp_vds_1v_raw.txt
PTM,NMOS,45,HP,1.0,0.045,25.0,1.0,0.6850000000000006,0.0006795096279292,nominal_vdd,model_nominal_vdd,1.0,simulation,ngspice,c9ed2e513523c57a76912a35b2860cb85e4aaa3402b69757d84efa9cc2fb8410,data/raw/ptm45_hp_vds_1v_raw.txt
PTM,NMOS,45,HP,1.0,0.045,25.0,1.0,0.6900000000000006,0.0006901104352651,nominal_vdd,model_nominal_vdd,1.0,simulation,ngspice,c9ed2e513523c57a76912a35b2860cb85e4aaa3402b69757d84efa9cc2fb8410,data/raw/ptm45_hp_vds_1v_raw.txt
PTM,NMOS,45,HP,1.0,0.045,25.0,1.0,0.6950000000000006,0.0007007082164866,nominal_vdd,model_nominal_vdd,1.0,simulation,ngspice,c9ed2e513523c57a76912a35b2860cb85e4aaa3402b69757d84efa9cc2fb8410,data/raw/ptm45_hp_vds_1v_raw.txt
PTM,NMOS,45,HP,1.0,0.045,25.0,1.0,0.7000000000000006,0.0007113027738068,nominal_vdd,model_nominal_vdd,1.0,simulation,ngspice,c9ed2e513523c57a76912a35b2860cb85e4aaa3402b69757d84efa9cc2fb8410,data/raw/ptm45_hp_vds_1v_raw.txt
PTM,NMOS,45,HP,1.0,0.045,25.0,1.0,0.7050000000000006,0.0007218939325728,nominal_vdd,model_nominal_vdd,1.0,simulation,ngspice,c9ed2e513523c57a76912a35b2860cb85e4aaa3402b69757d84efa9cc2fb8410,data/raw/ptm45_hp_vds_1v_raw.txt
PTM,NMOS,45,HP,1.0,0.045,25.0,1.0,0.7100000000000006,0.0007324815390527,nominal_vdd,model_nominal_vdd,1.0,simulation,ngspice,c9ed2e513523c57a76912a35b2860cb85e4aaa3402b69757d84efa9cc2fb8410,data/raw/ptm45_hp_vds_1v_raw.txt
PTM,NMOS,45,HP,1.0,0.045,25.0,1.0,0.7150000000000006,0.0007430654584006,nominal_vdd,model_nominal_vdd,1.0,simulation,ngspice,c9ed2e513523c57a76912a35b2860cb85e4aaa3402b69757d84efa9cc2fb8410,data/raw/ptm45_hp_vds_1v_raw.txt
PTM,NMOS,45,HP,1.0,0.045,25.0,1.0,0.7200000000000006,0.0007536455727879,nominal_vdd,model_nominal_vdd,1.0,simulation,ngspice,c9ed2e513523c57a76912a35b2860cb85e4aaa3402b69757d84efa9cc2fb8410,data/raw/ptm45_hp_vds_1v_raw.txt
PTM,NMOS,45,HP,1.0,0.045,25.0,1.0,0.7250000000000006,0.0007642217796893,nominal_vdd,model_nominal_vdd,1.0,simulation,ngspice,c9ed2e513523c57a76912a35b2860cb85e4aaa3402b69757d84efa9cc2fb8410,data/raw/ptm45_hp_vds_1v_raw.txt
PTM,NMOS,45,HP,1.0,0.045,25.0,1.0,0.7300000000000006,0.0007747939903119,nominal_vdd,model_nominal_vdd,1.0,simulation,ngspice,c9ed2e513523c57a76912a35b2860cb85e4aaa3402b69757d84efa9cc2fb8410,data/raw/ptm45_hp_vds_1v_raw.txt
PTM,NMOS,45,HP,1.0,0.045,25.0,1.0,0.7350000000000007,0.0007853621281574,nominal_vdd,model_nominal_vdd,1.0,simulation,ngspice,c9ed2e513523c57a76912a35b2860cb85e4aaa3402b69757d84efa9cc2fb8410,data/raw/ptm45_hp_vds_1v_raw.txt
PTM,NMOS,45,HP,1.0,0.045,25.0,1.0,0.7400000000000007,0.0007959261277072,nominal_vdd,model_nominal_vdd,1.0,simulation,ngspice,c9ed2e513523c57a76912a35b2860cb85e4aaa3402b69757d84efa9cc2fb8410,data/raw/ptm45_hp_vds_1v_raw.txt
PTM,NMOS,45,HP,1.0,0.045,25.0,1.0,0.7450000000000007,0.0008064859332213,nominal_vdd,model_nominal_vdd,1.0,simulation,ngspice,c9ed2e513523c57a76912a35b2860cb85e4aaa3402b69757d84efa9cc2fb8410,data/raw/ptm45_hp_vds_1v_raw.txt
PTM,NMOS,45,HP,1.0,0.045,25.0,1.0,0.7500000000000007,0.0008170414976427,nominal_vdd,model_nominal_vdd,1.0,simulation,ngspice,c9ed2e513523c57a76912a35b2860cb85e4aaa3402b69757d84efa9cc2fb8410,data/raw/ptm45_hp_vds_1v_raw.txt
PTM,NMOS,45,HP,1.0,0.045,25.0,1.0,0.7550000000000007,0.0008275927815984,nominal_vdd,model_nominal_vdd,1.0,simulation,ngspice,c9ed2e513523c57a76912a35b2860cb85e4aaa3402b69757d84efa9cc2fb8410,data/raw/ptm45_hp_vds_1v_raw.txt
PTM,NMOS,45,HP,1.0,0.045,25.0,1.0,0.7600000000000007,0.0008381397524908,nominal_vdd,model_nominal_vdd,1.0,simulation,ngspice,c9ed2e513523c57a76912a35b2860cb85e4aaa3402b69757d84efa9cc2fb8410,data/raw/ptm45_hp_vds_1v_raw.txt
PTM,NMOS,45,HP,1.0,0.045,25.0,1.0,0.7650000000000007,0.0008486823836705,nominal_vdd,model_nominal_vdd,1.0,simulation,ngspice,c9ed2e513523c57a76912a35b2860cb85e4aaa3402b69757d84efa9cc2fb8410,data/raw/ptm45_hp_vds_1v_raw.txt
PTM,NMOS,45,HP,1.0,0.045,25.0,1.0,0.7700000000000007,0.0008592206536862,nominal_vdd,model_nominal_vdd,1.0,simulation,ngspice,c9ed2e513523c57a76912a35b2860cb85e4aaa3402b69757d84efa9cc2fb8410,data/raw/ptm45_hp_vds_1v_raw.txt
PTM,NMOS,45,HP,1.0,0.045,25.0,1.0,0.7750000000000007,0.0008697545456038,nominal_vdd,model_nominal_vdd,1.0,simulation,ngspice,c9ed2e513523c57a76912a35b2860cb85e4aaa3402b69757d84efa9cc2fb8410,data/raw/ptm45_hp_vds_1v_raw.txt
PTM,NMOS,45,HP,1.0,0.045,25.0,1.0,0.7800000000000007,0.0008802840463896,nominal_vdd,model_nominal_vdd,1.0,simulation,ngspice,c9ed2e513523c57a76912a35b2860cb85e4aaa3402b69757d84efa9cc2fb8410,data/raw/ptm45_hp_vds_1v_raw.txt
PTM,NMOS,45,HP,1.0,0.045,25.0,1.0,0.7850000000000007,0.0008908091463533,nominal_vdd,model_nominal_vdd,1.0,simulation,ngspice,c9ed2e513523c57a76912a35b2860cb85e4aaa3402b69757d84efa9cc2fb8410,data/raw/ptm45_hp_vds_1v_raw.txt
PTM,NMOS,45,HP,1.0,0.045,25.0,1.0,0.7900000000000007,0.0009013298386442,nominal_vdd,model_nominal_vdd,1.0,simulation,ngspice,c9ed2e513523c57a76912a35b2860cb85e4aaa3402b69757d84efa9cc2fb8410,data/raw/ptm45_hp_vds_1v_raw.txt
PTM,NMOS,45,HP,1.0,0.045,25.0,1.0,0.7950000000000007,0.0009118461187972,nominal_vdd,model_nominal_vdd,1.0,simulation,ngspice,c9ed2e513523c57a76912a35b2860cb85e4aaa3402b69757d84efa9cc2fb8410,data/raw/ptm45_hp_vds_1v_raw.txt
PTM,NMOS,45,HP,1.0,0.045,25.0,1.0,0.8000000000000007,0.0009223579843246,nominal_vdd,model_nominal_vdd,1.0,simulation,ngspice,c9ed2e513523c57a76912a35b2860cb85e4aaa3402b69757d84efa9cc2fb8410,data/raw/ptm45_hp_vds_1v_raw.txt
PTM,NMOS,45,HP,1.0,0.045,25.0,1.0,0.8050000000000007,0.0009328654343488,nominal_vdd,model_nominal_vdd,1.0,simulation,ngspice,c9ed2e513523c57a76912a35b2860cb85e4aaa3402b69757d84efa9cc2fb8410,data/raw/ptm45_hp_vds_1v_raw.txt
PTM,NMOS,45,HP,1.0,0.045,25.0,1.0,0.8100000000000007,0.0009433684692735,nominal_vdd,model_nominal_vdd,1.0,simulation,ngspice,c9ed2e513523c57a76912a35b2860cb85e4aaa3402b69757d84efa9cc2fb8410,data/raw/ptm45_hp_vds_1v_raw.txt
PTM,NMOS,45,HP,1.0,0.045,25.0,1.0,0.8150000000000007,0.0009538670904892,nominal_vdd,model_nominal_vdd,1.0,simulation,ngspice,c9ed2e513523c57a76912a35b2860cb85e4aaa3402b69757d84efa9cc2fb8410,data/raw/ptm45_hp_vds_1v_raw.txt
PTM,NMOS,45,HP,1.0,0.045,25.0,1.0,0.8200000000000007,0.0009643613001104,nominal_vdd,model_nominal_vdd,1.0,simulation,ngspice,c9ed2e513523c57a76912a35b2860cb85e4aaa3402b69757d84efa9cc2fb8410,data/raw/ptm45_hp_vds_1v_raw.txt
PTM,NMOS,45,HP,1.0,0.045,25.0,1.0,0.8250000000000007,0.000974851100742,nominal_vdd,model_nominal_vdd,1.0,simulation,ngspice,c9ed2e513523c57a76912a35b2860cb85e4aaa3402b69757d84efa9cc2fb8410,data/raw/ptm45_hp_vds_1v_raw.txt
PTM,NMOS,45,HP,1.0,0.045,25.0,1.0,0.8300000000000007,0.0009853364952711,nominal_vdd,model_nominal_vdd,1.0,simulation,ngspice,c9ed2e513523c57a76912a35b2860cb85e4aaa3402b69757d84efa9cc2fb8410,data/raw/ptm45_hp_vds_1v_raw.txt
PTM,NMOS,45,HP,1.0,0.045,25.0,1.0,0.8350000000000007,0.0009958174866837,nominal_vdd,model_nominal_vdd,1.0,simulation,ngspice,c9ed2e513523c57a76912a35b2860cb85e4aaa3402b69757d84efa9cc2fb8410,data/raw/ptm45_hp_vds_1v_raw.txt
PTM,NMOS,45,HP,1.0,0.045,25.0,1.0,0.8400000000000007,0.0010062940779022,nominal_vdd,model_nominal_vdd,1.0,simulation,ngspice,c9ed2e513523c57a76912a35b2860cb85e4aaa3402b69757d84efa9cc2fb8410,data/raw/ptm45_hp_vds_1v_raw.txt
PTM,NMOS,45,HP,1.0,0.045,25.0,1.0,0.8450000000000008,0.0010167662716433,nominal_vdd,model_nominal_vdd,1.0,simulation,ngspice,c9ed2e513523c57a76912a35b2860cb85e4aaa3402b69757d84efa9cc2fb8410,data/raw/ptm45_hp_vds_1v_raw.txt
PTM,NMOS,45,HP,1.0,0.045,25.0,1.0,0.8500000000000008,0.0010272340702932,nominal_vdd,model_nominal_vdd,1.0,simulation,ngspice,c9ed2e513523c57a76912a35b2860cb85e4aaa3402b69757d84efa9cc2fb8410,data/raw/ptm45_hp_vds_1v_raw.txt
PTM,NMOS,45,HP,1.0,0.045,25.0,1.0,0.8550000000000008,0.0010376974757994,nominal_vdd,model_nominal_vdd,1.0,simulation,ngspice,c9ed2e513523c57a76912a35b2860cb85e4aaa3402b69757d84efa9cc2fb8410,data/raw/ptm45_hp_vds_1v_raw.txt
PTM,NMOS,45,HP,1.0,0.045,25.0,1.0,0.8600000000000008,0.0010481564895765,nominal_vdd,model_nominal_vdd,1.0,simulation,ngspice,c9ed2e513523c57a76912a35b2860cb85e4aaa3402b69757d84efa9cc2fb8410,data/raw/ptm45_hp_vds_1v_raw.txt
PTM,NMOS,45,HP,1.0,0.045,25.0,1.0,0.8650000000000008,0.0010586111124261,nominal_vdd,model_nominal_vdd,1.0,simulation,ngspice,c9ed2e513523c57a76912a35b2860cb85e4aaa3402b69757d84efa9cc2fb8410,data/raw/ptm45_hp_vds_1v_raw.txt
PTM,NMOS,45,HP,1.0,0.045,25.0,1.0,0.8700000000000008,0.0010690613444677,nominal_vdd,model_nominal_vdd,1.0,simulation,ngspice,c9ed2e513523c57a76912a35b2860cb85e4aaa3402b69757d84efa9cc2fb8410,data/raw/ptm45_hp_vds_1v_raw.txt
PTM,NMOS,45,HP,1.0,0.045,25.0,1.0,0.8750000000000008,0.001079507185081,nominal_vdd,model_nominal_vdd,1.0,simulation,ngspice,c9ed2e513523c57a76912a35b2860cb85e4aaa3402b69757d84efa9cc2fb8410,data/raw/ptm45_hp_vds_1v_raw.txt
PTM,NMOS,45,HP,1.0,0.045,25.0,1.0,0.8800000000000008,0.001089948632857,nominal_vdd,model_nominal_vdd,1.0,simulation,ngspice,c9ed2e513523c57a76912a35b2860cb85e4aaa3402b69757d84efa9cc2fb8410,data/raw/ptm45_hp_vds_1v_raw.txt
PTM,NMOS,45,HP,1.0,0.045,25.0,1.0,0.8850000000000008,0.0011003856855589,nominal_vdd,model_nominal_vdd,1.0,simulation,ngspice,c9ed2e513523c57a76912a35b2860cb85e4aaa3402b69757d84efa9cc2fb8410,data/raw/ptm45_hp_vds_1v_raw.txt
PTM,NMOS,45,HP,1.0,0.045,25.0,1.0,0.8900000000000008,0.0011108183400895,nominal_vdd,model_nominal_vdd,1.0,simulation,ngspice,c9ed2e513523c57a76912a35b2860cb85e4aaa3402b69757d84efa9cc2fb8410,data/raw/ptm45_hp_vds_1v_raw.txt
PTM,NMOS,45,HP,1.0,0.045,25.0,1.0,0.8950000000000008,0.0011212465924663,nominal_vdd,model_nominal_vdd,1.0,simulation,ngspice,c9ed2e513523c57a76912a35b2860cb85e4aaa3402b69757d84efa9cc2fb8410,data/raw/ptm45_hp_vds_1v_raw.txt
PTM,NMOS,45,HP,1.0,0.045,25.0,1.0,0.9000000000000008,0.0011316704378025,nominal_vdd,model_nominal_vdd,1.0,simulation,ngspice,c9ed2e513523c57a76912a35b2860cb85e4aaa3402b69757d84efa9cc2fb8410,data/raw/ptm45_hp_vds_1v_raw.txt
PTM,NMOS,45,HP,1.0,0.045,25.0,1.0,0.9050000000000008,0.0011420898702931,nominal_vdd,model_nominal_vdd,1.0,simulation,ngspice,c9ed2e513523c57a76912a35b2860cb85e4aaa3402b69757d84efa9cc2fb8410,data/raw/ptm45_hp_vds_1v_raw.txt
PTM,NMOS,45,HP,1.0,0.045,25.0,1.0,0.9100000000000008,0.0011525048832066,nominal_vdd,model_nominal_vdd,1.0,simulation,ngspice,c9ed2e513523c57a76912a35b2860cb85e4aaa3402b69757d84efa9cc2fb8410,data/raw/ptm45_hp_vds_1v_raw.txt
PTM,NMOS,45,HP,1.0,0.045,25.0,1.0,0.9150000000000008,0.0011629154688803,nominal_vdd,model_nominal_vdd,1.0,simulation,ngspice,c9ed2e513523c57a76912a35b2860cb85e4aaa3402b69757d84efa9cc2fb8410,data/raw/ptm45_hp_vds_1v_raw.txt
PTM,NMOS,45,HP,1.0,0.045,25.0,1.0,0.9200000000000008,0.0011733216187195,nominal_vdd,model_nominal_vdd,1.0,simulation,ngspice,c9ed2e513523c57a76912a35b2860cb85e4aaa3402b69757d84efa9cc2fb8410,data/raw/ptm45_hp_vds_1v_raw.txt
PTM,NMOS,45,HP,1.0,0.045,25.0,1.0,0.9250000000000008,0.0011837233232002,nominal_vdd,model_nominal_vdd,1.0,simulation,ngspice,c9ed2e513523c57a76912a35b2860cb85e4aaa3402b69757d84efa9cc2fb8410,data/raw/ptm45_hp_vds_1v_raw.txt
PTM,NMOS,45,HP,1.0,0.045,25.0,1.0,0.9300000000000008,0.0011941205718743,nominal_vdd,model_nominal_vdd,1.0,simulation,ngspice,c9ed2e513523c57a76912a35b2860cb85e4aaa3402b69757d84efa9cc2fb8410,data/raw/ptm45_hp_vds_1v_raw.txt
PTM,NMOS,45,HP,1.0,0.045,25.0,1.0,0.9350000000000008,0.0012045133533775,nominal_vdd,model_nominal_vdd,1.0,simulation,ngspice,c9ed2e513523c57a76912a35b2860cb85e4aaa3402b69757d84efa9cc2fb8410,data/raw/ptm45_hp_vds_1v_raw.txt
PTM,NMOS,45,HP,1.0,0.045,25.0,1.0,0.9400000000000008,0.0012149016554393,nominal_vdd,model_nominal_vdd,1.0,simulation,ngspice,c9ed2e513523c57a76912a35b2860cb85e4aaa3402b69757d84efa9cc2fb8410,data/raw/ptm45_hp_vds_1v_raw.txt
PTM,NMOS,45,HP,1.0,0.045,25.0,1.0,0.9450000000000008,0.0012252854648946,nominal_vdd,model_nominal_vdd,1.0,simulation,ngspice,c9ed2e513523c57a76912a35b2860cb85e4aaa3402b69757d84efa9cc2fb8410,data/raw/ptm45_hp_vds_1v_raw.txt
PTM,NMOS,45,HP,1.0,0.045,25.0,1.0,0.9500000000000008,0.0012356647676974,nominal_vdd,model_nominal_vdd,1.0,simulation,ngspice,c9ed2e513523c57a76912a35b2860cb85e4aaa3402b69757d84efa9cc2fb8410,data/raw/ptm45_hp_vds_1v_raw.txt
PTM,NMOS,45,HP,1.0,0.045,25.0,1.0,0.9550000000000008,0.0012460395489348,nominal_vdd,model_nominal_vdd,1.0,simulation,ngspice,c9ed2e513523c57a76912a35b2860cb85e4aaa3402b69757d84efa9cc2fb8410,data/raw/ptm45_hp_vds_1v_raw.txt
PTM,NMOS,45,HP,1.0,0.045,25.0,1.0,0.9600000000000009,0.0012564097928429,nominal_vdd,model_nominal_vdd,1.0,simulation,ngspice,c9ed2e513523c57a76912a35b2860cb85e4aaa3402b69757d84efa9cc2fb8410,data/raw/ptm45_hp_vds_1v_raw.txt
PTM,NMOS,45,HP,1.0,0.045,25.0,1.0,0.9650000000000007,0.0012667754828229,nominal_vdd,model_nominal_vdd,1.0,simulation,ngspice,c9ed2e513523c57a76912a35b2860cb85e4aaa3402b69757d84efa9cc2fb8410,data/raw/ptm45_hp_vds_1v_raw.txt
PTM,NMOS,45,HP,1.0,0.045,25.0,1.0,0.9700000000000008,0.0012771366014587,nominal_vdd,model_nominal_vdd,1.0,simulation,ngspice,c9ed2e513523c57a76912a35b2860cb85e4aaa3402b69757d84efa9cc2fb8410,data/raw/ptm45_hp_vds_1v_raw.txt
PTM,NMOS,45,HP,1.0,0.045,25.0,1.0,0.9750000000000008,0.0012874931305335,nominal_vdd,model_nominal_vdd,1.0,simulation,ngspice,c9ed2e513523c57a76912a35b2860cb85e4aaa3402b69757d84efa9cc2fb8410,data/raw/ptm45_hp_vds_1v_raw.txt
PTM,NMOS,45,HP,1.0,0.045,25.0,1.0,0.9800000000000008,0.0012978450510485,nominal_vdd,model_nominal_vdd,1.0,simulation,ngspice,c9ed2e513523c57a76912a35b2860cb85e4aaa3402b69757d84efa9cc2fb8410,data/raw/ptm45_hp_vds_1v_raw.txt
PTM,NMOS,45,HP,1.0,0.045,25.0,1.0,0.9850000000000008,0.0013081923432403,nominal_vdd,model_nominal_vdd,1.0,simulation,ngspice,c9ed2e513523c57a76912a35b2860cb85e4aaa3402b69757d84efa9cc2fb8410,data/raw/ptm45_hp_vds_1v_raw.txt
PTM,NMOS,45,HP,1.0,0.045,25.0,1.0,0.9900000000000008,0.0013185349865992,nominal_vdd,model_nominal_vdd,1.0,simulation,ngspice,c9ed2e513523c57a76912a35b2860cb85e4aaa3402b69757d84efa9cc2fb8410,data/raw/ptm45_hp_vds_1v_raw.txt
PTM,NMOS,45,HP,1.0,0.045,25.0,1.0,0.9950000000000008,0.0013288729598871,nominal_vdd,model_nominal_vdd,1.0,simulation,ngspice,c9ed2e513523c57a76912a35b2860cb85e4aaa3402b69757d84efa9cc2fb8410,data/raw/ptm45_hp_vds_1v_raw.txt
PTM,NMOS,45,HP,1.0,0.045,25.0,1.0,1.000000000000001,0.0013392062411556,nominal_vdd,model_nominal_vdd,1.0,simulation,ngspice,c9ed2e513523c57a76912a35b2860cb85e4aaa3402b69757d84efa9cc2fb8410,data/raw/ptm45_hp_vds_1v_raw.txt
