model_family,device_type,technology_nm,application_type,W_um,L_um,temperature_C,VDS_V,VGS_V,ID_A,bias_label,comparison_basis,nominal_VDD_V,source_type,simulator,model_file_sha256,raw_file
PTM,NMOS,45,LP,1.0,0.045,25.0,0.05,-0.2,7.395875460396778e-14,low_vds,low_drain_bias,1.1,simulation,ngspice,397141eb8a813045075ac2be3098d3b136ebaf4d597c08fca627922a75e443b7,data/raw/ptm45_lp_vds_0p05v_raw.txt
PTM,NMOS,45,LP,1.0,0.045,25.0,0.05,-0.195,7.601454251612677e-14,low_vds,low_drain_bias,1.1,simulation,ngspice,397141eb8a813045075ac2be3098d3b136ebaf4d597c08fca627922a75e443b7,data/raw/ptm45_lp_vds_0p05v_raw.txt
PTM,NMOS,45,LP,1.0,0.045,25.0,0.05,-0.19,7.850783667536665e-14,low_vds,low_drain_bias,1.1,simulation,ngspice,397141eb8a813045075ac2be3098d3b136ebaf4d597c08fca627922a75e443b7,data/raw/ptm45_lp_vds_0p05v_raw.txt
PTM,NMOS,45,LP,1.0,0.045,25.0,0.05,-0.185,8.135751620383013e-14,low_vds,low_drain_bias,1.1,simulation,ngspice,397141eb8a813045075ac2be3098d3b136ebaf4d597c08fca627922a75e443b7,data/raw/ptm45_lp_vds_0p05v_raw.txt
PTM,NMOS,45,LP,1.0,0.045,25.0,0.05,-0.18,8.461451989416026e-14,low_vds,low_drain_bias,1.1,simulation,ngspice,397141eb8a813045075ac2be3098d3b136ebaf4d597c08fca627922a75e443b7,data/raw/ptm45_lp_vds_0p05v_raw.txt
PTM,NMOS,45,LP,1.0,0.045,25.0,0.05,-0.175,8.833706685786713e-14,low_vds,low_drain_bias,1.1,simulation,ngspice,397141eb8a813045075ac2be3098d3b136ebaf4d597c08fca627922a75e443b7,data/raw/ptm45_lp_vds_0p05v_raw.txt
PTM,NMOS,45,LP,1.0,0.045,25.0,0.05,-0.17,9.259169694949073e-14,low_vds,low_drain_bias,1.1,simulation,ngspice,397141eb8a813045075ac2be3098d3b136ebaf4d597c08fca627922a75e443b7,data/raw/ptm45_lp_vds_0p05v_raw.txt
PTM,NMOS,45,LP,1.0,0.045,25.0,0.05,-0.165,9.745445985747446e-14,low_vds,low_drain_bias,1.1,simulation,ngspice,397141eb8a813045075ac2be3098d3b136ebaf4d597c08fca627922a75e443b7,data/raw/ptm45_lp_vds_0p05v_raw.txt
PTM,NMOS,45,LP,1.0,0.045,25.0,0.05,-0.16,1.0301227409297511e-13,low_vds,low_drain_bias,1.1,simulation,ngspice,397141eb8a813045075ac2be3098d3b136ebaf4d597c08fca627922a75e443b7,data/raw/ptm45_lp_vds_0p05v_raw.txt
PTM,NMOS,45,LP,1.0,0.045,25.0,0.05,-0.155,1.09364480156364e-13,low_vds,low_drain_bias,1.1,simulation,ngspice,397141eb8a813045075ac2be3098d3b136ebaf4d597c08fca627922a75e443b7,data/raw/ptm45_lp_vds_0p05v_raw.txt
PTM,NMOS,45,LP,1.0,0.045,25.0,0.05,-0.15,1.166246156059891e-13,low_vds,low_drain_bias,1.1,simulation,ngspice,397141eb8a813045075ac2be3098d3b136ebaf4d597c08fca627922a75e443b7,data/raw/ptm45_lp_vds_0p05v_raw.txt
PTM,NMOS,45,LP,1.0,0.045,25.0,0.05,-0.145,1.2492244373862272e-13,low_vds,low_drain_bias,1.1,simulation,ngspice,397141eb8a813045075ac2be3098d3b136ebaf4d597c08fca627922a75e443b7,data/raw/ptm45_lp_vds_0p05v_raw.txt
PTM,NMOS,45,LP,1.0,0.045,25.0,0.05,-0.14,1.3440627209241499e-13,low_vds,low_drain_bias,1.1,simulation,ngspice,397141eb8a813045075ac2be3098d3b136ebaf4d597c08fca627922a75e443b7,data/raw/ptm45_lp_vds_0p05v_raw.txt
PTM,NMOS,45,LP,1.0,0.045,25.0,0.05,-0.135,1.452456021733825e-13,low_vds,low_drain_bias,1.1,simulation,ngspice,397141eb8a813045075ac2be3098d3b136ebaf4d597c08fca627922a75e443b7,data/raw/ptm45_lp_vds_0p05v_raw.txt
PTM,NMOS,45,LP,1.0,0.045,25.0,0.05,-0.1299999999999999,1.5763415770000582e-13,low_vds,low_drain_bias,1.1,simulation,ngspice,397141eb8a813045075ac2be3098d3b136ebaf4d597c08fca627922a75e443b7,data/raw/ptm45_lp_vds_0p05v_raw.txt
PTM,NMOS,45,LP,1.0,0.045,25.0,0.05,-0.1249999999999999,1.717933454327264e-13,low_vds,low_drain_bias,1.1,simulation,ngspice,397141eb8a813045075ac2be3098d3b136ebaf4d597c08fca627922a75e443b7,data/raw/ptm45_lp_vds_0p05v_raw.txt
PTM,NMOS,45,LP,1.0,0.045,25.0,0.05,-0.1199999999999999,1.879762103396908e-13,low_vds,low_drain_bias,1.1,simulation,ngspice,397141eb8a813045075ac2be3098d3b136ebaf4d597c08fca627922a75e443b7,data/raw/ptm45_lp_vds_0p05v_raw.txt
PTM,NMOS,45,LP,1.0,0.045,25.0,0.05,-0.1149999999999999,2.064719556977238e-13,low_vds,low_drain_bias,1.1,simulation,ngspice,397141eb8a813045075ac2be3098d3b136ebaf4d597c08fca627922a75e443b7,data/raw/ptm45_lp_vds_0p05v_raw.txt
PTM,NMOS,45,LP,1.0,0.045,25.0,0.05,-0.1099999999999999,2.276111087748233e-13,low_vds,low_drain_bias,1.1,simulation,ngspice,397141eb8a813045075ac2be3098d3b136ebaf4d597c08fca627922a75e443b7,data/raw/ptm45_lp_vds_0p05v_raw.txt
PTM,NMOS,45,LP,1.0,0.045,25.0,0.05,-0.1049999999999999,2.517714242670328e-13,low_vds,low_drain_bias,1.1,simulation,ngspice,397141eb8a813045075ac2be3098d3b136ebaf4d597c08fca627922a75e443b7,data/raw/ptm45_lp_vds_0p05v_raw.txt
PTM,NMOS,45,LP,1.0,0.045,25.0,0.05,-0.0999999999999999,2.793846307853277e-13,low_vds,low_drain_bias,1.1,simulation,ngspice,397141eb8a813045075ac2be3098d3b136ebaf4d597c08fca627922a75e443b7,data/raw/ptm45_lp_vds_0p05v_raw.txt
PTM,NMOS,45,LP,1.0,0.045,25.0,0.05,-0.0949999999999999,3.10944140741686e-13,low_vds,low_drain_bias,1.1,simulation,ngspice,397141eb8a813045075ac2be3098d3b136ebaf4d597c08fca627922a75e443b7,data/raw/ptm45_lp_vds_0p05v_raw.txt
PTM,NMOS,45,LP,1.0,0.045,25.0,0.05,-0.0899999999999999,3.4701386111724443e-13,low_vds,low_drain_bias,1.1,simulation,ngspice,397141eb8a813045075ac2be3098d3b136ebaf4d597c08fca627922a75e443b7,data/raw/ptm45_lp_vds_0p05v_raw.txt
PTM,NMOS,45,LP,1.0,0.045,25.0,0.05,-0.0849999999999999,3.882382622197583e-13,low_vds,low_drain_bias,1.1,simulation,ngspice,397141eb8a813045075ac2be3098d3b136ebaf4d597c08fca627922a75e443b7,data/raw/ptm45_lp_vds_0p05v_raw.txt
PTM,NMOS,45,LP,1.0,0.045,25.0,0.05,-0.0799999999999999,4.353538839185174e-13,low_vds,low_drain_bias,1.1,simulation,ngspice,397141eb8a813045075ac2be3098d3b136ebaf4d597c08fca627922a75e443b7,data/raw/ptm45_lp_vds_0p05v_raw.txt
PTM,NMOS,45,LP,1.0,0.045,25.0,0.05,-0.0749999999999999,4.892024844485102e-13,low_vds,low_drain_bias,1.1,simulation,ngspice,397141eb8a813045075ac2be3098d3b136ebaf4d597c08fca627922a75e443b7,data/raw/ptm45_lp_vds_0p05v_raw.txt
PTM,NMOS,45,LP,1.0,0.045,25.0,0.05,-0.0699999999999999,5.507460661046448e-13,low_vds,low_drain_bias,1.1,simulation,ngspice,397141eb8a813045075ac2be3098d3b136ebaf4d597c08fca627922a75e443b7,data/raw/ptm45_lp_vds_0p05v_raw.txt
PTM,NMOS,45,LP,1.0,0.045,25.0,0.05,-0.0649999999999998,6.210840455007625e-13,low_vds,low_drain_bias,1.1,simulation,ngspice,397141eb8a813045075ac2be3098d3b136ebaf4d597c08fca627922a75e443b7,data/raw/ptm45_lp_vds_0p05v_raw.txt
PTM,NMOS,45,LP,1.0,0.045,25.0,0.05,-0.0599999999999998,7.014728742536475e-13,low_vds,low_drain_bias,1.1,simulation,ngspice,397141eb8a813045075ac2be3098d3b136ebaf4d597c08fca627922a75e443b7,data/raw/ptm45_lp_vds_0p05v_raw.txt
PTM,NMOS,45,LP,1.0,0.045,25.0,0.05,-0.0549999999999999,7.933484594838286e-13,low_vds,low_drain_bias,1.1,simulation,ngspice,397141eb8a813045075ac2be3098d3b136ebaf4d597c08fca627922a75e443b7,data/raw/ptm45_lp_vds_0p05v_raw.txt
PTM,NMOS,45,LP,1.0,0.045,25.0,0.05,-0.0499999999999999,8.983517832673063e-13,low_vds,low_drain_bias,1.1,simulation,ngspice,397141eb8a813045075ac2be3098d3b136ebaf4d597c08fca627922a75e443b7,data/raw/ptm45_lp_vds_0p05v_raw.txt
PTM,NMOS,45,LP,1.0,0.045,25.0,0.05,-0.0449999999999999,1.01835817701383e-12,low_vds,low_drain_bias,1.1,simulation,ngspice,397141eb8a813045075ac2be3098d3b136ebaf4d597c08fca627922a75e443b7,data/raw/ptm45_lp_vds_0p05v_raw.txt
PTM,NMOS,45,LP,1.0,0.045,25.0,0.05,-0.0399999999999999,1.155510771630305e-12,low_vds,low_drain_bias,1.1,simulation,ngspice,397141eb8a813045075ac2be3098d3b136ebaf4d597c08fca627922a75e443b7,data/raw/ptm45_lp_vds_0p05v_raw.txt
PTM,NMOS,45,LP,1.0,0.045,25.0,0.05,-0.0349999999999999,1.312258718417095e-12,low_vds,low_drain_bias,1.1,simulation,ngspice,397141eb8a813045075ac2be3098d3b136ebaf4d597c08fca627922a75e443b7,data/raw/ptm45_lp_vds_0p05v_raw.txt
PTM,NMOS,45,LP,1.0,0.045,25.0,0.05,-0.0299999999999999,1.491400860282069e-12,low_vds,low_drain_bias,1.1,simulation,ngspice,397141eb8a813045075ac2be3098d3b136ebaf4d597c08fca627922a75e443b7,data/raw/ptm45_lp_vds_0p05v_raw.txt
PTM,NMOS,45,LP,1.0,0.045,25.0,0.05,-0.0249999999999999,1.696135629485605e-12,low_vds,low_drain_bias,1.1,simulation,ngspice,397141eb8a813045075ac2be3098d3b136ebaf4d597c08fca627922a75e443b7,data/raw/ptm45_lp_vds_0p05v_raw.txt
PTM,NMOS,45,LP,1.0,0.045,25.0,0.05,-0.0199999999999999,1.9301180583847098e-12,low_vds,low_drain_bias,1.1,simulation,ngspice,397141eb8a813045075ac2be3098d3b136ebaf4d597c08fca627922a75e443b7,data/raw/ptm45_lp_vds_0p05v_raw.txt
PTM,NMOS,45,LP,1.0,0.045,25.0,0.05,-0.0149999999999999,2.197524915686957e-12,low_vds,low_drain_bias,1.1,simulation,ngspice,397141eb8a813045075ac2be3098d3b136ebaf4d597c08fca627922a75e443b7,data/raw/ptm45_lp_vds_0p05v_raw.txt
PTM,NMOS,45,LP,1.0,0.045,25.0,0.05,-0.0099999999999999,2.503129124444736e-12,low_vds,low_drain_bias,1.1,simulation,ngspice,397141eb8a813045075ac2be3098d3b136ebaf4d597c08fca627922a75e443b7,data/raw/ptm45_lp_vds_0p05v_raw.txt
PTM,NMOS,45,LP,1.0,0.045,25.0,0.05,-0.0049999999999999,2.8523847821044797e-12,low_vds,low_drain_bias,1.1,simulation,ngspice,397141eb8a813045075ac2be3098d3b136ebaf4d597c08fca627922a75e443b7,data/raw/ptm45_lp_vds_0p05v_raw.txt
PTM,NMOS,45,LP,1.0,0.045,25.0,0.05,9.887923813067799e-17,3.251524290405956e-12,low_vds,low_drain_bias,1.1,simulation,ngspice,397141eb8a813045075ac2be3098d3b136ebaf4d597c08fca627922a75e443b7,data/raw/ptm45_lp_vds_0p05v_raw.txt
PTM,NMOS,45,LP,1.0,0.045,25.0,0.05,0.005,3.707669316523959e-12,low_vds,low_drain_bias,1.1,simulation,ngspice,397141eb8a813045075ac2be3098d3b136ebaf4d597c08fca627922a75e443b7,data/raw/ptm45_lp_vds_0p05v_raw.txt
PTM,NMOS,45,LP,1.0,0.045,25.0,0.05,0.0100000000000001,4.228957551063623e-12,low_vds,low_drain_bias,1.1,simulation,ngspice,397141eb8a813045075ac2be3098d3b136ebaf4d597c08fca627922a75e443b7,data/raw/ptm45_lp_vds_0p05v_raw.txt
PTM,NMOS,45,LP,1.0,0.045,25.0,0.05,0.0150000000000001,4.824687506685198e-12,low_vds,low_drain_bias,1.1,simulation,ngspice,397141eb8a813045075ac2be3098d3b136ebaf4d597c08fca627922a75e443b7,data/raw/ptm45_lp_vds_0p05v_raw.txt
PTM,NMOS,45,LP,1.0,0.045,25.0,0.05,0.0200000000000001,5.505483919056862e-12,low_vds,low_drain_bias,1.1,simulation,ngspice,397141eb8a813045075ac2be3098d3b136ebaf4d597c08fca627922a75e443b7,data/raw/ptm45_lp_vds_0p05v_raw.txt
PTM,NMOS,45,LP,1.0,0.045,25.0,0.05,0.0250000000000001,6.283486673927796e-12,low_vds,low_drain_bias,1.1,simulation,ngspice,397141eb8a813045075ac2be3098d3b136ebaf4d597c08fca627922a75e443b7,data/raw/ptm45_lp_vds_0p05v_raw.txt
PTM,NMOS,45,LP,1.0,0.045,25.0,0.05,0.0300000000000001,7.172566597765344e-12,low_vds,low_drain_bias,1.1,simulation,ngspice,397141eb8a813045075ac2be3098d3b136ebaf4d597c08fca627922a75e443b7,data/raw/ptm45_lp_vds_0p05v_raw.txt
PTM,NMOS,45,LP,1.0,0.045,25.0,0.05,0.0350000000000001,8.188571920535385e-12,low_vds,low_drain_bias,1.1,simulation,ngspice,397141eb8a813045075ac2be3098d3b136ebaf4d597c08fca627922a75e443b7,data/raw/ptm45_lp_vds_0p05v_raw.txt
PTM,NMOS,45,LP,1.0,0.045,25.0,0.05,0.0400000000000001,9.34960975708919e-12,low_vds,low_drain_bias,1.1,simulation,ngspice,397141eb8a813045075ac2be3098d3b136ebaf4d597c08fca627922a75e443b7,data/raw/ptm45_lp_vds_0p05v_raw.txt
PTM,NMOS,45,LP,1.0,0.045,25.0,0.05,0.0450000000000001,1.0676367566375269e-11,low_vds,low_drain_bias,1.1,simulation,ngspice,397141eb8a813045075ac2be3098d3b136ebaf4d597c08fca627922a75e443b7,data/raw/ptm45_lp_vds_0p05v_raw.txt
PTM,NMOS,45,LP,1.0,0.045,25.0,0.05,0.05,1.2192480246501229e-11,low_vds,low_drain_bias,1.1,simulation,ngspice,397141eb8a813045075ac2be3098d3b136ebaf4d597c08fca627922a75e443b7,data/raw/ptm45_lp_vds_0p05v_raw.txt
PTM,NMOS,45,LP,1.0,0.045,25.0,0.05,0.055,1.392494932025244e-11,low_vds,low_drain_bias,1.1,simulation,ngspice,397141eb8a813045075ac2be3098d3b136ebaf4d597c08fca627922a75e443b7,data/raw/ptm45_lp_vds_0p05v_raw.txt
PTM,NMOS,45,LP,1.0,0.045,25.0,0.05,0.06,1.590462157302586e-11,low_vds,low_drain_bias,1.1,simulation,ngspice,397141eb8a813045075ac2be3098d3b136ebaf4d597c08fca627922a75e443b7,data/raw/ptm45_lp_vds_0p05v_raw.txt
PTM,NMOS,45,LP,1.0,0.045,25.0,0.05,0.065,1.816673553939301e-11,low_vds,low_drain_bias,1.1,simulation,ngspice,397141eb8a813045075ac2be3098d3b136ebaf4d597c08fca627922a75e443b7,data/raw/ptm45_lp_vds_0p05v_raw.txt
PTM,NMOS,45,LP,1.0,0.045,25.0,0.05,0.07,2.0751545412351658e-11,low_vds,low_drain_bias,1.1,simulation,ngspice,397141eb8a813045075ac2be3098d3b136ebaf4d597c08fca627922a75e443b7,data/raw/ptm45_lp_vds_0p05v_raw.txt
PTM,NMOS,45,LP,1.0,0.045,25.0,0.05,0.0750000000000001,2.370503329073288e-11,low_vds,low_drain_bias,1.1,simulation,ngspice,397141eb8a813045075ac2be3098d3b136ebaf4d597c08fca627922a75e443b7,data/raw/ptm45_lp_vds_0p05v_raw.txt
PTM,NMOS,45,LP,1.0,0.045,25.0,0.05,0.0800000000000001,2.707972220754011e-11,low_vds,low_drain_bias,1.1,simulation,ngspice,397141eb8a813045075ac2be3098d3b136ebaf4d597c08fca627922a75e443b7,data/raw/ptm45_lp_vds_0p05v_raw.txt
PTM,NMOS,45,LP,1.0,0.045,25.0,0.05,0.0850000000000001,3.093560412048254e-11,low_vds,low_drain_bias,1.1,simulation,ngspice,397141eb8a813045075ac2be3098d3b136ebaf4d597c08fca627922a75e443b7,data/raw/ptm45_lp_vds_0p05v_raw.txt
PTM,NMOS,45,LP,1.0,0.045,25.0,0.05,0.0900000000000001,3.534119902427172e-11,low_vds,low_drain_bias,1.1,simulation,ngspice,397141eb8a813045075ac2be3098d3b136ebaf4d597c08fca627922a75e443b7,data/raw/ptm45_lp_vds_0p05v_raw.txt
PTM,NMOS,45,LP,1.0,0.045,25.0,0.05,0.0950000000000001,4.037476359469622e-11,low_vds,low_drain_bias,1.1,simulation,ngspice,397141eb8a813045075ac2be3098d3b136ebaf4d597c08fca627922a75e443b7,data/raw/ptm45_lp_vds_0p05v_raw.txt
PTM,NMOS,45,LP,1.0,0.045,25.0,0.05,0.1000000000000001,4.612567033390442e-11,low_vds,low_drain_bias,1.1,simulation,ngspice,397141eb8a813045075ac2be3098d3b136ebaf4d597c08fca627922a75e443b7,data/raw/ptm45_lp_vds_0p05v_raw.txt
PTM,NMOS,45,LP,1.0,0.045,25.0,0.05,0.1050000000000001,5.269598109588379e-11,low_vds,low_drain_bias,1.1,simulation,ngspice,397141eb8a813045075ac2be3098d3b136ebaf4d597c08fca627922a75e443b7,data/raw/ptm45_lp_vds_0p05v_raw.txt
PTM,NMOS,45,LP,1.0,0.045,25.0,0.05,0.1100000000000001,6.020224217791069e-11,low_vds,low_drain_bias,1.1,simulation,ngspice,397141eb8a813045075ac2be3098d3b136ebaf4d597c08fca627922a75e443b7,data/raw/ptm45_lp_vds_0p05v_raw.txt
PTM,NMOS,45,LP,1.0,0.045,25.0,0.05,0.1150000000000001,6.877753191989786e-11,low_vds,low_drain_bias,1.1,simulation,ngspice,397141eb8a813045075ac2be3098d3b136ebaf4d597c08fca627922a75e443b7,data/raw/ptm45_lp_vds_0p05v_raw.txt
PTM,NMOS,45,LP,1.0,0.045,25.0,0.05,0.1200000000000001,7.857379601905267e-11,low_vds,low_drain_bias,1.1,simulation,ngspice,397141eb8a813045075ac2be3098d3b136ebaf4d597c08fca627922a75e443b7,data/raw/ptm45_lp_vds_0p05v_raw.txt
PTM,NMOS,45,LP,1.0,0.045,25.0,0.05,0.1250000000000001,8.976451060876179e-11,low_vds,low_drain_bias,1.1,simulation,ngspice,397141eb8a813045075ac2be3098d3b136ebaf4d597c08fca627922a75e443b7,data/raw/ptm45_lp_vds_0p05v_raw.txt
PTM,NMOS,45,LP,1.0,0.045,25.0,0.05,0.1300000000000001,1.025477186426968e-10,low_vds,low_drain_bias,1.1,simulation,ngspice,397141eb8a813045075ac2be3098d3b136ebaf4d597c08fca627922a75e443b7,data/raw/ptm45_lp_vds_0p05v_raw.txt
PTM,NMOS,45,LP,1.0,0.045,25.0,0.05,0.1350000000000001,1.171494913534426e-10,low_vds,low_drain_bias,1.1,simulation,ngspice,397141eb8a813045075ac2be3098d3b136ebaf4d597c08fca627922a75e443b7,data/raw/ptm45_lp_vds_0p05v_raw.txt
PTM,NMOS,45,LP,1.0,0.045,25.0,0.05,0.1400000000000002,1.338278736128726e-10,low_vds,low_drain_bias,1.1,simulation,ngspice,397141eb8a813045075ac2be3098d3b136ebaf4d597c08fca627922a75e443b7,data/raw/ptm45_lp_vds_0p05v_raw.txt
PTM,NMOS,45,LP,1.0,0.045,25.0,0.05,0.1450000000000002,1.5412532427539337e-10,low_vds,low_drain_bias,1.1,simulation,ngspice,397141eb8a813045075ac2be3098d3b136ebaf4d597c08fca627922a75e443b7,data/raw/ptm45_lp_vds_0p05v_raw.txt
PTM,NMOS,45,LP,1.0,0.045,25.0,0.05,0.1500000000000002,1.7605891347579788e-10,low_vds,low_drain_bias,1.1,simulation,ngspice,397141eb8a813045075ac2be3098d3b136ebaf4d597c08fca627922a75e443b7,data/raw/ptm45_lp_vds_0p05v_raw.txt
PTM,NMOS,45,LP,1.0,0.045,25.0,0.05,0.1550000000000002,2.0110821431592877e-10,low_vds,low_drain_bias,1.1,simulation,ngspice,397141eb8a813045075ac2be3098d3b136ebaf4d597c08fca627922a75e443b7,data/raw/ptm45_lp_vds_0p05v_raw.txt
PTM,NMOS,45,LP,1.0,0.045,25.0,0.05,0.1600000000000002,2.2971432849078869e-10,low_vds,low_drain_bias,1.1,simulation,ngspice,397141eb8a813045075ac2be3098d3b136ebaf4d597c08fca627922a75e443b7,data/raw/ptm45_lp_vds_0p05v_raw.txt
PTM,NMOS,45,LP,1.0,0.045,25.0,0.05,0.1650000000000002,2.623804818400946e-10,low_vds,low_drain_bias,1.1,simulation,ngspice,397141eb8a813045075ac2be3098d3b136ebaf4d597c08fca627922a75e443b7,data/raw/ptm45_lp_vds_0p05v_raw.txt
PTM,NMOS,45,LP,1.0,0.045,25.0,0.05,0.1700000000000002,2.996807036446583e-10,low_vds,low_drain_bias,1.1,simulation,ngspice,397141eb8a813045075ac2be3098d3b136ebaf4d597c08fca627922a75e443b7,data/raw/ptm45_lp_vds_0p05v_raw.txt
PTM,NMOS,45,LP,1.0,0.045,25.0,0.05,0.1750000000000002,3.42269703363827e-10,low_vds,low_drain_bias,1.1,simulation,ngspice,397141eb8a813045075ac2be3098d3b136ebaf4d597c08fca627922a75e443b7,data/raw/ptm45_lp_vds_0p05v_raw.txt
PTM,NMOS,45,LP,1.0,0.045,25.0,0.05,0.1800000000000002,3.9089410677191147e-10,low_vds,low_drain_bias,1.1,simulation,ngspice,397141eb8a813045075ac2be3098d3b136ebaf4d597c08fca627922a75e443b7,data/raw/ptm45_lp_vds_0p05v_raw.txt
PTM,NMOS,45,LP,1.0,0.045,25.0,0.05,0.1850000000000002,4.46405234663526e-10,low_vds,low_drain_bias,1.1,simulation,ngspice,397141eb8a813045075ac2be3098d3b136ebaf4d597c08fca627922a75e443b7,data/raw/ptm45_lp_vds_0p05v_raw.txt
PTM,NMOS,45,LP,1.0,0.045,25.0,0.05,0.1900000000000002,5.097736311418666e-10,low_vds,low_drain_bias,1.1,simulation,ngspice,397141eb8a813045075ac2be3098d3b136ebaf4d597c08fca627922a75e443b7,data/raw/ptm45_lp_vds_0p05v_raw.txt
PTM,NMOS,45,LP,1.0,0.045,25.0,0.05,0.1950000000000002,5.821055752734241e-10,low_vds,low_drain_bias,1.1,simulation,ngspice,397141eb8a813045075ac2be3098d3b136ebaf4d597c08fca627922a75e443b7,data/raw/ptm45_lp_vds_0p05v_raw.txt
PTM,NMOS,45,LP,1.0,0.045,25.0,0.05,0.2000000000000002,6.646618399110087e-10,low_vds,low_drain_bias,1.1,simulation,ngspice,397141eb8a813045075ac2be3098d3b136ebaf4d597c08fca627922a75e443b7,data/raw/ptm45_lp_vds_0p05v_raw.txt
PTM,NMOS,45,LP,1.0,0.045,25.0,0.05,0.2050000000000002,7.58878995102323e-10,low_vds,low_drain_bias,1.1,simulation,ngspice,397141eb8a813045075ac2be3098d3b136ebaf4d597c08fca627922a75e443b7,data/raw/ptm45_lp_vds_0p05v_raw.txt
PTM,NMOS,45,LP,1.0,0.045,25.0,0.05,0.2100000000000002,8.663935910913855e-10,low_vds,low_drain_bias,1.1,simulation,ngspice,397141eb8a813045075ac2be3098d3b136ebaf4d597c08fca627922a75e443b7,data/raw/ptm45_lp_vds_0p05v_raw.txt
PTM,NMOS,45,LP,1.0,0.045,25.0,0.05,0.2150000000000002,9.890695978891435e-10,low_vds,low_drain_bias,1.1,simulation,ngspice,397141eb8a813045075ac2be3098d3b136ebaf4d597c08fca627922a75e443b7,data/raw/ptm45_lp_vds_0p05v_raw.txt
PTM,NMOS,45,LP,1.0,0.045,25.0,0.05,0.2200000000000002,1.129029525172248e-09,low_vds,low_drain_bias,1.1,simulation,ngspice,397141eb8a813045075ac2be3098d3b136ebaf4d597c08fca627922a75e443b7,data/raw/ptm45_lp_vds_0p05v_raw.txt
PTM,NMOS,45,LP,1.0,0.045,25.0,0.05,0.2250000000000002,1.288689698322777e-09,low_vds,low_drain_bias,1.1,simulation,ngspice,397141eb8a813045075ac2be3098d3b136ebaf4d597c08fca627922a75e443b7,data/raw/ptm45_lp_vds_0p05v_raw.txt
PTM,NMOS,45,LP,1.0,0.045,25.0,0.05,0.2300000000000002,1.470800224230529e-09,low_vds,low_drain_bias,1.1,simulation,ngspice,397141eb8a813045075ac2be3098d3b136ebaf4d597c08fca627922a75e443b7,data/raw/ptm45_lp_vds_0p05v_raw.txt
PTM,NMOS,45,LP,1.0,0.045,25.0,0.05,0.2350000000000002,1.678490244548671e-09,low_vds,low_drain_bias,1.1,simulation,ngspice,397141eb8a813045075ac2be3098d3b136ebaf4d597c08fca627922a75e443b7,data/raw/ptm45_lp_vds_0p05v_raw.txt
PTM,NMOS,45,LP,1.0,0.045,25.0,0.05,0.2400000000000002,1.915319144944605e-09,low_vds,low_drain_bias,1.1,simulation,ngspice,397141eb8a813045075ac2be3098d3b136ebaf4d597c08fca627922a75e443b7,data/raw/ptm45_lp_vds_0p05v_raw.txt
PTM,NMOS,45,LP,1.0,0.045,25.0,0.05,0.2450000000000002,2.185334467049588e-09,low_vds,low_drain_bias,1.1,simulation,ngspice,397141eb8a813045075ac2be3098d3b136ebaf4d597c08fca627922a75e443b7,data/raw/ptm45_lp_vds_0p05v_raw.txt
PTM,NMOS,45,LP,1.0,0.045,25.0,0.05,0.2500000000000002,2.493137355818687e-09,low_vds,low_drain_bias,1.1,simulation,ngspice,397141eb8a813045075ac2be3098d3b136ebaf4d597c08fca627922a75e443b7,data/raw/ptm45_lp_vds_0p05v_raw.txt
PTM,NMOS,45,LP,1.0,0.045,25.0,0.05,0.2550000000000002,2.843956469396631e-09,low_vds,low_drain_bias,1.1,simulation,ngspice,397141eb8a813045075ac2be3098d3b136ebaf4d597c08fca627922a75e443b7,data/raw/ptm45_lp_vds_0p05v_raw.txt
PTM,NMOS,45,LP,1.0,0.045,25.0,0.05,0.2600000000000002,3.2437313818400483e-09,low_vds,low_drain_bias,1.1,simulation,ngspice,397141eb8a813045075ac2be3098d3b136ebaf4d597c08fca627922a75e443b7,data/raw/ptm45_lp_vds_0p05v_raw.txt
PTM,NMOS,45,LP,1.0,0.045,25.0,0.05,0.2650000000000002,3.699206621660583e-09,low_vds,low_drain_bias,1.1,simulation,ngspice,397141eb8a813045075ac2be3098d3b136ebaf4d597c08fca627922a75e443b7,data/raw/ptm45_lp_vds_0p05v_raw.txt
PTM,NMOS,45,LP,1.0,0.045,25.0,0.05,0.2700000000000002,4.218037611527368e-09,low_vds,low_drain_bias,1.1,simulation,ngspice,397141eb8a813045075ac2be3098d3b136ebaf4d597c08fca627922a75e443b7,data/raw/ptm45_lp_vds_0p05v_raw.txt
PTM,NMOS,45,LP,1.0,0.045,25.0,0.05,0.2750000000000002,4.808909906961059e-09,low_vds,low_drain_bias,1.1,simulation,ngspice,397141eb8a813045075ac2be3098d3b136ebaf4d597c08fca627922a75e443b7,data/raw/ptm45_lp_vds_0p05v_raw.txt
PTM,NMOS,45,LP,1.0,0.045,25.0,0.05,0.2800000000000002,5.481673274709095e-09,low_vds,low_drain_bias,1.1,simulation,ngspice,397141eb8a813045075ac2be3098d3b136ebaf4d597c08fca627922a75e443b7,data/raw/ptm45_lp_vds_0p05v_raw.txt
PTM,NMOS,45,LP,1.0,0.045,25.0,0.05,0.2850000000000003,6.247492304837046e-09,low_vds,low_drain_bias,1.1,simulation,ngspice,397141eb8a813045075ac2be3098d3b136ebaf4d597c08fca627922a75e443b7,data/raw/ptm45_lp_vds_0p05v_raw.txt
PTM,NMOS,45,LP,1.0,0.045,25.0,0.05,0.2900000000000003,7.1190154143925984e-09,low_vds,low_drain_bias,1.1,simulation,ngspice,397141eb8a813045075ac2be3098d3b136ebaf4d597c08fca627922a75e443b7,data/raw/ptm45_lp_vds_0p05v_raw.txt
PTM,NMOS,45,LP,1.0,0.045,25.0,0.05,0.2950000000000003,8.110564274577018e-09,low_vds,low_drain_bias,1.1,simulation,ngspice,397141eb8a813045075ac2be3098d3b136ebaf4d597c08fca627922a75e443b7,data/raw/ptm45_lp_vds_0p05v_raw.txt
PTM,NMOS,45,LP,1.0,0.045,25.0,0.05,0.3000000000000003,9.238345877294909e-09,low_vds,low_drain_bias,1.1,simulation,ngspice,397141eb8a813045075ac2be3098d3b136ebaf4d597c08fca627922a75e443b7,data/raw/ptm45_lp_vds_0p05v_raw.txt
PTM,NMOS,45,LP,1.0,0.045,25.0,0.05,0.3050000000000003,1.052068965007405e-08,low_vds,low_drain_bias,1.1,simulation,ngspice,397141eb8a813045075ac2be3098d3b136ebaf4d597c08fca627922a75e443b7,data/raw/ptm45_lp_vds_0p05v_raw.txt
PTM,NMOS,45,LP,1.0,0.045,25.0,0.05,0.3100000000000003,1.1978312229734961e-08,low_vds,low_drain_bias,1.1,simulation,ngspice,397141eb8a813045075ac2be3098d3b136ebaf4d597c08fca627922a75e443b7,data/raw/ptm45_lp_vds_0p05v_raw.txt
PTM,NMOS,45,LP,1.0,0.045,25.0,0.05,0.3150000000000003,1.3634612713608352e-08,low_vds,low_drain_bias,1.1,simulation,ngspice,397141eb8a813045075ac2be3098d3b136ebaf4d597c08fca627922a75e443b7,data/raw/ptm45_lp_vds_0p05v_raw.txt
PTM,NMOS,45,LP,1.0,0.045,25.0,0.05,0.3200000000000003,1.551600142100748e-08,low_vds,low_drain_bias,1.1,simulation,ngspice,397141eb8a813045075ac2be3098d3b136ebaf4d597c08fca627922a75e443b7,data/raw/ptm45_lp_vds_0p05v_raw.txt
PTM,NMOS,45,LP,1.0,0.045,25.0,0.05,0.3250000000000003,1.7652265415203193e-08,low_vds,low_drain_bias,1.1,simulation,ngspice,397141eb8a813045075ac2be3098d3b136ebaf4d597c08fca627922a75e443b7,data/raw/ptm45_lp_vds_0p05v_raw.txt
PTM,NMOS,45,LP,1.0,0.045,25.0,0.05,0.3300000000000003,2.00769742551071e-08,low_vds,low_drain_bias,1.1,simulation,ngspice,397141eb8a813045075ac2be3098d3b136ebaf4d597c08fca627922a75e443b7,data/raw/ptm45_lp_vds_0p05v_raw.txt
PTM,NMOS,45,LP,1.0,0.045,25.0,0.05,0.3350000000000003,2.282792966379158e-08,low_vds,low_drain_bias,1.1,simulation,ngspice,397141eb8a813045075ac2be3098d3b136ebaf4d597c08fca627922a75e443b7,data/raw/ptm45_lp_vds_0p05v_raw.txt
PTM,NMOS,45,LP,1.0,0.045,25.0,0.05,0.3400000000000003,2.5947663015056183e-08,low_vds,low_drain_bias,1.1,simulation,ngspice,397141eb8a813045075ac2be3098d3b136ebaf4d597c08fca627922a75e443b7,data/raw/ptm45_lp_vds_0p05v_raw.txt
PTM,NMOS,45,LP,1.0,0.045,25.0,0.05,0.3450000000000003,2.9483984746572073e-08,low_vds,low_drain_bias,1.1,simulation,ngspice,397141eb8a813045075ac2be3098d3b136ebaf4d597c08fca627922a75e443b7,data/raw/ptm45_lp_vds_0p05v_raw.txt
PTM,NMOS,45,LP,1.0,0.045,25.0,0.05,0.3500000000000003,3.349058931206693e-08,low_vds,low_drain_bias,1.1,simulation,ngspice,397141eb8a813045075ac2be3098d3b136ebaf4d597c08fca627922a75e443b7,data/raw/ptm45_lp_vds_0p05v_raw.txt
PTM,NMOS,45,LP,1.0,0.045,25.0,0.05,0.3550000000000003,3.802771883703065e-08,low_vds,low_drain_bias,1.1,simulation,ngspice,397141eb8a813045075ac2be3098d3b136ebaf4d597c08fca627922a75e443b7,data/raw/ptm45_lp_vds_0p05v_raw.txt
PTM,NMOS,45,LP,1.0,0.045,25.0,0.05,0.3600000000000003,4.316289994553782e-08,low_vds,low_drain_bias,1.1,simulation,ngspice,397141eb8a813045075ac2be3098d3b136ebaf4d597c08fca627922a75e443b7,data/raw/ptm45_lp_vds_0p05v_raw.txt
PTM,NMOS,45,LP,1.0,0.045,25.0,0.05,0.3650000000000003,4.89717439185264e-08,low_vds,low_drain_bias,1.1,simulation,ngspice,397141eb8a813045075ac2be3098d3b136ebaf4d597c08fca627922a75e443b7,data/raw/ptm45_lp_vds_0p05v_raw.txt
PTM,NMOS,45,LP,1.0,0.045,25.0,0.05,0.3700000000000003,5.553882326565451e-08,low_vds,low_drain_bias,1.1,simulation,ngspice,397141eb8a813045075ac2be3098d3b136ebaf4d597c08fca627922a75e443b7,data/raw/ptm45_lp_vds_0p05v_raw.txt
PTM,NMOS,45,LP,1.0,0.045,25.0,0.05,0.3750000000000003,6.295862884976258e-08,low_vds,low_drain_bias,1.1,simulation,ngspice,397141eb8a813045075ac2be3098d3b136ebaf4d597c08fca627922a75e443b7,data/raw/ptm45_lp_vds_0p05v_raw.txt
PTM,NMOS,45,LP,1.0,0.045,25.0,0.05,0.3800000000000003,7.133661228844433e-08,low_vds,low_drain_bias,1.1,simulation,ngspice,397141eb8a813045075ac2be3098d3b136ebaf4d597c08fca627922a75e443b7,data/raw/ptm45_lp_vds_0p05v_raw.txt
PTM,NMOS,45,LP,1.0,0.045,25.0,0.05,0.3850000000000003,8.079031880995757e-08,low_vds,low_drain_bias,1.1,simulation,ngspice,397141eb8a813045075ac2be3098d3b136ebaf4d597c08fca627922a75e443b7,data/raw/ptm45_lp_vds_0p05v_raw.txt
PTM,NMOS,45,LP,1.0,0.045,25.0,0.05,0.3900000000000003,9.145061576946839e-08,low_vds,low_drain_bias,1.1,simulation,ngspice,397141eb8a813045075ac2be3098d3b136ebaf4d597c08fca627922a75e443b7,data/raw/ptm45_lp_vds_0p05v_raw.txt
PTM,NMOS,45,LP,1.0,0.045,25.0,0.05,0.3950000000000004,1.034630220329183e-07,low_vds,low_drain_bias,1.1,simulation,ngspice,397141eb8a813045075ac2be3098d3b136ebaf4d597c08fca627922a75e443b7,data/raw/ptm45_lp_vds_0p05v_raw.txt
PTM,NMOS,45,LP,1.0,0.045,25.0,0.05,0.4000000000000004,1.169891434073012e-07,low_vds,low_drain_bias,1.1,simulation,ngspice,397141eb8a813045075ac2be3098d3b136ebaf4d597c08fca627922a75e443b7,data/raw/ptm45_lp_vds_0p05v_raw.txt
PTM,NMOS,45,LP,1.0,0.045,25.0,0.05,0.4050000000000004,1.322082192337008e-07,low_vds,low_drain_bias,1.1,simulation,ngspice,397141eb8a813045075ac2be3098d3b136ebaf4d597c08fca627922a75e443b7,data/raw/ptm45_lp_vds_0p05v_raw.txt
PTM,NMOS,45,LP,1.0,0.045,25.0,0.05,0.4100000000000004,1.493187851546932e-07,low_vds,low_drain_bias,1.1,simulation,ngspice,397141eb8a813045075ac2be3098d3b136ebaf4d597c08fca627922a75e443b7,data/raw/ptm45_lp_vds_0p05v_raw.txt
PTM,NMOS,45,LP,1.0,0.045,25.0,0.05,0.4150000000000004,1.685404569066141e-07,low_vds,low_drain_bias,1.1,simulation,ngspice,397141eb8a813045075ac2be3098d3b136ebaf4d597c08fca627922a75e443b7,data/raw/ptm45_lp_vds_0p05v_raw.txt
PTM,NMOS,45,LP,1.0,0.045,25.0,0.05,0.4200000000000004,1.901158397465179e-07,low_vds,low_drain_bias,1.1,simulation,ngspice,397141eb8a813045075ac2be3098d3b136ebaf4d597c08fca627922a75e443b7,data/raw/ptm45_lp_vds_0p05v_raw.txt
PTM,NMOS,45,LP,1.0,0.045,25.0,0.05,0.4250000000000004,2.143125677680449e-07,low_vds,low_drain_bias,1.1,simulation,ngspice,397141eb8a813045075ac2be3098d3b136ebaf4d597c08fca627922a75e443b7,data/raw/ptm45_lp_vds_0p05v_raw.txt
PTM,NMOS,45,LP,1.0,0.045,25.0,0.05,0.4300000000000004,2.414254768380302e-07,low_vds,low_drain_bias,1.1,simulation,ngspice,397141eb8a813045075ac2be3098d3b136ebaf4d597c08fca627922a75e443b7,data/raw/ptm45_lp_vds_0p05v_raw.txt
PTM,NMOS,45,LP,1.0,0.045,25.0,0.05,0.4350000000000004,2.717789141237522e-07,low_vds,low_drain_bias,1.1,simulation,ngspice,397141eb8a813045075ac2be3098d3b136ebaf4d597c08fca627922a75e443b7,data/raw/ptm45_lp_vds_0p05v_raw.txt
PTM,NMOS,45,LP,1.0,0.045,25.0,0.05,0.4400000000000004,3.057291860809059e-07,low_vds,low_drain_bias,1.1,simulation,ngspice,397141eb8a813045075ac2be3098d3b136ebaf4d597c08fca627922a75e443b7,data/raw/ptm45_lp_vds_0p05v_raw.txt
PTM,NMOS,45,LP,1.0,0.045,25.0,0.05,0.4450000000000004,3.436671452061365e-07,low_vds,low_drain_bias,1.1,simulation,ngspice,397141eb8a813045075ac2be3098d3b136ebaf4d597c08fca627922a75e443b7,data/raw/ptm45_lp_vds_0p05v_raw.txt
PTM,NMOS,45,LP,1.0,0.045,25.0,0.05,0.4500000000000004,3.860209136629703e-07,low_vds,low_drain_bias,1.1,simulation,ngspice,397141eb8a813045075ac2be3098d3b136ebaf4d597c08fca627922a75e443b7,data/raw/ptm45_lp_vds_0p05v_raw.txt
PTM,NMOS,45,LP,1.0,0.045,25.0,0.05,0.4550000000000004,4.332587388677696e-07,low_vds,low_drain_bias,1.1,simulation,ngspice,397141eb8a813045075ac2be3098d3b136ebaf4d597c08fca627922a75e443b7,data/raw/ptm45_lp_vds_0p05v_raw.txt
PTM,NMOS,45,LP,1.0,0.045,25.0,0.05,0.4600000000000004,4.858919720391194e-07,low_vds,low_drain_bias,1.1,simulation,ngspice,397141eb8a813045075ac2be3098d3b136ebaf4d597c08fca627922a75e443b7,data/raw/ptm45_lp_vds_0p05v_raw.txt
PTM,NMOS,45,LP,1.0,0.045,25.0,0.05,0.4650000000000004,5.444781553040899e-07,low_vds,low_drain_bias,1.1,simulation,ngspice,397141eb8a813045075ac2be3098d3b136ebaf4d597c08fca627922a75e443b7,data/raw/ptm45_lp_vds_0p05v_raw.txt
PTM,NMOS,45,LP,1.0,0.045,25.0,0.05,0.4700000000000004,6.096241959300719e-07,low_vds,low_drain_bias,1.1,simulation,ngspice,397141eb8a813045075ac2be3098d3b136ebaf4d597c08fca627922a75e443b7,data/raw/ptm45_lp_vds_0p05v_raw.txt
PTM,NMOS,45,LP,1.0,0.045,25.0,0.05,0.4750000000000004,6.819895973162571e-07,low_vds,low_drain_bias,1.1,simulation,ngspice,397141eb8a813045075ac2be3098d3b136ebaf4d597c08fca627922a75e443b7,data/raw/ptm45_lp_vds_0p05v_raw.txt
PTM,NMOS,45,LP,1.0,0.045,25.0,0.05,0.4800000000000004,7.622897052536524e-07,low_vds,low_drain_bias,1.1,simulation,ngspice,397141eb8a813045075ac2be3098d3b136ebaf4d597c08fca627922a75e443b7,data/raw/ptm45_lp_vds_0p05v_raw.txt
PTM,NMOS,45,LP,1.0,0.045,25.0,0.05,0.4850000000000004,8.512989144139302e-07,low_vds,low_drain_bias,1.1,simulation,ngspice,397141eb8a813045075ac2be3098d3b136ebaf4d597c08fca627922a75e443b7,data/raw/ptm45_lp_vds_0p05v_raw.txt
PTM,NMOS,45,LP,1.0,0.045,25.0,0.05,0.4900000000000004,9.49853763907234e-07,low_vds,low_drain_bias,1.1,simulation,ngspice,397141eb8a813045075ac2be3098d3b136ebaf4d597c08fca627922a75e443b7,data/raw/ptm45_lp_vds_0p05v_raw.txt
PTM,NMOS,45,LP,1.0,0.045,25.0,0.05,0.4950000000000004,1.058855832045724e-06,low_vds,low_drain_bias,1.1,simulation,ngspice,397141eb8a813045075ac2be3098d3b136ebaf4d597c08fca627922a75e443b7,data/raw/ptm45_lp_vds_0p05v_raw.txt
PTM,NMOS,45,LP,1.0,0.045,25.0,0.05,0.5000000000000004,1.179274319339864e-06,low_vds,low_drain_bias,1.1,simulation,ngspice,397141eb8a813045075ac2be3098d3b136ebaf4d597c08fca627922a75e443b7,data/raw/ptm45_lp_vds_0p05v_raw.txt
PTM,NMOS,45,LP,1.0,0.045,25.0,0.05,0.5050000000000004,1.312148185668279e-06,low_vds,low_drain_bias,1.1,simulation,ngspice,397141eb8a813045075ac2be3098d3b136ebaf4d597c08fca627922a75e443b7,data/raw/ptm45_lp_vds_0p05v_raw.txt
PTM,NMOS,45,LP,1.0,0.045,25.0,0.05,0.5100000000000005,1.458587683238821e-06,low_vds,low_drain_bias,1.1,simulation,ngspice,397141eb8a813045075ac2be3098d3b136ebaf4d597c08fca627922a75e443b7,data/raw/ptm45_lp_vds_0p05v_raw.txt
PTM,NMOS,45,LP,1.0,0.045,25.0,0.05,0.5150000000000005,1.61977510250753e-06,low_vds,low_drain_bias,1.1,simulation,ngspice,397141eb8a813045075ac2be3098d3b136ebaf4d597c08fca627922a75e443b7,data/raw/ptm45_lp_vds_0p05v_raw.txt
PTM,NMOS,45,LP,1.0,0.045,25.0,0.05,0.5200000000000005,1.796964525159802e-06,low_vds,low_drain_bias,1.1,simulation,ngspice,397141eb8a813045075ac2be3098d3b136ebaf4d597c08fca627922a75e443b7,data/raw/ptm45_lp_vds_0p05v_raw.txt
PTM,NMOS,45,LP,1.0,0.045,25.0,0.05,0.5250000000000005,1.991480358530374e-06,low_vds,low_drain_bias,1.1,simulation,ngspice,397141eb8a813045075ac2be3098d3b136ebaf4d597c08fca627922a75e443b7,data/raw/ptm45_lp_vds_0p05v_raw.txt
PTM,NMOS,45,LP,1.0,0.045,25.0,0.05,0.5300000000000005,2.204714411803858e-06,low_vds,low_drain_bias,1.1,simulation,ngspice,397141eb8a813045075ac2be3098d3b136ebaf4d597c08fca627922a75e443b7,data/raw/ptm45_lp_vds_0p05v_raw.txt
PTM,NMOS,45,LP,1.0,0.045,25.0,0.05,0.5350000000000005,2.438121268702138e-06,low_vds,low_drain_bias,1.1,simulation,ngspice,397141eb8a813045075ac2be3098d3b136ebaf4d597c08fca627922a75e443b7,data/raw/ptm45_lp_vds_0p05v_raw.txt
PTM,NMOS,45,LP,1.0,0.045,25.0,0.05,0.5400000000000005,2.693211717061741e-06,low_vds,low_drain_bias,1.1,simulation,ngspice,397141eb8a813045075ac2be3098d3b136ebaf4d597c08fca627922a75e443b7,data/raw/ptm45_lp_vds_0p05v_raw.txt
PTM,NMOS,45,LP,1.0,0.045,25.0,0.05,0.5450000000000005,2.971544015698264e-06,low_vds,low_drain_bias,1.1,simulation,ngspice,397141eb8a813045075ac2be3098d3b136ebaf4d597c08fca627922a75e443b7,data/raw/ptm45_lp_vds_0p05v_raw.txt
PTM,NMOS,45,LP,1.0,0.045,25.0,0.05,0.5500000000000005,3.274712815971822e-06,low_vds,low_drain_bias,1.1,simulation,ngspice,397141eb8a813045075ac2be3098d3b136ebaf4d597c08fca627922a75e443b7,data/raw/ptm45_lp_vds_0p05v_raw.txt
PTM,NMOS,45,LP,1.0,0.045,25.0,0.05,0.5550000000000005,3.604335611652703e-06,low_vds,low_drain_bias,1.1,simulation,ngspice,397141eb8a813045075ac2be3098d3b136ebaf4d597c08fca627922a75e443b7,data/raw/ptm45_lp_vds_0p05v_raw.txt
PTM,NMOS,45,LP,1.0,0.045,25.0,0.05,0.5600000000000005,3.962036667196897e-06,low_vds,low_drain_bias,1.1,simulation,ngspice,397141eb8a813045075ac2be3098d3b136ebaf4d597c08fca627922a75e443b7,data/raw/ptm45_lp_vds_0p05v_raw.txt
PTM,NMOS,45,LP,1.0,0.045,25.0,0.05,0.5650000000000005,4.349428471117106e-06,low_vds,low_drain_bias,1.1,simulation,ngspice,397141eb8a813045075ac2be3098d3b136ebaf4d597c08fca627922a75e443b7,data/raw/ptm45_lp_vds_0p05v_raw.txt
PTM,NMOS,45,LP,1.0,0.045,25.0,0.05,0.5700000000000005,4.768090875685468e-06,low_vds,low_drain_bias,1.1,simulation,ngspice,397141eb8a813045075ac2be3098d3b136ebaf4d597c08fca627922a75e443b7,data/raw/ptm45_lp_vds_0p05v_raw.txt
PTM,NMOS,45,LP,1.0,0.045,25.0,0.05,0.5750000000000005,5.219548212497711e-06,low_vds,low_drain_bias,1.1,simulation,ngspice,397141eb8a813045075ac2be3098d3b136ebaf4d597c08fca627922a75e443b7,data/raw/ptm45_lp_vds_0p05v_raw.txt
PTM,NMOS,45,LP,1.0,0.045,25.0,0.05,0.5800000000000005,5.705244808932533e-06,low_vds,low_drain_bias,1.1,simulation,ngspice,397141eb8a813045075ac2be3098d3b136ebaf4d597c08fca627922a75e443b7,data/raw/ptm45_lp_vds_0p05v_raw.txt
PTM,NMOS,45,LP,1.0,0.045,25.0,0.05,0.5850000000000005,6.226519464573341e-06,low_vds,low_drain_bias,1.1,simulation,ngspice,397141eb8a813045075ac2be3098d3b136ebaf4d597c08fca627922a75e443b7,data/raw/ptm45_lp_vds_0p05v_raw.txt
PTM,NMOS,45,LP,1.0,0.045,25.0,0.05,0.5900000000000005,6.784579568812331e-06,low_vds,low_drain_bias,1.1,simulation,ngspice,397141eb8a813045075ac2be3098d3b136ebaf4d597c08fca627922a75e443b7,data/raw/ptm45_lp_vds_0p05v_raw.txt
PTM,NMOS,45,LP,1.0,0.045,25.0,0.05,0.5950000000000005,7.380475639850019e-06,low_vds,low_drain_bias,1.1,simulation,ngspice,397141eb8a813045075ac2be3098d3b136ebaf4d597c08fca627922a75e443b7,data/raw/ptm45_lp_vds_0p05v_raw.txt
PTM,NMOS,45,LP,1.0,0.045,25.0,0.05,0.6000000000000005,8.01507713011461e-06,low_vds,low_drain_bias,1.1,simulation,ngspice,397141eb8a813045075ac2be3098d3b136ebaf4d597c08fca627922a75e443b7,data/raw/ptm45_lp_vds_0p05v_raw.txt
PTM,NMOS,45,LP,1.0,0.045,25.0,0.05,0.6050000000000005,8.689050364373426e-06,low_vds,low_drain_bias,1.1,simulation,ngspice,397141eb8a813045075ac2be3098d3b136ebaf4d597c08fca627922a75e443b7,data/raw/ptm45_lp_vds_0p05v_raw.txt
PTM,NMOS,45,LP,1.0,0.045,25.0,0.05,0.6100000000000005,9.402839448164454e-06,low_vds,low_drain_bias,1.1,simulation,ngspice,397141eb8a813045075ac2be3098d3b136ebaf4d597c08fca627922a75e443b7,data/raw/ptm45_lp_vds_0p05v_raw.txt
PTM,NMOS,45,LP,1.0,0.045,25.0,0.05,0.6150000000000005,1.015665090350655e-05,low_vds,low_drain_bias,1.1,simulation,ngspice,397141eb8a813045075ac2be3098d3b136ebaf4d597c08fca627922a75e443b7,data/raw/ptm45_lp_vds_0p05v_raw.txt
PTM,NMOS,45,LP,1.0,0.045,25.0,0.05,0.6200000000000006,1.095044265897604e-05,low_vds,low_drain_bias,1.1,simulation,ngspice,397141eb8a813045075ac2be3098d3b136ebaf4d597c08fca627922a75e443b7,data/raw/ptm45_lp_vds_0p05v_raw.txt
PTM,NMOS,45,LP,1.0,0.045,25.0,0.05,0.6250000000000006,1.178391784993869e-05,low_vds,low_drain_bias,1.1,simulation,ngspice,397141eb8a813045075ac2be3098d3b136ebaf4d597c08fca627922a75e443b7,data/raw/ptm45_lp_vds_0p05v_raw.txt
PTM,NMOS,45,LP,1.0,0.045,25.0,0.05,0.6300000000000006,1.265652368409278e-05,low_vds,low_drain_bias,1.1,simulation,ngspice,397141eb8a813045075ac2be3098d3b136ebaf4d597c08fca627922a75e443b7,data/raw/ptm45_lp_vds_0p05v_raw.txt
PTM,NMOS,45,LP,1.0,0.045,25.0,0.05,0.6350000000000006,1.356745541251599e-05,low_vds,low_drain_bias,1.1,simulation,ngspice,397141eb8a813045075ac2be3098d3b136ebaf4d597c08fca627922a75e443b7,data/raw/ptm45_lp_vds_0p05v_raw.txt
PTM,NMOS,45,LP,1.0,0.045,25.0,0.05,0.6400000000000006,1.451566523329176e-05,low_vds,low_drain_bias,1.1,simulation,ngspice,397141eb8a813045075ac2be3098d3b136ebaf4d597c08fca627922a75e443b7,data/raw/ptm45_lp_vds_0p05v_raw.txt
PTM,NMOS,45,LP,1.0,0.045,25.0,0.05,0.6450000000000006,1.549987575890701e-05,low_vds,low_drain_bias,1.1,simulation,ngspice,397141eb8a813045075ac2be3098d3b136ebaf4d597c08fca627922a75e443b7,data/raw/ptm45_lp_vds_0p05v_raw.txt
PTM,NMOS,45,LP,1.0,0.045,25.0,0.05,0.6500000000000006,1.651859751285976e-05,low_vds,low_drain_bias,1.1,simulation,ngspice,397141eb8a813045075ac2be3098d3b136ebaf4d597c08fca627922a75e443b7,data/raw/ptm45_lp_vds_0p05v_raw.txt
PTM,NMOS,45,LP,1.0,0.045,25.0,0.05,0.6550000000000006,1.755402944464193e-05,low_vds,low_drain_bias,1.1,simulation,ngspice,397141eb8a813045075ac2be3098d3b136ebaf4d597c08fca627922a75e443b7,data/raw/ptm45_lp_vds_0p05v_raw.txt
PTM,NMOS,45,LP,1.0,0.045,25.0,0.05,0.6600000000000006,1.863751392924937e-05,low_vds,low_drain_bias,1.1,simulation,ngspice,397141eb8a813045075ac2be3098d3b136ebaf4d597c08fca627922a75e443b7,data/raw/ptm45_lp_vds_0p05v_raw.txt
PTM,NMOS,45,LP,1.0,0.045,25.0,0.05,0.6650000000000006,1.975005653391982e-05,low_vds,low_drain_bias,1.1,simulation,ngspice,397141eb8a813045075ac2be3098d3b136ebaf4d597c08fca627922a75e443b7,data/raw/ptm45_lp_vds_0p05v_raw.txt
PTM,NMOS,45,LP,1.0,0.045,25.0,0.05,0.6700000000000006,2.088953710705114e-05,low_vds,low_drain_bias,1.1,simulation,ngspice,397141eb8a813045075ac2be3098d3b136ebaf4d597c08fca627922a75e443b7,data/raw/ptm45_lp_vds_0p05v_raw.txt
PTM,NMOS,45,LP,1.0,0.045,25.0,0.05,0.6750000000000006,2.205374617925336e-05,low_vds,low_drain_bias,1.1,simulation,ngspice,397141eb8a813045075ac2be3098d3b136ebaf4d597c08fca627922a75e443b7,data/raw/ptm45_lp_vds_0p05v_raw.txt
PTM,NMOS,45,LP,1.0,0.045,25.0,0.05,0.6800000000000006,2.324041167363014e-05,low_vds,low_drain_bias,1.1,simulation,ngspice,397141eb8a813045075ac2be3098d3b136ebaf4d597c08fca627922a75e443b7,data/raw/ptm45_lp_vds_0p05v_raw.txt
PTM,NMOS,45,LP,1.0,0.045,25.0,0.05,0.6850000000000006,2.44472246458905e-05,low_vds,low_drain_bias,1.1,simulation,ngspice,397141eb8a813045075ac2be3098d3b136ebaf4d597c08fca627922a75e443b7,data/raw/ptm45_lp_vds_0p05v_raw.txt
PTM,NMOS,45,LP,1.0,0.045,25.0,0.05,0.6900000000000006,2.567186356572378e-05,low_vds,low_drain_bias,1.1,simulation,ngspice,397141eb8a813045075ac2be3098d3b136ebaf4d597c08fca627922a75e443b7,data/raw/ptm45_lp_vds_0p05v_raw.txt
PTM,NMOS,45,LP,1.0,0.045,25.0,0.05,0.6950000000000006,2.691201675775121e-05,low_vds,low_drain_bias,1.1,simulation,ngspice,397141eb8a813045075ac2be3098d3b136ebaf4d597c08fca627922a75e443b7,data/raw/ptm45_lp_vds_0p05v_raw.txt
PTM,NMOS,45,LP,1.0,0.045,25.0,0.05,0.7000000000000006,2.816540272514744e-05,low_vds,low_drain_bias,1.1,simulation,ngspice,397141eb8a813045075ac2be3098d3b136ebaf4d597c08fca627922a75e443b7,data/raw/ptm45_lp_vds_0p05v_raw.txt
PTM,NMOS,45,LP,1.0,0.045,25.0,0.05,0.7050000000000006,2.94297881770546e-05,low_vds,low_drain_bias,1.1,simulation,ngspice,397141eb8a813045075ac2be3098d3b136ebaf4d597c08fca627922a75e443b7,data/raw/ptm45_lp_vds_0p05v_raw.txt
PTM,NMOS,45,LP,1.0,0.045,25.0,0.05,0.7100000000000006,3.07030036690272e-05,low_vds,low_drain_bias,1.1,simulation,ngspice,397141eb8a813045075ac2be3098d3b136ebaf4d597c08fca627922a75e443b7,data/raw/ptm45_lp_vds_0p05v_raw.txt
PTM,NMOS,45,LP,1.0,0.045,25.0,0.05,0.7150000000000006,3.198295684199327e-05,low_vds,low_drain_bias,1.1,simulation,ngspice,397141eb8a813045075ac2be3098d3b136ebaf4d597c08fca627922a75e443b7,data/raw/ptm45_lp_vds_0p05v_raw.txt
PTM,NMOS,45,LP,1.0,0.045,25.0,0.05,0.7200000000000006,3.326764330877721e-05,low_vds,low_drain_bias,1.1,simulation,ngspice,397141eb8a813045075ac2be3098d3b136ebaf4d597c08fca627922a75e443b7,data/raw/ptm45_lp_vds_0p05v_raw.txt
PTM,NMOS,45,LP,1.0,0.045,25.0,0.05,0.7250000000000006,3.45551552880842e-05,low_vds,low_drain_bias,1.1,simulation,ngspice,397141eb8a813045075ac2be3098d3b136ebaf4d597c08fca627922a75e443b7,data/raw/ptm45_lp_vds_0p05v_raw.txt
PTM,NMOS,45,LP,1.0,0.045,25.0,0.05,0.7300000000000006,3.584368812460031e-05,low_vds,low_drain_bias,1.1,simulation,ngspice,397141eb8a813045075ac2be3098d3b136ebaf4d597c08fca627922a75e443b7,data/raw/ptm45_lp_vds_0p05v_raw.txt
PTM,NMOS,45,LP,1.0,0.045,25.0,0.05,0.7350000000000007,3.713154486154289e-05,low_vds,low_drain_bias,1.1,simulation,ngspice,397141eb8a813045075ac2be3098d3b136ebaf4d597c08fca627922a75e443b7,data/raw/ptm45_lp_vds_0p05v_raw.txt
PTM,NMOS,45,LP,1.0,0.045,25.0,0.05,0.7400000000000007,3.841713904985946e-05,low_vds,low_drain_bias,1.1,simulation,ngspice,397141eb8a813045075ac2be3098d3b136ebaf4d597c08fca627922a75e443b7,data/raw/ptm45_lp_vds_0p05v_raw.txt
PTM,NMOS,45,LP,1.0,0.045,25.0,0.05,0.7450000000000007,3.969899598773648e-05,low_vds,low_drain_bias,1.1,simulation,ngspice,397141eb8a813045075ac2be3098d3b136ebaf4d597c08fca627922a75e443b7,data/raw/ptm45_lp_vds_0p05v_raw.txt
PTM,NMOS,45,LP,1.0,0.045,25.0,0.05,0.7500000000000007,4.097575258652217e-05,low_vds,low_drain_bias,1.1,simulation,ngspice,397141eb8a813045075ac2be3098d3b136ebaf4d597c08fca627922a75e443b7,data/raw/ptm45_lp_vds_0p05v_raw.txt
PTM,NMOS,45,LP,1.0,0.045,25.0,0.05,0.7550000000000007,4.224615605599088e-05,low_vds,low_drain_bias,1.1,simulation,ngspice,397141eb8a813045075ac2be3098d3b136ebaf4d597c08fca627922a75e443b7,data/raw/ptm45_lp_vds_0p05v_raw.txt
PTM,NMOS,45,LP,1.0,0.045,25.0,0.05,0.7600000000000007,4.350906159430894e-05,low_vds,low_drain_bias,1.1,simulation,ngspice,397141eb8a813045075ac2be3098d3b136ebaf4d597c08fca627922a75e443b7,data/raw/ptm45_lp_vds_0p05v_raw.txt
PTM,NMOS,45,LP,1.0,0.045,25.0,0.05,0.7650000000000007,4.476342925726677e-05,low_vds,low_drain_bias,1.1,simulation,ngspice,397141eb8a813045075ac2be3098d3b136ebaf4d597c08fca627922a75e443b7,data/raw/ptm45_lp_vds_0p05v_raw.txt
PTM,NMOS,45,LP,1.0,0.045,25.0,0.05,0.7700000000000007,4.600832016830028e-05,low_vds,low_drain_bias,1.1,simulation,ngspice,397141eb8a813045075ac2be3098d3b136ebaf4d597c08fca627922a75e443b7,data/raw/ptm45_lp_vds_0p05v_raw.txt
PTM,NMOS,45,LP,1.0,0.045,25.0,0.05,0.7750000000000007,4.724289221638087e-05,low_vds,low_drain_bias,1.1,simulation,ngspice,397141eb8a813045075ac2be3098d3b136ebaf4d597c08fca627922a75e443b7,data/raw/ptm45_lp_vds_0p05v_raw.txt
PTM,NMOS,45,LP,1.0,0.045,25.0,0.05,0.7800000000000007,4.846639537371238e-05,low_vds,low_drain_bias,1.1,simulation,ngspice,397141eb8a813045075ac2be3098d3b136ebaf4d597c08fca627922a75e443b7,data/raw/ptm45_lp_vds_0p05v_raw.txt
PTM,NMOS,45,LP,1.0,0.045,25.0,0.05,0.7850000000000007,4.967816674990147e-05,low_vds,low_drain_bias,1.1,simulation,ngspice,397141eb8a813045075ac2be3098d3b136ebaf4d597c08fca627922a75e443b7,data/raw/ptm45_lp_vds_0p05v_raw.txt
PTM,NMOS,45,LP,1.0,0.045,25.0,0.05,0.7900000000000007,5.087762548429546e-05,low_vds,low_drain_bias,1.1,simulation,ngspice,397141eb8a813045075ac2be3098d3b136ebaf4d597c08fca627922a75e443b7,data/raw/ptm45_lp_vds_0p05v_raw.txt
PTM,NMOS,45,LP,1.0,0.045,25.0,0.05,0.7950000000000007,5.206426756385194e-05,low_vds,low_drain_bias,1.1,simulation,ngspice,397141eb8a813045075ac2be3098d3b136ebaf4d597c08fca627922a75e443b7,data/raw/ptm45_lp_vds_0p05v_raw.txt
PTM,NMOS,45,LP,1.0,0.045,25.0,0.05,0.8000000000000007,5.323766064044846e-05,low_vds,low_drain_bias,1.1,simulation,ngspice,397141eb8a813045075ac2be3098d3b136ebaf4d597c08fca627922a75e443b7,data/raw/ptm45_lp_vds_0p05v_raw.txt
PTM,NMOS,45,LP,1.0,0.045,25.0,0.05,0.8050000000000007,5.439743890911452e-05,low_vds,low_drain_bias,1.1,simulation,ngspice,397141eb8a813045075ac2be3098d3b136ebaf4d597c08fca627922a75e443b7,data/raw/ptm45_lp_vds_0p05v_raw.txt
PTM,NMOS,45,LP,1.0,0.045,25.0,0.05,0.8100000000000007,5.554329809735988e-05,low_vds,low_drain_bias,1.1,simulation,ngspice,397141eb8a813045075ac2be3098d3b136ebaf4d597c08fca627922a75e443b7,data/raw/ptm45_lp_vds_0p05v_raw.txt
PTM,NMOS,45,LP,1.0,0.045,25.0,0.05,0.8150000000000007,5.667499060563409e-05,low_vds,low_drain_bias,1.1,simulation,ngspice,397141eb8a813045075ac2be3098d3b136ebaf4d597c08fca627922a75e443b7,data/raw/ptm45_lp_vds_0p05v_raw.txt
PTM,NMOS,45,LP,1.0,0.045,25.0,0.05,0.8200000000000007,5.779232082995852e-05,low_vds,low_drain_bias,1.1,simulation,ngspice,397141eb8a813045075ac2be3098d3b136ebaf4d597c08fca627922a75e443b7,data/raw/ptm45_lp_vds_0p05v_raw.txt
PTM,NMOS,45,LP,1.0,0.045,25.0,0.05,0.8250000000000007,5.889514068990647e-05,low_vds,low_drain_bias,1.1,simulation,ngspice,397141eb8a813045075ac2be3098d3b136ebaf4d597c08fca627922a75e443b7,data/raw/ptm45_lp_vds_0p05v_raw.txt
PTM,NMOS,45,LP,1.0,0.045,25.0,0.05,0.8300000000000007,5.998334537830786e-05,low_vds,low_drain_bias,1.1,simulation,ngspice,397141eb8a813045075ac2be3098d3b136ebaf4d597c08fca627922a75e443b7,data/raw/ptm45_lp_vds_0p05v_raw.txt
PTM,NMOS,45,LP,1.0,0.045,25.0,0.05,0.8350000000000007,6.105686934324171e-05,low_vds,low_drain_bias,1.1,simulation,ngspice,397141eb8a813045075ac2be3098d3b136ebaf4d597c08fca627922a75e443b7,data/raw/ptm45_lp_vds_0p05v_raw.txt
PTM,NMOS,45,LP,1.0,0.045,25.0,0.05,0.8400000000000007,6.211568250798344e-05,low_vds,low_drain_bias,1.1,simulation,ngspice,397141eb8a813045075ac2be3098d3b136ebaf4d597c08fca627922a75e443b7,data/raw/ptm45_lp_vds_0p05v_raw.txt
PTM,NMOS,45,LP,1.0,0.045,25.0,0.05,0.8450000000000008,6.315978673050478e-05,low_vds,low_drain_bias,1.1,simulation,ngspice,397141eb8a813045075ac2be3098d3b136ebaf4d597c08fca627922a75e443b7,data/raw/ptm45_lp_vds_0p05v_raw.txt
PTM,NMOS,45,LP,1.0,0.045,25.0,0.05,0.8500000000000008,6.418921250078371e-05,low_vds,low_drain_bias,1.1,simulation,ngspice,397141eb8a813045075ac2be3098d3b136ebaf4d597c08fca627922a75e443b7,data/raw/ptm45_lp_vds_0p05v_raw.txt
PTM,NMOS,45,LP,1.0,0.045,25.0,0.05,0.8550000000000008,6.520401587150437e-05,low_vds,low_drain_bias,1.1,simulation,ngspice,397141eb8a813045075ac2be3098d3b136ebaf4d597c08fca627922a75e443b7,data/raw/ptm45_lp_vds_0p05v_raw.txt
PTM,NMOS,45,LP,1.0,0.045,25.0,0.05,0.8600000000000008,6.620427561561368e-05,low_vds,low_drain_bias,1.1,simulation,ngspice,397141eb8a813045075ac2be3098d3b136ebaf4d597c08fca627922a75e443b7,data/raw/ptm45_lp_vds_0p05v_raw.txt
PTM,NMOS,45,LP,1.0,0.045,25.0,0.05,0.8650000000000008,6.719009060258334e-05,low_vds,low_drain_bias,1.1,simulation,ngspice,397141eb8a813045075ac2be3098d3b136ebaf4d597c08fca627922a75e443b7,data/raw/ptm45_lp_vds_0p05v_raw.txt
PTM,NMOS,45,LP,1.0,0.045,25.0,0.05,0.8700000000000008,6.816157738403268e-05,low_vds,low_drain_bias,1.1,simulation,ngspice,397141eb8a813045075ac2be3098d3b136ebaf4d597c08fca627922a75e443b7,data/raw/ptm45_lp_vds_0p05v_raw.txt
PTM,NMOS,45,LP,1.0,0.045,25.0,0.05,0.8750000000000008,6.911886797853112e-05,low_vds,low_drain_bias,1.1,simulation,ngspice,397141eb8a813045075ac2be3098d3b136ebaf4d597c08fca627922a75e443b7,data/raw/ptm45_lp_vds_0p05v_raw.txt
PTM,NMOS,45,LP,1.0,0.045,25.0,0.05,0.8800000000000008,7.006210784486281e-05,low_vds,low_drain_bias,1.1,simulation,ngspice,397141eb8a813045075ac2be3098d3b136ebaf4d597c08fca627922a75e443b7,data/raw/ptm45_lp_vds_0p05v_raw.txt
PTM,NMOS,45,LP,1.0,0.045,25.0,0.05,0.8850000000000008,7.099145403275279e-05,low_vds,low_drain_bias,1.1,simulation,ngspice,397141eb8a813045075ac2be3098d3b136ebaf4d597c08fca627922a75e443b7,data/raw/ptm45_lp_vds_0p05v_raw.txt
PTM,NMOS,45,LP,1.0,0.045,25.0,0.05,0.8900000000000008,7.190707349996603e-05,low_vds,low_drain_bias,1.1,simulation,ngspice,397141eb8a813045075ac2be3098d3b136ebaf4d597c08fca627922a75e443b7,data/raw/ptm45_lp_vds_0p05v_raw.txt
PTM,NMOS,45,LP,1.0,0.045,25.0,0.05,0.8950000000000008,7.2809141584778e-05,low_vds,low_drain_bias,1.1,simulation,ngspice,397141eb8a813045075ac2be3098d3b136ebaf4d597c08fca627922a75e443b7,data/raw/ptm45_lp_vds_0p05v_raw.txt
PTM,NMOS,45,LP,1.0,0.045,25.0,0.05,0.9000000000000008,7.36978406230208e-05,low_vds,low_drain_bias,1.1,simulation,ngspice,397141eb8a813045075ac2be3098d3b136ebaf4d597c08fca627922a75e443b7,data/raw/ptm45_lp_vds_0p05v_raw.txt
PTM,NMOS,45,LP,1.0,0.045,25.0,0.05,0.9050000000000008,7.457335869922385e-05,low_vds,low_drain_bias,1.1,simulation,ngspice,397141eb8a813045075ac2be3098d3b136ebaf4d597c08fca627922a75e443b7,data/raw/ptm45_lp_vds_0p05v_raw.txt
PTM,NMOS,45,LP,1.0,0.045,25.0,0.05,0.9100000000000008,7.543588852175717e-05,low_vds,low_drain_bias,1.1,simulation,ngspice,397141eb8a813045075ac2be3098d3b136ebaf4d597c08fca627922a75e443b7,data/raw/ptm45_lp_vds_0p05v_raw.txt
PTM,NMOS,45,LP,1.0,0.045,25.0,0.05,0.9150000000000008,7.628562641231874e-05,low_vds,low_drain_bias,1.1,simulation,ngspice,397141eb8a813045075ac2be3098d3b136ebaf4d597c08fca627922a75e443b7,data/raw/ptm45_lp_vds_0p05v_raw.txt
PTM,NMOS,45,LP,1.0,0.045,25.0,0.05,0.9200000000000008,7.712277140059742e-05,low_vds,low_drain_bias,1.1,simulation,ngspice,397141eb8a813045075ac2be3098d3b136ebaf4d597c08fca627922a75e443b7,data/raw/ptm45_lp_vds_0p05v_raw.txt
PTM,NMOS,45,LP,1.0,0.045,25.0,0.05,0.9250000000000008,7.794752441543632e-05,low_vds,low_drain_bias,1.1,simulation,ngspice,397141eb8a813045075ac2be3098d3b136ebaf4d597c08fca627922a75e443b7,data/raw/ptm45_lp_vds_0p05v_raw.txt
PTM,NMOS,45,LP,1.0,0.045,25.0,0.05,0.9300000000000008,7.876008756434156e-05,low_vds,low_drain_bias,1.1,simulation,ngspice,397141eb8a813045075ac2be3098d3b136ebaf4d597c08fca627922a75e443b7,data/raw/ptm45_lp_vds_0p05v_raw.txt
PTM,NMOS,45,LP,1.0,0.045,25.0,0.05,0.9350000000000008,7.956066349368961e-05,low_vds,low_drain_bias,1.1,simulation,ngspice,397141eb8a813045075ac2be3098d3b136ebaf4d597c08fca627922a75e443b7,data/raw/ptm45_lp_vds_0p05v_raw.txt
PTM,NMOS,45,LP,1.0,0.045,25.0,0.05,0.9400000000000008,8.034945482250102e-05,low_vds,low_drain_bias,1.1,simulation,ngspice,397141eb8a813045075ac2be3098d3b136ebaf4d597c08fca627922a75e443b7,data/raw/ptm45_lp_vds_0p05v_raw.txt
PTM,NMOS,45,LP,1.0,0.045,25.0,0.05,0.9450000000000008,8.112666364314556e-05,low_vds,low_drain_bias,1.1,simulation,ngspice,397141eb8a813045075ac2be3098d3b136ebaf4d597c08fca627922a75e443b7,data/raw/ptm45_lp_vds_0p05v_raw.txt
PTM,NMOS,45,LP,1.0,0.045,25.0,0.05,0.9500000000000008,8.189249108282197e-05,low_vds,low_drain_bias,1.1,simulation,ngspice,397141eb8a813045075ac2be3098d3b136ebaf4d597c08fca627922a75e443b7,data/raw/ptm45_lp_vds_0p05v_raw.txt
PTM,NMOS,45,LP,1.0,0.045,25.0,0.05,0.9550000000000008,8.264713692012302e-05,low_vds,low_drain_bias,1.1,simulation,ngspice,397141eb8a813045075ac2be3098d3b136ebaf4d597c08fca627922a75e443b7,data/raw/ptm45_lp_vds_0p05v_raw.txt
PTM,NMOS,45,LP,1.0,0.045,25.0,0.05,0.9600000000000009,8.339079925143508e-05,low_vds,low_drain_bias,1.1,simulation,ngspice,397141eb8a813045075ac2be3098d3b136ebaf4d597c08fca627922a75e443b7,data/raw/ptm45_lp_vds_0p05v_raw.txt
PTM,NMOS,45,LP,1.0,0.045,25.0,0.05,0.9650000000000007,8.412367420234297e-05,low_vds,low_drain_bias,1.1,simulation,ngspice,397141eb8a813045075ac2be3098d3b136ebaf4d597c08fca627922a75e443b7,data/raw/ptm45_lp_vds_0p05v_raw.txt
PTM,NMOS,45,LP,1.0,0.045,25.0,0.05,0.9700000000000008,8.484595567960006e-05,low_vds,low_drain_bias,1.1,simulation,ngspice,397141eb8a813045075ac2be3098d3b136ebaf4d597c08fca627922a75e443b7,data/raw/ptm45_lp_vds_0p05v_raw.txt
PTM,NMOS,45,LP,1.0,0.045,25.0,0.05,0.9750000000000008,8.555783515959921e-05,low_vds,low_drain_bias,1.1,simulation,ngspice,397141eb8a813045075ac2be3098d3b136ebaf4d597c08fca627922a75e443b7,data/raw/ptm45_lp_vds_0p05v_raw.txt
PTM,NMOS,45,LP,1.0,0.045,25.0,0.05,0.9800000000000008,8.625950150962883e-05,low_vds,low_drain_bias,1.1,simulation,ngspice,397141eb8a813045075ac2be3098d3b136ebaf4d597c08fca627922a75e443b7,data/raw/ptm45_lp_vds_0p05v_raw.txt
PTM,NMOS,45,LP,1.0,0.045,25.0,0.05,0.9850000000000008,8.695114083851103e-05,low_vds,low_drain_bias,1.1,simulation,ngspice,397141eb8a813045075ac2be3098d3b136ebaf4d597c08fca627922a75e443b7,data/raw/ptm45_lp_vds_0p05v_raw.txt
PTM,NMOS,45,LP,1.0,0.045,25.0,0.05,0.9900000000000008,8.763293637353411e-05,low_vds,low_drain_bias,1.1,simulation,ngspice,397141eb8a813045075ac2be3098d3b136ebaf4d597c08fca627922a75e443b7,data/raw/ptm45_lp_vds_0p05v_raw.txt
PTM,NMOS,45,LP,1.0,0.045,25.0,0.05,0.9950000000000008,8.830506836085633e-05,low_vds,low_drain_bias,1.1,simulation,ngspice,397141eb8a813045075ac2be3098d3b136ebaf4d597c08fca627922a75e443b7,data/raw/ptm45_lp_vds_0p05v_raw.txt
PTM,NMOS,45,LP,1.0,0.045,25.0,0.05,1.000000000000001,8.896771398682195e-05,low_vds,low_drain_bias,1.1,simulation,ngspice,397141eb8a813045075ac2be3098d3b136ebaf4d597c08fca627922a75e443b7,data/raw/ptm45_lp_vds_0p05v_raw.txt
PTM,NMOS,45,LP,1.0,0.045,25.0,0.05,1.005000000000001,8.962104731786905e-05,low_vds,low_drain_bias,1.1,simulation,ngspice,397141eb8a813045075ac2be3098d3b136ebaf4d597c08fca627922a75e443b7,data/raw/ptm45_lp_vds_0p05v_raw.txt
PTM,NMOS,45,LP,1.0,0.045,25.0,0.05,1.010000000000001,9.026523925692038e-05,low_vds,low_drain_bias,1.1,simulation,ngspice,397141eb8a813045075ac2be3098d3b136ebaf4d597c08fca627922a75e443b7,data/raw/ptm45_lp_vds_0p05v_raw.txt
PTM,NMOS,45,LP,1.0,0.045,25.0,0.05,1.015000000000001,9.09004575143518e-05,low_vds,low_drain_bias,1.1,simulation,ngspice,397141eb8a813045075ac2be3098d3b136ebaf4d597c08fca627922a75e443b7,data/raw/ptm45_lp_vds_0p05v_raw.txt
PTM,NMOS,45,LP,1.0,0.045,25.0,0.05,1.02,9.152686659182136e-05,low_vds,low_drain_bias,1.1,simulation,ngspice,397141eb8a813045075ac2be3098d3b136ebaf4d597c08fca627922a75e443b7,data/raw/ptm45_lp_vds_0p05v_raw.txt
PTM,NMOS,45,LP,1.0,0.045,25.0,0.05,1.025,9.214462777740117e-05,low_vds,low_drain_bias,1.1,simulation,ngspice,397141eb8a813045075ac2be3098d3b136ebaf4d597c08fca627922a75e443b7,data/raw/ptm45_lp_vds_0p05v_raw.txt
PTM,NMOS,45,LP,1.0,0.045,25.0,0.05,1.03,9.2753899150612e-05,low_vds,low_drain_bias,1.1,simulation,ngspice,397141eb8a813045075ac2be3098d3b136ebaf4d597c08fca627922a75e443b7,data/raw/ptm45_lp_vds_0p05v_raw.txt
PTM,NMOS,45,LP,1.0,0.045,25.0,0.05,1.035,9.335483559610267e-05,low_vds,low_drain_bias,1.1,simulation,ngspice,397141eb8a813045075ac2be3098d3b136ebaf4d597c08fca627922a75e443b7,data/raw/ptm45_lp_vds_0p05v_raw.txt
PTM,NMOS,45,LP,1.0,0.045,25.0,0.05,1.04,9.394758882483984e-05,low_vds,low_drain_bias,1.1,simulation,ngspice,397141eb8a813045075ac2be3098d3b136ebaf4d597c08fca627922a75e443b7,data/raw/ptm45_lp_vds_0p05v_raw.txt
PTM,NMOS,45,LP,1.0,0.045,25.0,0.05,1.045,9.453230740178944e-05,low_vds,low_drain_bias,1.1,simulation,ngspice,397141eb8a813045075ac2be3098d3b136ebaf4d597c08fca627922a75e443b7,data/raw/ptm45_lp_vds_0p05v_raw.txt
PTM,NMOS,45,LP,1.0,0.045,25.0,0.05,1.05,9.510913677918286e-05,low_vds,low_drain_bias,1.1,simulation,ngspice,397141eb8a813045075ac2be3098d3b136ebaf4d597c08fca627922a75e443b7,data/raw/ptm45_lp_vds_0p05v_raw.txt
PTM,NMOS,45,LP,1.0,0.045,25.0,0.05,1.055,9.567821933454751e-05,low_vds,low_drain_bias,1.1,simulation,ngspice,397141eb8a813045075ac2be3098d3b136ebaf4d597c08fca627922a75e443b7,data/raw/ptm45_lp_vds_0p05v_raw.txt
PTM,NMOS,45,LP,1.0,0.045,25.0,0.05,1.06,9.623969441277408e-05,low_vds,low_drain_bias,1.1,simulation,ngspice,397141eb8a813045075ac2be3098d3b136ebaf4d597c08fca627922a75e443b7,data/raw/ptm45_lp_vds_0p05v_raw.txt
PTM,NMOS,45,LP,1.0,0.045,25.0,0.05,1.065,9.679369837157135e-05,low_vds,low_drain_bias,1.1,simulation,ngspice,397141eb8a813045075ac2be3098d3b136ebaf4d597c08fca627922a75e443b7,data/raw/ptm45_lp_vds_0p05v_raw.txt
PTM,NMOS,45,LP,1.0,0.045,25.0,0.05,1.069999999999999,9.734036462972617e-05,low_vds,low_drain_bias,1.1,simulation,ngspice,397141eb8a813045075ac2be3098d3b136ebaf4d597c08fca627922a75e443b7,data/raw/ptm45_lp_vds_0p05v_raw.txt
PTM,NMOS,45,LP,1.0,0.045,25.0,0.05,1.074999999999999,9.787982371765596e-05,low_vds,low_drain_bias,1.1,simulation,ngspice,397141eb8a813045075ac2be3098d3b136ebaf4d597c08fca627922a75e443b7,data/raw/ptm45_lp_vds_0p05v_raw.txt
PTM,NMOS,45,LP,1.0,0.045,25.0,0.05,1.079999999999999,9.841220332979272e-05,low_vds,low_drain_bias,1.1,simulation,ngspice,397141eb8a813045075ac2be3098d3b136ebaf4d597c08fca627922a75e443b7,data/raw/ptm45_lp_vds_0p05v_raw.txt
PTM,NMOS,45,LP,1.0,0.045,25.0,0.05,1.084999999999999,9.893762837839812e-05,low_vds,low_drain_bias,1.1,simulation,ngspice,397141eb8a813045075ac2be3098d3b136ebaf4d597c08fca627922a75e443b7,data/raw/ptm45_lp_vds_0p05v_raw.txt
PTM,NMOS,45,LP,1.0,0.045,25.0,0.05,1.089999999999999,9.945622104844606e-05,low_vds,low_drain_bias,1.1,simulation,ngspice,397141eb8a813045075ac2be3098d3b136ebaf4d597c08fca627922a75e443b7,data/raw/ptm45_lp_vds_0p05v_raw.txt
PTM,NMOS,45,LP,1.0,0.045,25.0,0.05,1.094999999999999,9.996810085326324e-05,low_vds,low_drain_bias,1.1,simulation,ngspice,397141eb8a813045075ac2be3098d3b136ebaf4d597c08fca627922a75e443b7,data/raw/ptm45_lp_vds_0p05v_raw.txt
PTM,NMOS,45,LP,1.0,0.045,25.0,0.05,1.099999999999999,0.0001004733846906,low_vds,low_drain_bias,1.1,simulation,ngspice,397141eb8a813045075ac2be3098d3b136ebaf4d597c08fca627922a75e443b7,data/raw/ptm45_lp_vds_0p05v_raw.txt
PTM,NMOS,45,LP,1.0,0.045,25.0,1.1,-0.2,3.843157657541054e-12,nominal_vdd,model_nominal_vdd,1.1,simulation,ngspice,397141eb8a813045075ac2be3098d3b136ebaf4d597c08fca627922a75e443b7,data/raw/ptm45_lp_vds_1p1v_raw.txt
PTM,NMOS,45,LP,1.0,0.045,25.0,1.1,-0.195,3.239107945031578e-12,nominal_vdd,model_nominal_vdd,1.1,simulation,ngspice,397141eb8a813045075ac2be3098d3b136ebaf4d597c08fca627922a75e443b7,data/raw/ptm45_lp_vds_1p1v_raw.txt
PTM,NMOS,45,LP,1.0,0.045,25.0,1.1,-0.19,2.823537168074477e-12,nominal_vdd,model_nominal_vdd,1.1,simulation,ngspice,397141eb8a813045075ac2be3098d3b136ebaf4d597c08fca627922a75e443b7,data/raw/ptm45_lp_vds_1p1v_raw.txt
PTM,NMOS,45,LP,1.0,0.045,25.0,1.1,-0.185,2.499074399119393e-12,nominal_vdd,model_nominal_vdd,1.1,simulation,ngspice,397141eb8a813045075ac2be3098d3b136ebaf4d597c08fca627922a75e443b7,data/raw/ptm45_lp_vds_1p1v_raw.txt
PTM,NMOS,45,LP,1.0,0.045,25.0,1.1,-0.18,2.249450196503867e-12,nominal_vdd,model_nominal_vdd,1.1,simulation,ngspice,397141eb8a813045075ac2be3098d3b136ebaf4d597c08fca627922a75e443b7,data/raw/ptm45_lp_vds_1p1v_raw.txt
PTM,NMOS,45,LP,1.0,0.045,25.0,1.1,-0.175,2.061314211635574e-12,nominal_vdd,model_nominal_vdd,1.1,simulation,ngspice,397141eb8a813045075ac2be3098d3b136ebaf4d597c08fca627922a75e443b7,data/raw/ptm45_lp_vds_1p1v_raw.txt
PTM,NMOS,45,LP,1.0,0.045,25.0,1.1,-0.17,1.923802525103569e-12,nominal_vdd,model_nominal_vdd,1.1,simulation,ngspice,397141eb8a813045075ac2be3098d3b136ebaf4d597c08fca627922a75e443b7,data/raw/ptm45_lp_vds_1p1v_raw.txt
PTM,NMOS,45,LP,1.0,0.045,25.0,1.1,-0.165,1.8281648306109298e-12,nominal_vdd,model_nominal_vdd,1.1,simulation,ngspice,397141eb8a813045075ac2be3098d3b136ebaf4d597c08fca627922a75e443b7,data/raw/ptm45_lp_vds_1p1v_raw.txt
PTM,NMOS,45,LP,1.0,0.045,25.0,1.1,-0.16,1.767445218589546e-12,nominal_vdd,model_nominal_vdd,1.1,simulation,ngspice,397141eb8a813045075ac2be3098d3b136ebaf4d597c08fca627922a75e443b7,data/raw/ptm45_lp_vds_1p1v_raw.txt
PTM,NMOS,45,LP,1.0,0.045,25.0,1.1,-0.155,1.7362108361766999e-12,nominal_vdd,model_nominal_vdd,1.1,simulation,ngspice,397141eb8a813045075ac2be3098d3b136ebaf4d597c08fca627922a75e443b7,data/raw/ptm45_lp_vds_1p1v_raw.txt
PTM,NMOS,45,LP,1.0,0.045,25.0,1.1,-0.15,1.730323212993311e-12,nominal_vdd,model_nominal_vdd,1.1,simulation,ngspice,397141eb8a813045075ac2be3098d3b136ebaf4d597c08fca627922a75e443b7,data/raw/ptm45_lp_vds_1p1v_raw.txt
PTM,NMOS,45,LP,1.0,0.045,25.0,1.1,-0.145,1.746747541110623e-12,nominal_vdd,model_nominal_vdd,1.1,simulation,ngspice,397141eb8a813045075ac2be3098d3b136ebaf4d597c08fca627922a75e443b7,data/raw/ptm45_lp_vds_1p1v_raw.txt
PTM,NMOS,45,LP,1.0,0.045,25.0,1.1,-0.14,1.783395681303645e-12,nominal_vdd,model_nominal_vdd,1.1,simulation,ngspice,397141eb8a813045075ac2be3098d3b136ebaf4d597c08fca627922a75e443b7,data/raw/ptm45_lp_vds_1p1v_raw.txt
PTM,NMOS,45,LP,1.0,0.045,25.0,1.1,-0.135,1.838999135065929e-12,nominal_vdd,model_nominal_vdd,1.1,simulation,ngspice,397141eb8a813045075ac2be3098d3b136ebaf4d597c08fca627922a75e443b7,data/raw/ptm45_lp_vds_1p1v_raw.txt
PTM,NMOS,45,LP,1.0,0.045,25.0,1.1,-0.1299999999999999,1.913008672374398e-12,nominal_vdd,model_nominal_vdd,1.1,simulation,ngspice,397141eb8a813045075ac2be3098d3b136ebaf4d597c08fca627922a75e443b7,data/raw/ptm45_lp_vds_1p1v_raw.txt
PTM,NMOS,45,LP,1.0,0.045,25.0,1.1,-0.1249999999999999,2.005517738374246e-12,nominal_vdd,model_nominal_vdd,1.1,simulation,ngspice,397141eb8a813045075ac2be3098d3b136ebaf4d597c08fca627922a75e443b7,data/raw/ptm45_lp_vds_1p1v_raw.txt
PTM,NMOS,45,LP,1.0,0.045,25.0,1.1,-0.1199999999999999,2.117207178314939e-12,nominal_vdd,model_nominal_vdd,1.1,simulation,ngspice,397141eb8a813045075ac2be3098d3b136ebaf4d597c08fca627922a75e443b7,data/raw/ptm45_lp_vds_1p1v_raw.txt
PTM,NMOS,45,LP,1.0,0.045,25.0,1.1,-0.1149999999999999,2.249309219672026e-12,nominal_vdd,model_nominal_vdd,1.1,simulation,ngspice,397141eb8a813045075ac2be3098d3b136ebaf4d597c08fca627922a75e443b7,data/raw/ptm45_lp_vds_1p1v_raw.txt
PTM,NMOS,45,LP,1.0,0.045,25.0,1.1,-0.1099999999999999,2.403589034480301e-12,nominal_vdd,model_nominal_vdd,1.1,simulation,ngspice,397141eb8a813045075ac2be3098d3b136ebaf4d597c08fca627922a75e443b7,data/raw/ptm45_lp_vds_1p1v_raw.txt
PTM,NMOS,45,LP,1.0,0.045,25.0,1.1,-0.1049999999999999,2.582342574834395e-12,nominal_vdd,model_nominal_vdd,1.1,simulation,ngspice,397141eb8a813045075ac2be3098d3b136ebaf4d597c08fca627922a75e443b7,data/raw/ptm45_lp_vds_1p1v_raw.txt
PTM,NMOS,45,LP,1.0,0.045,25.0,1.1,-0.0999999999999999,2.788409732228717e-12,nominal_vdd,model_nominal_vdd,1.1,simulation,ngspice,397141eb8a813045075ac2be3098d3b136ebaf4d597c08fca627922a75e443b7,data/raw/ptm45_lp_vds_1p1v_raw.txt
PTM,NMOS,45,LP,1.0,0.045,25.0,1.1,-0.0949999999999999,3.025202219214049e-12,nominal_vdd,model_nominal_vdd,1.1,simulation,ngspice,397141eb8a813045075ac2be3098d3b136ebaf4d597c08fca627922a75e443b7,data/raw/ptm45_lp_vds_1p1v_raw.txt
PTM,NMOS,45,LP,1.0,0.045,25.0,1.1,-0.0899999999999999,3.296745912414954e-12,nominal_vdd,model_nominal_vdd,1.1,simulation,ngspice,397141eb8a813045075ac2be3098d3b136ebaf4d597c08fca627922a75e443b7,data/raw/ptm45_lp_vds_1p1v_raw.txt
PTM,NMOS,45,LP,1.0,0.045,25.0,1.1,-0.0849999999999999,3.6077377326286688e-12,nominal_vdd,model_nominal_vdd,1.1,simulation,ngspice,397141eb8a813045075ac2be3098d3b136ebaf4d597c08fca627922a75e443b7,data/raw/ptm45_lp_vds_1p1v_raw.txt
PTM,NMOS,45,LP,1.0,0.045,25.0,1.1,-0.0799999999999999,3.9636174741058196e-12,nominal_vdd,model_nominal_vdd,1.1,simulation,ngspice,397141eb8a813045075ac2be3098d3b136ebaf4d597c08fca627922a75e443b7,data/raw/ptm45_lp_vds_1p1v_raw.txt
PTM,NMOS,45,LP,1.0,0.045,25.0,1.1,-0.0749999999999999,4.370655335506483e-12,nominal_vdd,model_nominal_vdd,1.1,simulation,ngspice,397141eb8a813045075ac2be3098d3b136ebaf4d597c08fca627922a75e443b7,data/raw/ptm45_lp_vds_1p1v_raw.txt
PTM,NMOS,45,LP,1.0,0.045,25.0,1.1,-0.0699999999999999,4.836056253937878e-12,nominal_vdd,model_nominal_vdd,1.1,simulation,ngspice,397141eb8a813045075ac2be3098d3b136ebaf4d597c08fca627922a75e443b7,data/raw/ptm45_lp_vds_1p1v_raw.txt
PTM,NMOS,45,LP,1.0,0.045,25.0,1.1,-0.0649999999999998,5.368082506314197e-12,nominal_vdd,model_nominal_vdd,1.1,simulation,ngspice,397141eb8a813045075ac2be3098d3b136ebaf4d597c08fca627922a75e443b7,data/raw/ptm45_lp_vds_1p1v_raw.txt
PTM,NMOS,45,LP,1.0,0.045,25.0,1.1,-0.0599999999999998,5.9761964247465676e-12,nominal_vdd,model_nominal_vdd,1.1,simulation,ngspice,397141eb8a813045075ac2be3098d3b136ebaf4d597c08fca627922a75e443b7,data/raw/ptm45_lp_vds_1p1v_raw.txt
PTM,NMOS,45,LP,1.0,0.045,25.0,1.1,-0.0549999999999999,6.671225481172963e-12,nominal_vdd,model_nominal_vdd,1.1,simulation,ngspice,397141eb8a813045075ac2be3098d3b136ebaf4d597c08fca627922a75e443b7,data/raw/ptm45_lp_vds_1p1v_raw.txt
PTM,NMOS,45,LP,1.0,0.045,25.0,1.1,-0.0499999999999999,7.465552438123434e-12,nominal_vdd,model_nominal_vdd,1.1,simulation,ngspice,397141eb8a813045075ac2be3098d3b136ebaf4d597c08fca627922a75e443b7,data/raw/ptm45_lp_vds_1p1v_raw.txt
PTM,NMOS,45,LP,1.0,0.045,25.0,1.1,-0.0449999999999999,8.373333745087742e-12,nominal_vdd,model_nominal_vdd,1.1,simulation,ngspice,397141eb8a813045075ac2be3098d3b136ebaf4d597c08fca627922a75e443b7,data/raw/ptm45_lp_vds_1p1v_raw.txt
PTM,NMOS,45,LP,1.0,0.045,25.0,1.1,-0.0399999999999999,9.41074989241523e-12,nominal_vdd,model_nominal_vdd,1.1,simulation,ngspice,397141eb8a813045075ac2be3098d3b136ebaf4d597c08fca627922a75e443b7,data/raw/ptm45_lp_vds_1p1v_raw.txt
PTM,NMOS,45,LP,1.0,0.045,25.0,1.1,-0.0349999999999999,1.059629202610623e-11,nominal_vdd,model_nominal_vdd,1.1,simulation,ngspice,397141eb8a813045075ac2be3098d3b136ebaf4d597c08fca627922a75e443b7,data/raw/ptm45_lp_vds_1p1v_raw.txt
PTM,NMOS,45,LP,1.0,0.045,25.0,1.1,-0.0299999999999999,1.195108978834799e-11,nominal_vdd,model_nominal_vdd,1.1,simulation,ngspice,397141eb8a813045075ac2be3098d3b136ebaf4d597c08fca627922a75e443b7,data/raw/ptm45_lp_vds_1p1v_raw.txt
PTM,NMOS,45,LP,1.0,0.045,25.0,1.1,-0.0249999999999999,1.3499286092179549e-11,nominal_vdd,model_nominal_vdd,1.1,simulation,ngspice,397141eb8a813045075ac2be3098d3b136ebaf4d597c08fca627922a75e443b7,data/raw/ptm45_lp_vds_1p1v_raw.txt
PTM,NMOS,45,LP,1.0,0.045,25.0,1.1,-0.0199999999999999,1.5268465376859518e-11,nominal_vdd,model_nominal_vdd,1.1,simulation,ngspice,397141eb8a813045075ac2be3098d3b136ebaf4d597c08fca627922a75e443b7,data/raw/ptm45_lp_vds_1p1v_raw.txt
PTM,NMOS,45,LP,1.0,0.045,25.0,1.1,-0.0149999999999999,1.729014283899696e-11,nominal_vdd,model_nominal_vdd,1.1,simulation,ngspice,397141eb8a813045075ac2be3098d3b136ebaf4d597c08fca627922a75e443b7,data/raw/ptm45_lp_vds_1p1v_raw.txt
PTM,NMOS,45,LP,1.0,0.045,25.0,1.1,-0.0099999999999999,1.960032320926043e-11,nominal_vdd,model_nominal_vdd,1.1,simulation,ngspice,397141eb8a813045075ac2be3098d3b136ebaf4d597c08fca627922a75e443b7,data/raw/ptm45_lp_vds_1p1v_raw.txt
PTM,NMOS,45,LP,1.0,0.045,25.0,1.1,-0.0049999999999999,2.2240138864666058e-11,nominal_vdd,model_nominal_vdd,1.1,simulation,ngspice,397141eb8a813045075ac2be3098d3b136ebaf4d597c08fca627922a75e443b7,data/raw/ptm45_lp_vds_1p1v_raw.txt
PTM,NMOS,45,LP,1.0,0.045,25.0,1.1,9.887923813067799e-17,2.525657845269592e-11,nominal_vdd,model_nominal_vdd,1.1,simulation,ngspice,397141eb8a813045075ac2be3098d3b136ebaf4d597c08fca627922a75e443b7,data/raw/ptm45_lp_vds_1p1v_raw.txt
PTM,NMOS,45,LP,1.0,0.045,25.0,1.1,0.005,2.870331877956923e-11,nominal_vdd,model_nominal_vdd,1.1,simulation,ngspice,397141eb8a813045075ac2be3098d3b136ebaf4d597c08fca627922a75e443b7,data/raw/ptm45_lp_vds_1p1v_raw.txt
PTM,NMOS,45,LP,1.0,0.045,25.0,1.1,0.0100000000000001,3.26416745078129e-11,nominal_vdd,model_nominal_vdd,1.1,simulation,ngspice,397141eb8a813045075ac2be3098d3b136ebaf4d597c08fca627922a75e443b7,data/raw/ptm45_lp_vds_1p1v_raw.txt
PTM,NMOS,45,LP,1.0,0.045,25.0,1.1,0.0150000000000001,3.7141682247769915e-11,nominal_vdd,model_nominal_vdd,1.1,simulation,ngspice,397141eb8a813045075ac2be3098d3b136ebaf4d597c08fca627922a75e443b7,data/raw/ptm45_lp_vds_1p1v_raw.txt
PTM,NMOS,45,LP,1.0,0.045,25.0,1.1,0.0200000000000001,4.228333794754982e-11,nominal_vdd,model_nominal_vdd,1.1,simulation,ngspice,397141eb8a813045075ac2be3098d3b136ebaf4d597c08fca627922a75e443b7,data/raw/ptm45_lp_vds_1p1v_raw.txt
PTM,NMOS,45,LP,1.0,0.045,25.0,1.1,0.0250000000000001,4.8158009125331265e-11,nominal_vdd,model_nominal_vdd,1.1,simulation,ngspice,397141eb8a813045075ac2be3098d3b136ebaf4d597c08fca627922a75e443b7,data/raw/ptm45_lp_vds_1p1v_raw.txt
PTM,NMOS,45,LP,1.0,0.045,25.0,1.1,0.0300000000000001,5.4870046489696636e-11,nominal_vdd,model_nominal_vdd,1.1,simulation,ngspice,397141eb8a813045075ac2be3098d3b136ebaf4d597c08fca627922a75e443b7,data/raw/ptm45_lp_vds_1p1v_raw.txt
PTM,NMOS,45,LP,1.0,0.045,25.0,1.1,0.0350000000000001,6.253862290649033e-11,nominal_vdd,model_nominal_vdd,1.1,simulation,ngspice,397141eb8a813045075ac2be3098d3b136ebaf4d597c08fca627922a75e443b7,data/raw/ptm45_lp_vds_1p1v_raw.txt
PTM,NMOS,45,LP,1.0,0.045,25.0,1.1,0.0400000000000001,7.129983155135615e-11,nominal_vdd,model_nominal_vdd,1.1,simulation,ngspice,397141eb8a813045075ac2be3098d3b136ebaf4d597c08fca627922a75e443b7,data/raw/ptm45_lp_vds_1p1v_raw.txt
PTM,NMOS,45,LP,1.0,0.045,25.0,1.1,0.0450000000000001,8.130907949548519e-11,nominal_vdd,model_nominal_vdd,1.1,simulation,ngspice,397141eb8a813045075ac2be3098d3b136ebaf4d597c08fca627922a75e443b7,data/raw/ptm45_lp_vds_1p1v_raw.txt
PTM,NMOS,45,LP,1.0,0.045,25.0,1.1,0.05,9.274381798127062e-11,nominal_vdd,model_nominal_vdd,1.1,simulation,ngspice,397141eb8a813045075ac2be3098d3b136ebaf4d597c08fca627922a75e443b7,data/raw/ptm45_lp_vds_1p1v_raw.txt
PTM,NMOS,45,LP,1.0,0.045,25.0,1.1,0.055,1.0580665633197001e-10,nominal_vdd,model_nominal_vdd,1.1,simulation,ngspice,397141eb8a813045075ac2be3098d3b136ebaf4d597c08fca627922a75e443b7,data/raw/ptm45_lp_vds_1p1v_raw.txt
PTM,NMOS,45,LP,1.0,0.045,25.0,1.1,0.06,1.2072891289428078e-10,nominal_vdd,model_nominal_vdd,1.1,simulation,ngspice,397141eb8a813045075ac2be3098d3b136ebaf4d597c08fca627922a75e443b7,data/raw/ptm45_lp_vds_1p1v_raw.txt
PTM,NMOS,45,LP,1.0,0.045,25.0,1.1,0.065,1.37774663736592e-10,nominal_vdd,model_nominal_vdd,1.1,simulation,ngspice,397141eb8a813045075ac2be3098d3b136ebaf4d597c08fca627922a75e443b7,data/raw/ptm45_lp_vds_1p1v_raw.txt
PTM,NMOS,45,LP,1.0,0.045,25.0,1.1,0.07,1.585216998157635e-10,nominal_vdd,model_nominal_vdd,1.1,simulation,ngspice,397141eb8a813045075ac2be3098d3b136ebaf4d597c08fca627922a75e443b7,data/raw/ptm45_lp_vds_1p1v_raw.txt
PTM,NMOS,45,LP,1.0,0.045,25.0,1.1,0.0750000000000001,1.8094248510158308e-10,nominal_vdd,model_nominal_vdd,1.1,simulation,ngspice,397141eb8a813045075ac2be3098d3b136ebaf4d597c08fca627922a75e443b7,data/raw/ptm45_lp_vds_1p1v_raw.txt
PTM,NMOS,45,LP,1.0,0.045,25.0,1.1,0.0800000000000001,2.0655059010627678e-10,nominal_vdd,model_nominal_vdd,1.1,simulation,ngspice,397141eb8a813045075ac2be3098d3b136ebaf4d597c08fca627922a75e443b7,data/raw/ptm45_lp_vds_1p1v_raw.txt
PTM,NMOS,45,LP,1.0,0.045,25.0,1.1,0.0850000000000001,2.3579777759281817e-10,nominal_vdd,model_nominal_vdd,1.1,simulation,ngspice,397141eb8a813045075ac2be3098d3b136ebaf4d597c08fca627922a75e443b7,data/raw/ptm45_lp_vds_1p1v_raw.txt
PTM,NMOS,45,LP,1.0,0.045,25.0,1.1,0.0900000000000001,2.691995497575157e-10,nominal_vdd,model_nominal_vdd,1.1,simulation,ngspice,397141eb8a813045075ac2be3098d3b136ebaf4d597c08fca627922a75e443b7,data/raw/ptm45_lp_vds_1p1v_raw.txt
PTM,NMOS,45,LP,1.0,0.045,25.0,1.1,0.0950000000000001,3.073440778839492e-10,nominal_vdd,model_nominal_vdd,1.1,simulation,ngspice,397141eb8a813045075ac2be3098d3b136ebaf4d597c08fca627922a75e443b7,data/raw/ptm45_lp_vds_1p1v_raw.txt
PTM,NMOS,45,LP,1.0,0.045,25.0,1.1,0.1000000000000001,3.5090236932045185e-10,nominal_vdd,model_nominal_vdd,1.1,simulation,ngspice,397141eb8a813045075ac2be3098d3b136ebaf4d597c08fca627922a75e443b7,data/raw/ptm45_lp_vds_1p1v_raw.txt
PTM,NMOS,45,LP,1.0,0.045,25.0,1.1,0.1050000000000001,4.0063984028713774e-10,nominal_vdd,model_nominal_vdd,1.1,simulation,ngspice,397141eb8a813045075ac2be3098d3b136ebaf4d597c08fca627922a75e443b7,data/raw/ptm45_lp_vds_1p1v_raw.txt
PTM,NMOS,45,LP,1.0,0.045,25.0,1.1,0.1100000000000001,4.57429485336704e-10,nominal_vdd,model_nominal_vdd,1.1,simulation,ngspice,397141eb8a813045075ac2be3098d3b136ebaf4d597c08fca627922a75e443b7,data/raw/ptm45_lp_vds_1p1v_raw.txt
PTM,NMOS,45,LP,1.0,0.045,25.0,1.1,0.1150000000000001,5.222668594351717e-10,nominal_vdd,model_nominal_vdd,1.1,simulation,ngspice,397141eb8a813045075ac2be3098d3b136ebaf4d597c08fca627922a75e443b7,data/raw/ptm45_lp_vds_1p1v_raw.txt
PTM,NMOS,45,LP,1.0,0.045,25.0,1.1,0.1200000000000001,5.962871169211643e-10,nominal_vdd,model_nominal_vdd,1.1,simulation,ngspice,397141eb8a813045075ac2be3098d3b136ebaf4d597c08fca627922a75e443b7,data/raw/ptm45_lp_vds_1p1v_raw.txt
PTM,NMOS,45,LP,1.0,0.045,25.0,1.1,0.1250000000000001,6.807843834058544e-10,nominal_vdd,model_nominal_vdd,1.1,simulation,ngspice,397141eb8a813045075ac2be3098d3b136ebaf4d597c08fca627922a75e443b7,data/raw/ptm45_lp_vds_1p1v_raw.txt
PTM,NMOS,45,LP,1.0,0.045,25.0,1.1,0.1300000000000001,7.772337723879824e-10,nominal_vdd,model_nominal_vdd,1.1,simulation,ngspice,397141eb8a813045075ac2be3098d3b136ebaf4d597c08fca627922a75e443b7,data/raw/ptm45_lp_vds_1p1v_raw.txt
PTM,NMOS,45,LP,1.0,0.045,25.0,1.1,0.1350000000000001,8.873163984055151e-10,nominal_vdd,model_nominal_vdd,1.1,simulation,ngspice,397141eb8a813045075ac2be3098d3b136ebaf4d597c08fca627922a75e443b7,data/raw/ptm45_lp_vds_1p1v_raw.txt
PTM,NMOS,45,LP,1.0,0.045,25.0,1.1,0.1400000000000002,1.012947783400383e-09,nominal_vdd,model_nominal_vdd,1.1,simulation,ngspice,397141eb8a813045075ac2be3098d3b136ebaf4d597c08fca627922a75e443b7,data/raw/ptm45_lp_vds_1p1v_raw.txt
PTM,NMOS,45,LP,1.0,0.045,25.0,1.1,0.1450000000000002,1.156310103137022e-09,nominal_vdd,model_nominal_vdd,1.1,simulation,ngspice,397141eb8a813045075ac2be3098d3b136ebaf4d597c08fca627922a75e443b7,data/raw/ptm45_lp_vds_1p1v_raw.txt
PTM,NMOS,45,LP,1.0,0.045,25.0,1.1,0.1500000000000002,1.319888776535494e-09,nominal_vdd,model_nominal_vdd,1.1,simulation,ngspice,397141eb8a813045075ac2be3098d3b136ebaf4d597c08fca627922a75e443b7,data/raw/ptm45_lp_vds_1p1v_raw.txt
PTM,NMOS,45,LP,1.0,0.045,25.0,1.1,0.1550000000000002,1.506513963238775e-09,nominal_vdd,model_nominal_vdd,1.1,simulation,ngspice,397141eb8a813045075ac2be3098d3b136ebaf4d597c08fca627922a75e443b7,data/raw/ptm45_lp_vds_1p1v_raw.txt
PTM,NMOS,45,LP,1.0,0.045,25.0,1.1,0.1600000000000002,1.719407604246529e-09,nominal_vdd,model_nominal_vdd,1.1,simulation,ngspice,397141eb8a813045075ac2be3098d3b136ebaf4d597c08fca627922a75e443b7,data/raw/ptm45_lp_vds_1p1v_raw.txt
PTM,NMOS,45,LP,1.0,0.045,25.0,1.1,0.1650000000000002,1.962236717675959e-09,nominal_vdd,model_nominal_vdd,1.1,simulation,ngspice,397141eb8a813045075ac2be3098d3b136ebaf4d597c08fca627922a75e443b7,data/raw/ptm45_lp_vds_1p1v_raw.txt
PTM,NMOS,45,LP,1.0,0.045,25.0,1.1,0.1700000000000002,2.2391737473248704e-09,nominal_vdd,model_nominal_vdd,1.1,simulation,ngspice,397141eb8a813045075ac2be3098d3b136ebaf4d597c08fca627922a75e443b7,data/raw/ptm45_lp_vds_1p1v_raw.txt
PTM,NMOS,45,LP,1.0,0.045,25.0,1.1,0.1750000000000002,2.554964856443207e-09,nominal_vdd,model_nominal_vdd,1.1,simulation,ngspice,397141eb8a813045075ac2be3098d3b136ebaf4d597c08fca627922a75e443b7,data/raw/ptm45_lp_vds_1p1v_raw.txt
PTM,NMOS,45,LP,1.0,0.045,25.0,1.1,0.1800000000000002,2.9150071636690903e-09,nominal_vdd,model_nominal_vdd,1.1,simulation,ngspice,397141eb8a813045075ac2be3098d3b136ebaf4d597c08fca627922a75e443b7,data/raw/ptm45_lp_vds_1p1v_raw.txt
PTM,NMOS,45,LP,1.0,0.045,25.0,1.1,0.1850000000000002,3.325436033215461e-09,nominal_vdd,model_nominal_vdd,1.1,simulation,ngspice,397141eb8a813045075ac2be3098d3b136ebaf4d597c08fca627922a75e443b7,data/raw/ptm45_lp_vds_1p1v_raw.txt
PTM,NMOS,45,LP,1.0,0.045,25.0,1.1,0.1900000000000002,3.793223657822332e-09,nominal_vdd,model_nominal_vdd,1.1,simulation,ngspice,397141eb8a813045075ac2be3098d3b136ebaf4d597c08fca627922a75e443b7,data/raw/ptm45_lp_vds_1p1v_raw.txt
PTM,NMOS,45,LP,1.0,0.045,25.0,1.1,0.1950000000000002,4.3262903114369284e-09,nominal_vdd,model_nominal_vdd,1.1,simulation,ngspice,397141eb8a813045075ac2be3098d3b136ebaf4d597c08fca627922a75e443b7,data/raw/ptm45_lp_vds_1p1v_raw.txt
PTM,NMOS,45,LP,1.0,0.045,25.0,1.1,0.2000000000000002,4.9336297997360764e-09,nominal_vdd,model_nominal_vdd,1.1,simulation,ngspice,397141eb8a813045075ac2be3098d3b136ebaf4d597c08fca627922a75e443b7,data/raw/ptm45_lp_vds_1p1v_raw.txt
PTM,NMOS,45,LP,1.0,0.045,25.0,1.1,0.2050000000000002,5.625450801088216e-09,nominal_vdd,model_nominal_vdd,1.1,simulation,ngspice,397141eb8a813045075ac2be3098d3b136ebaf4d597c08fca627922a75e443b7,data/raw/ptm45_lp_vds_1p1v_raw.txt
PTM,NMOS,45,LP,1.0,0.045,25.0,1.1,0.2100000000000002,6.413335968902241e-09,nominal_vdd,model_nominal_vdd,1.1,simulation,ngspice,397141eb8a813045075ac2be3098d3b136ebaf4d597c08fca627922a75e443b7,data/raw/ptm45_lp_vds_1p1v_raw.txt
PTM,NMOS,45,LP,1.0,0.045,25.0,1.1,0.2150000000000002,7.310420858999445e-09,nominal_vdd,model_nominal_vdd,1.1,simulation,ngspice,397141eb8a813045075ac2be3098d3b136ebaf4d597c08fca627922a75e443b7,data/raw/ptm45_lp_vds_1p1v_raw.txt
PTM,NMOS,45,LP,1.0,0.045,25.0,1.1,0.2200000000000002,8.331594952959671e-09,nominal_vdd,model_nominal_vdd,1.1,simulation,ngspice,397141eb8a813045075ac2be3098d3b136ebaf4d597c08fca627922a75e443b7,data/raw/ptm45_lp_vds_1p1v_raw.txt
PTM,NMOS,45,LP,1.0,0.045,25.0,1.1,0.2250000000000002,9.493727270480417e-09,nominal_vdd,model_nominal_vdd,1.1,simulation,ngspice,397141eb8a813045075ac2be3098d3b136ebaf4d597c08fca627922a75e443b7,data/raw/ptm45_lp_vds_1p1v_raw.txt
PTM,NMOS,45,LP,1.0,0.045,25.0,1.1,0.2300000000000002,1.0815919300639991e-08,nominal_vdd,model_nominal_vdd,1.1,simulation,ngspice,397141eb8a813045075ac2be3098d3b136ebaf4d597c08fca627922a75e443b7,data/raw/ptm45_lp_vds_1p1v_raw.txt
PTM,NMOS,45,LP,1.0,0.045,25.0,1.1,0.2350000000000002,1.231978823325394e-08,nominal_vdd,model_nominal_vdd,1.1,simulation,ngspice,397141eb8a813045075ac2be3098d3b136ebaf4d597c08fca627922a75e443b7,data/raw/ptm45_lp_vds_1p1v_raw.txt
PTM,NMOS,45,LP,1.0,0.045,25.0,1.1,0.2400000000000002,1.4029783736780251e-08,nominal_vdd,model_nominal_vdd,1.1,simulation,ngspice,397141eb8a813045075ac2be3098d3b136ebaf4d597c08fca627922a75e443b7,data/raw/ptm45_lp_vds_1p1v_raw.txt
PTM,NMOS,45,LP,1.0,0.045,25.0,1.1,0.2450000000000002,1.5973541807636473e-08,nominal_vdd,model_nominal_vdd,1.1,simulation,ngspice,397141eb8a813045075ac2be3098d3b136ebaf4d597c08fca627922a75e443b7,data/raw/ptm45_lp_vds_1p1v_raw.txt
PTM,NMOS,45,LP,1.0,0.045,25.0,1.1,0.2500000000000002,1.818227950631262e-08,nominal_vdd,model_nominal_vdd,1.1,simulation,ngspice,397141eb8a813045075ac2be3098d3b136ebaf4d597c08fca627922a75e443b7,data/raw/ptm45_lp_vds_1p1v_raw.txt
PTM,NMOS,45,LP,1.0,0.045,25.0,1.1,0.2550000000000002,2.069123469688041e-08,nominal_vdd,model_nominal_vdd,1.1,simulation,ngspice,397141eb8a813045075ac2be3098d3b136ebaf4d597c08fca627922a75e443b7,data/raw/ptm45_lp_vds_1p1v_raw.txt
PTM,NMOS,45,LP,1.0,0.045,25.0,1.1,0.2600000000000002,2.354015521682267e-08,nominal_vdd,model_nominal_vdd,1.1,simulation,ngspice,397141eb8a813045075ac2be3098d3b136ebaf4d597c08fca627922a75e443b7,data/raw/ptm45_lp_vds_1p1v_raw.txt
PTM,NMOS,45,LP,1.0,0.045,25.0,1.1,0.2650000000000002,2.6773842221694e-08,nominal_vdd,model_nominal_vdd,1.1,simulation,ngspice,397141eb8a813045075ac2be3098d3b136ebaf4d597c08fca627922a75e443b7,data/raw/ptm45_lp_vds_1p1v_raw.txt
PTM,NMOS,45,LP,1.0,0.045,25.0,1.1,0.2700000000000002,3.044275277190724e-08,nominal_vdd,model_nominal_vdd,1.1,simulation,ngspice,397141eb8a813045075ac2be3098d3b136ebaf4d597c08fca627922a75e443b7,data/raw/ptm45_lp_vds_1p1v_raw.txt
PTM,NMOS,45,LP,1.0,0.045,25.0,1.1,0.2750000000000002,3.460366705497732e-08,nominal_vdd,model_nominal_vdd,1.1,simulation,ngspice,397141eb8a813045075ac2be3098d3b136ebaf4d597c08fca627922a75e443b7,data/raw/ptm45_lp_vds_1p1v_raw.txt
PTM,NMOS,45,LP,1.0,0.045,25.0,1.1,0.2800000000000002,3.9320425963673676e-08,nominal_vdd,model_nominal_vdd,1.1,simulation,ngspice,397141eb8a813045075ac2be3098d3b136ebaf4d597c08fca627922a75e443b7,data/raw/ptm45_lp_vds_1p1v_raw.txt
PTM,NMOS,45,LP,1.0,0.045,25.0,1.1,0.2850000000000003,4.466474507731343e-08,nominal_vdd,model_nominal_vdd,1.1,simulation,ngspice,397141eb8a813045075ac2be3098d3b136ebaf4d597c08fca627922a75e443b7,data/raw/ptm45_lp_vds_1p1v_raw.txt
PTM,NMOS,45,LP,1.0,0.045,25.0,1.1,0.2900000000000003,5.0717111418330014e-08,nominal_vdd,model_nominal_vdd,1.1,simulation,ngspice,397141eb8a813045075ac2be3098d3b136ebaf4d597c08fca627922a75e443b7,data/raw/ptm45_lp_vds_1p1v_raw.txt
PTM,NMOS,45,LP,1.0,0.045,25.0,1.1,0.2950000000000003,5.756776967917311e-08,nominal_vdd,model_nominal_vdd,1.1,simulation,ngspice,397141eb8a813045075ac2be3098d3b136ebaf4d597c08fca627922a75e443b7,data/raw/ptm45_lp_vds_1p1v_raw.txt
PTM,NMOS,45,LP,1.0,0.045,25.0,1.1,0.3000000000000003,6.531780493577326e-08,nominal_vdd,model_nominal_vdd,1.1,simulation,ngspice,397141eb8a813045075ac2be3098d3b136ebaf4d597c08fca627922a75e443b7,data/raw/ptm45_lp_vds_1p1v_raw.txt
PTM,NMOS,45,LP,1.0,0.045,25.0,1.1,0.3050000000000003,7.40803291855766e-08,nominal_vdd,model_nominal_vdd,1.1,simulation,ngspice,397141eb8a813045075ac2be3098d3b136ebaf4d597c08fca627922a75e443b7,data/raw/ptm45_lp_vds_1p1v_raw.txt
PTM,NMOS,45,LP,1.0,0.045,25.0,1.1,0.3100000000000003,8.398177937379374e-08,nominal_vdd,model_nominal_vdd,1.1,simulation,ngspice,397141eb8a813045075ac2be3098d3b136ebaf4d597c08fca627922a75e443b7,data/raw/ptm45_lp_vds_1p1v_raw.txt
PTM,NMOS,45,LP,1.0,0.045,25.0,1.1,0.3150000000000003,9.516333490665305e-08,nominal_vdd,model_nominal_vdd,1.1,simulation,ngspice,397141eb8a813045075ac2be3098d3b136ebaf4d597c08fca627922a75e443b7,data/raw/ptm45_lp_vds_1p1v_raw.txt
PTM,NMOS,45,LP,1.0,0.045,25.0,1.1,0.3200000000000003,1.077824630026231e-07,nominal_vdd,model_nominal_vdd,1.1,simulation,ngspice,397141eb8a813045075ac2be3098d3b136ebaf4d597c08fca627922a75e443b7,data/raw/ptm45_lp_vds_1p1v_raw.txt
PTM,NMOS,45,LP,1.0,0.045,25.0,1.1,0.3250000000000003,1.220146006110537e-07,nominal_vdd,model_nominal_vdd,1.1,simulation,ngspice,397141eb8a813045075ac2be3098d3b136ebaf4d597c08fca627922a75e443b7,data/raw/ptm45_lp_vds_1p1v_raw.txt
PTM,NMOS,45,LP,1.0,0.045,25.0,1.1,0.3300000000000003,1.380549820437588e-07,nominal_vdd,model_nominal_vdd,1.1,simulation,ngspice,397141eb8a813045075ac2be3098d3b136ebaf4d597c08fca627922a75e443b7,data/raw/ptm45_lp_vds_1p1v_raw.txt
PTM,NMOS,45,LP,1.0,0.045,25.0,1.1,0.3350000000000003,1.561206219304292e-07,nominal_vdd,model_nominal_vdd,1.1,simulation,ngspice,397141eb8a813045075ac2be3098d3b136ebaf4d597c08fca627922a75e443b7,data/raw/ptm45_lp_vds_1p1v_raw.txt
PTM,NMOS,45,LP,1.0,0.045,25.0,1.1,0.3400000000000003,1.764524636356855e-07,nominal_vdd,model_nominal_vdd,1.1,simulation,ngspice,397141eb8a813045075ac2be3098d3b136ebaf4d597c08fca627922a75e443b7,data/raw/ptm45_lp_vds_1p1v_raw.txt
PTM,NMOS,45,LP,1.0,0.045,25.0,1.1,0.3450000000000003,1.99317703873378e-07,nominal_vdd,model_nominal_vdd,1.1,simulation,ngspice,397141eb8a813045075ac2be3098d3b136ebaf4d597c08fca627922a75e443b7,data/raw/ptm45_lp_vds_1p1v_raw.txt
PTM,NMOS,45,LP,1.0,0.045,25.0,1.1,0.3500000000000003,2.250123004987949e-07,nominal_vdd,model_nominal_vdd,1.1,simulation,ngspice,397141eb8a813045075ac2be3098d3b136ebaf4d597c08fca627922a75e443b7,data/raw/ptm45_lp_vds_1p1v_raw.txt
PTM,NMOS,45,LP,1.0,0.045,25.0,1.1,0.3550000000000003,2.538636675069257e-07,nominal_vdd,model_nominal_vdd,1.1,simulation,ngspice,397141eb8a813045075ac2be3098d3b136ebaf4d597c08fca627922a75e443b7,data/raw/ptm45_lp_vds_1p1v_raw.txt
PTM,NMOS,45,LP,1.0,0.045,25.0,1.1,0.3600000000000003,2.862336325723942e-07,nominal_vdd,model_nominal_vdd,1.1,simulation,ngspice,397141eb8a813045075ac2be3098d3b136ebaf4d597c08fca627922a75e443b7,data/raw/ptm45_lp_vds_1p1v_raw.txt
PTM,NMOS,45,LP,1.0,0.045,25.0,1.1,0.3650000000000003,3.225215767858622e-07,nominal_vdd,model_nominal_vdd,1.1,simulation,ngspice,397141eb8a813045075ac2be3098d3b136ebaf4d597c08fca627922a75e443b7,data/raw/ptm45_lp_vds_1p1v_raw.txt
PTM,NMOS,45,LP,1.0,0.045,25.0,1.1,0.3700000000000003,3.631678240515039e-07,nominal_vdd,model_nominal_vdd,1.1,simulation,ngspice,397141eb8a813045075ac2be3098d3b136ebaf4d597c08fca627922a75e443b7,data/raw/ptm45_lp_vds_1p1v_raw.txt
PTM,NMOS,45,LP,1.0,0.045,25.0,1.1,0.3750000000000003,4.08657289461529e-07,nominal_vdd,model_nominal_vdd,1.1,simulation,ngspice,397141eb8a813045075ac2be3098d3b136ebaf4d597c08fca627922a75e443b7,data/raw/ptm45_lp_vds_1p1v_raw.txt
PTM,NMOS,45,LP,1.0,0.045,25.0,1.1,0.3800000000000003,4.595233998871019e-07,nominal_vdd,model_nominal_vdd,1.1,simulation,ngspice,397141eb8a813045075ac2be3098d3b136ebaf4d597c08fca627922a75e443b7,data/raw/ptm45_lp_vds_1p1v_raw.txt
PTM,NMOS,45,LP,1.0,0.045,25.0,1.1,0.3850000000000003,5.163523026853494e-07,nominal_vdd,model_nominal_vdd,1.1,simulation,ngspice,397141eb8a813045075ac2be3098d3b136ebaf4d597c08fca627922a75e443b7,data/raw/ptm45_lp_vds_1p1v_raw.txt
PTM,NMOS,45,LP,1.0,0.045,25.0,1.1,0.3900000000000003,5.797873779366287e-07,nominal_vdd,model_nominal_vdd,1.1,simulation,ngspice,397141eb8a813045075ac2be3098d3b136ebaf4d597c08fca627922a75e443b7,data/raw/ptm45_lp_vds_1p1v_raw.txt
PTM,NMOS,45,LP,1.0,0.045,25.0,1.1,0.3950000000000004,6.505340683060344e-07,nominal_vdd,model_nominal_vdd,1.1,simulation,ngspice,397141eb8a813045075ac2be3098d3b136ebaf4d597c08fca627922a75e443b7,data/raw/ptm45_lp_vds_1p1v_raw.txt
PTM,NMOS,45,LP,1.0,0.045,25.0,1.1,0.4000000000000004,7.293650381677136e-07,nominal_vdd,model_nominal_vdd,1.1,simulation,ngspice,397141eb8a813045075ac2be3098d3b136ebaf4d597c08fca627922a75e443b7,data/raw/ptm45_lp_vds_1p1v_raw.txt
PTM,NMOS,45,LP,1.0,0.045,25.0,1.1,0.4050000000000004,8.171256697025714e-07,nominal_vdd,model_nominal_vdd,1.1,simulation,ngspice,397141eb8a813045075ac2be3098d3b136ebaf4d597c08fca627922a75e443b7,data/raw/ptm45_lp_vds_1p1v_raw.txt
PTM,NMOS,45,LP,1.0,0.045,25.0,1.1,0.4100000000000004,9.14739897904596e-07,nominal_vdd,model_nominal_vdd,1.1,simulation,ngspice,397141eb8a813045075ac2be3098d3b136ebaf4d597c08fca627922a75e443b7,data/raw/ptm45_lp_vds_1p1v_raw.txt
PTM,NMOS,45,LP,1.0,0.045,25.0,1.1,0.4150000000000004,1.023216378427474e-06,nominal_vdd,model_nominal_vdd,1.1,simulation,ngspice,397141eb8a813045075ac2be3098d3b136ebaf4d597c08fca627922a75e443b7,data/raw/ptm45_lp_vds_1p1v_raw.txt
PTM,NMOS,45,LP,1.0,0.045,25.0,1.1,0.4200000000000004,1.143654971591668e-06,nominal_vdd,model_nominal_vdd,1.1,simulation,ngspice,397141eb8a813045075ac2be3098d3b136ebaf4d597c08fca627922a75e443b7,data/raw/ptm45_lp_vds_1p1v_raw.txt
PTM,NMOS,45,LP,1.0,0.045,25.0,1.1,0.4250000000000004,1.277253512324472e-06,nominal_vdd,model_nominal_vdd,1.1,simulation,ngspice,397141eb8a813045075ac2be3098d3b136ebaf4d597c08fca627922a75e443b7,data/raw/ptm45_lp_vds_1p1v_raw.txt
PTM,NMOS,45,LP,1.0,0.045,25.0,1.1,0.4300000000000004,1.425314819067123e-06,nominal_vdd,model_nominal_vdd,1.1,simulation,ngspice,397141eb8a813045075ac2be3098d3b136ebaf4d597c08fca627922a75e443b7,data/raw/ptm45_lp_vds_1p1v_raw.txt
PTM,NMOS,45,LP,1.0,0.045,25.0,1.1,0.4350000000000004,1.589253874631965e-06,nominal_vdd,model_nominal_vdd,1.1,simulation,ngspice,397141eb8a813045075ac2be3098d3b136ebaf4d597c08fca627922a75e443b7,data/raw/ptm45_lp_vds_1p1v_raw.txt
PTM,NMOS,45,LP,1.0,0.045,25.0,1.1,0.4400000000000004,1.770605088674123e-06,nominal_vdd,model_nominal_vdd,1.1,simulation,ngspice,397141eb8a813045075ac2be3098d3b136ebaf4d597c08fca627922a75e443b7,data/raw/ptm45_lp_vds_1p1v_raw.txt
PTM,NMOS,45,LP,1.0,0.045,25.0,1.1,0.4450000000000004,1.971029525132079e-06,nominal_vdd,model_nominal_vdd,1.1,simulation,ngspice,397141eb8a813045075ac2be3098d3b136ebaf4d597c08fca627922a75e443b7,data/raw/ptm45_lp_vds_1p1v_raw.txt
PTM,NMOS,45,LP,1.0,0.045,25.0,1.1,0.4500000000000004,2.192321949224396e-06,nominal_vdd,model_nominal_vdd,1.1,simulation,ngspice,397141eb8a813045075ac2be3098d3b136ebaf4d597c08fca627922a75e443b7,data/raw/ptm45_lp_vds_1p1v_raw.txt
PTM,NMOS,45,LP,1.0,0.045,25.0,1.1,0.4550000000000004,2.436417518205541e-06,nominal_vdd,model_nominal_vdd,1.1,simulation,ngspice,397141eb8a813045075ac2be3098d3b136ebaf4d597c08fca627922a75e443b7,data/raw/ptm45_lp_vds_1p1v_raw.txt
PTM,NMOS,45,LP,1.0,0.045,25.0,1.1,0.4600000000000004,2.705397909244115e-06,nominal_vdd,model_nominal_vdd,1.1,simulation,ngspice,397141eb8a813045075ac2be3098d3b136ebaf4d597c08fca627922a75e443b7,data/raw/ptm45_lp_vds_1p1v_raw.txt
PTM,NMOS,45,LP,1.0,0.045,25.0,1.1,0.4650000000000004,3.001496647969538e-06,nominal_vdd,model_nominal_vdd,1.1,simulation,ngspice,397141eb8a813045075ac2be3098d3b136ebaf4d597c08fca627922a75e443b7,data/raw/ptm45_lp_vds_1p1v_raw.txt
PTM,NMOS,45,LP,1.0,0.045,25.0,1.1,0.4700000000000004,3.327103374210794e-06,nominal_vdd,model_nominal_vdd,1.1,simulation,ngspice,397141eb8a813045075ac2be3098d3b136ebaf4d597c08fca627922a75e443b7,data/raw/ptm45_lp_vds_1p1v_raw.txt
PTM,NMOS,45,LP,1.0,0.045,25.0,1.1,0.4750000000000004,3.684766759238578e-06,nominal_vdd,model_nominal_vdd,1.1,simulation,ngspice,397141eb8a813045075ac2be3098d3b136ebaf4d597c08fca627922a75e443b7,data/raw/ptm45_lp_vds_1p1v_raw.txt
PTM,NMOS,45,LP,1.0,0.045,25.0,1.1,0.4800000000000004,4.077195773574707e-06,nominal_vdd,model_nominal_vdd,1.1,simulation,ngspice,397141eb8a813045075ac2be3098d3b136ebaf4d597c08fca627922a75e443b7,data/raw/ptm45_lp_vds_1p1v_raw.txt
PTM,NMOS,45,LP,1.0,0.045,25.0,1.1,0.4850000000000004,4.507258998338196e-06,nominal_vdd,model_nominal_vdd,1.1,simulation,ngspice,397141eb8a813045075ac2be3098d3b136ebaf4d597c08fca627922a75e443b7,data/raw/ptm45_lp_vds_1p1v_raw.txt
PTM,NMOS,45,LP,1.0,0.045,25.0,1.1,0.4900000000000004,4.977981678238951e-06,nominal_vdd,model_nominal_vdd,1.1,simulation,ngspice,397141eb8a813045075ac2be3098d3b136ebaf4d597c08fca627922a75e443b7,data/raw/ptm45_lp_vds_1p1v_raw.txt
PTM,NMOS,45,LP,1.0,0.045,25.0,1.1,0.4950000000000004,5.49254023248731e-06,nominal_vdd,model_nominal_vdd,1.1,simulation,ngspice,397141eb8a813045075ac2be3098d3b136ebaf4d597c08fca627922a75e443b7,data/raw/ptm45_lp_vds_1p1v_raw.txt
PTM,NMOS,45,LP,1.0,0.045,25.0,1.1,0.5000000000000004,6.054253972403459e-06,nominal_vdd,model_nominal_vdd,1.1,simulation,ngspice,397141eb8a813045075ac2be3098d3b136ebaf4d597c08fca627922a75e443b7,data/raw/ptm45_lp_vds_1p1v_raw.txt
PTM,NMOS,45,LP,1.0,0.045,25.0,1.1,0.5050000000000004,6.66657382208184e-06,nominal_vdd,model_nominal_vdd,1.1,simulation,ngspice,397141eb8a813045075ac2be3098d3b136ebaf4d597c08fca627922a75e443b7,data/raw/ptm45_lp_vds_1p1v_raw.txt
PTM,NMOS,45,LP,1.0,0.045,25.0,1.1,0.5100000000000005,7.333067901033633e-06,nominal_vdd,model_nominal_vdd,1.1,simulation,ngspice,397141eb8a813045075ac2be3098d3b136ebaf4d597c08fca627922a75e443b7,data/raw/ptm45_lp_vds_1p1v_raw.txt
PTM,NMOS,45,LP,1.0,0.045,25.0,1.1,0.5150000000000005,8.057403904298377e-06,nominal_vdd,model_nominal_vdd,1.1,simulation,ngspice,397141eb8a813045075ac2be3098d3b136ebaf4d597c08fca627922a75e443b7,data/raw/ptm45_lp_vds_1p1v_raw.txt
PTM,NMOS,45,LP,1.0,0.045,25.0,1.1,0.5200000000000005,8.843328304199586e-06,nominal_vdd,model_nominal_vdd,1.1,simulation,ngspice,397141eb8a813045075ac2be3098d3b136ebaf4d597c08fca627922a75e443b7,data/raw/ptm45_lp_vds_1p1v_raw.txt
PTM,NMOS,45,LP,1.0,0.045,25.0,1.1,0.5250000000000005,9.694642495821468e-06,nominal_vdd,model_nominal_vdd,1.1,simulation,ngspice,397141eb8a813045075ac2be3098d3b136ebaf4d597c08fca627922a75e443b7,data/raw/ptm45_lp_vds_1p1v_raw.txt
PTM,NMOS,45,LP,1.0,0.045,25.0,1.1,0.5300000000000005,1.061517611167614e-05,nominal_vdd,model_nominal_vdd,1.1,simulation,ngspice,397141eb8a813045075ac2be3098d3b136ebaf4d597c08fca627922a75e443b7,data/raw/ptm45_lp_vds_1p1v_raw.txt
PTM,NMOS,45,LP,1.0,0.045,25.0,1.1,0.5350000000000005,1.160875783550123e-05,nominal_vdd,model_nominal_vdd,1.1,simulation,ngspice,397141eb8a813045075ac2be3098d3b136ebaf4d597c08fca627922a75e443b7,data/raw/ptm45_lp_vds_1p1v_raw.txt
PTM,NMOS,45,LP,1.0,0.045,25.0,1.1,0.5400000000000005,1.267918414571154e-05,nominal_vdd,model_nominal_vdd,1.1,simulation,ngspice,397141eb8a813045075ac2be3098d3b136ebaf4d597c08fca627922a75e443b7,data/raw/ptm45_lp_vds_1p1v_raw.txt
PTM,NMOS,45,LP,1.0,0.045,25.0,1.1,0.5450000000000005,1.383018651069152e-05,nominal_vdd,model_nominal_vdd,1.1,simulation,ngspice,397141eb8a813045075ac2be3098d3b136ebaf4d597c08fca627922a75e443b7,data/raw/ptm45_lp_vds_1p1v_raw.txt
PTM,NMOS,45,LP,1.0,0.045,25.0,1.1,0.5500000000000005,1.506539763586705e-05,nominal_vdd,model_nominal_vdd,1.1,simulation,ngspice,397141eb8a813045075ac2be3098d3b136ebaf4d597c08fca627922a75e443b7,data/raw/ptm45_lp_vds_1p1v_raw.txt
PTM,NMOS,45,LP,1.0,0.045,25.0,1.1,0.5550000000000005,1.638831742189884e-05,nominal_vdd,model_nominal_vdd,1.1,simulation,ngspice,397141eb8a813045075ac2be3098d3b136ebaf4d597c08fca627922a75e443b7,data/raw/ptm45_lp_vds_1p1v_raw.txt
PTM,NMOS,45,LP,1.0,0.045,25.0,1.1,0.5600000000000005,1.780227933078941e-05,nominal_vdd,model_nominal_vdd,1.1,simulation,ngspice,397141eb8a813045075ac2be3098d3b136ebaf4d597c08fca627922a75e443b7,data/raw/ptm45_lp_vds_1p1v_raw.txt
PTM,NMOS,45,LP,1.0,0.045,25.0,1.1,0.5650000000000005,1.931041786959464e-05,nominal_vdd,model_nominal_vdd,1.1,simulation,ngspice,397141eb8a813045075ac2be3098d3b136ebaf4d597c08fca627922a75e443b7,data/raw/ptm45_lp_vds_1p1v_raw.txt
PTM,NMOS,45,LP,1.0,0.045,25.0,1.1,0.5700000000000005,2.091563788860862e-05,nominal_vdd,model_nominal_vdd,1.1,simulation,ngspice,397141eb8a813045075ac2be3098d3b136ebaf4d597c08fca627922a75e443b7,data/raw/ptm45_lp_vds_1p1v_raw.txt
PTM,NMOS,45,LP,1.0,0.045,25.0,1.1,0.5750000000000005,2.262058635247078e-05,nominal_vdd,model_nominal_vdd,1.1,simulation,ngspice,397141eb8a813045075ac2be3098d3b136ebaf4d597c08fca627922a75e443b7,data/raw/ptm45_lp_vds_1p1v_raw.txt
PTM,NMOS,45,LP,1.0,0.045,25.0,1.1,0.5800000000000005,2.442762718022191e-05,nominal_vdd,model_nominal_vdd,1.1,simulation,ngspice,397141eb8a813045075ac2be3098d3b136ebaf4d597c08fca627922a75e443b7,data/raw/ptm45_lp_vds_1p1v_raw.txt
PTM,NMOS,45,LP,1.0,0.045,25.0,1.1,0.5850000000000005,2.633881966680627e-05,nominal_vdd,model_nominal_vdd,1.1,simulation,ngspice,397141eb8a813045075ac2be3098d3b136ebaf4d597c08fca627922a75e443b7,data/raw/ptm45_lp_vds_1p1v_raw.txt
PTM,NMOS,45,LP,1.0,0.045,25.0,1.1,0.5900000000000005,2.835590089781007e-05,nominal_vdd,model_nominal_vdd,1.1,simulation,ngspice,397141eb8a813045075ac2be3098d3b136ebaf4d597c08fca627922a75e443b7,data/raw/ptm45_lp_vds_1p1v_raw.txt
PTM,NMOS,45,LP,1.0,0.045,25.0,1.1,0.5950000000000005,3.048027245622834e-05,nominal_vdd,model_nominal_vdd,1.1,simulation,ngspice,397141eb8a813045075ac2be3098d3b136ebaf4d597c08fca627922a75e443b7,data/raw/ptm45_lp_vds_1p1v_raw.txt
PTM,NMOS,45,LP,1.0,0.045,25.0,1.1,0.6000000000000005,3.271299159992002e-05,nominal_vdd,model_nominal_vdd,1.1,simulation,ngspice,397141eb8a813045075ac2be3098d3b136ebaf4d597c08fca627922a75e443b7,data/raw/ptm45_lp_vds_1p1v_raw.txt
PTM,NMOS,45,LP,1.0,0.045,25.0,1.1,0.6050000000000005,3.505476696670889e-05,nominal_vdd,model_nominal_vdd,1.1,simulation,ngspice,397141eb8a813045075ac2be3098d3b136ebaf4d597c08fca627922a75e443b7,data/raw/ptm45_lp_vds_1p1v_raw.txt
PTM,NMOS,45,LP,1.0,0.045,25.0,1.1,0.6100000000000005,3.750595874587029e-05,nominal_vdd,model_nominal_vdd,1.1,simulation,ngspice,397141eb8a813045075ac2be3098d3b136ebaf4d597c08fca627922a75e443b7,data/raw/ptm45_lp_vds_1p1v_raw.txt
PTM,NMOS,45,LP,1.0,0.045,25.0,1.1,0.6150000000000005,4.006658314482937e-05,nominal_vdd,model_nominal_vdd,1.1,simulation,ngspice,397141eb8a813045075ac2be3098d3b136ebaf4d597c08fca627922a75e443b7,data/raw/ptm45_lp_vds_1p1v_raw.txt
PTM,NMOS,45,LP,1.0,0.045,25.0,1.1,0.6200000000000006,4.273632088214645e-05,nominal_vdd,model_nominal_vdd,1.1,simulation,ngspice,397141eb8a813045075ac2be3098d3b136ebaf4d597c08fca627922a75e443b7,data/raw/ptm45_lp_vds_1p1v_raw.txt
PTM,NMOS,45,LP,1.0,0.045,25.0,1.1,0.6250000000000006,4.551452935535698e-05,nominal_vdd,model_nominal_vdd,1.1,simulation,ngspice,397141eb8a813045075ac2be3098d3b136ebaf4d597c08fca627922a75e443b7,data/raw/ptm45_lp_vds_1p1v_raw.txt
PTM,NMOS,45,LP,1.0,0.045,25.0,1.1,0.6300000000000006,4.840025806687258e-05,nominal_vdd,model_nominal_vdd,1.1,simulation,ngspice,397141eb8a813045075ac2be3098d3b136ebaf4d597c08fca627922a75e443b7,data/raw/ptm45_lp_vds_1p1v_raw.txt
PTM,NMOS,45,LP,1.0,0.045,25.0,1.1,0.6350000000000006,5.139226684410133e-05,nominal_vdd,model_nominal_vdd,1.1,simulation,ngspice,397141eb8a813045075ac2be3098d3b136ebaf4d597c08fca627922a75e443b7,data/raw/ptm45_lp_vds_1p1v_raw.txt
PTM,NMOS,45,LP,1.0,0.045,25.0,1.1,0.6400000000000006,5.443693388417088e-05,nominal_vdd,model_nominal_vdd,1.1,simulation,ngspice,397141eb8a813045075ac2be3098d3b136ebaf4d597c08fca627922a75e443b7,data/raw/ptm45_lp_vds_1p1v_raw.txt
PTM,NMOS,45,LP,1.0,0.045,25.0,1.1,0.6450000000000006,5.763764526653694e-05,nominal_vdd,model_nominal_vdd,1.1,simulation,ngspice,397141eb8a813045075ac2be3098d3b136ebaf4d597c08fca627922a75e443b7,data/raw/ptm45_lp_vds_1p1v_raw.txt
PTM,NMOS,45,LP,1.0,0.045,25.0,1.1,0.6500000000000006,6.093949943826538e-05,nominal_vdd,model_nominal_vdd,1.1,simulation,ngspice,397141eb8a813045075ac2be3098d3b136ebaf4d597c08fca627922a75e443b7,data/raw/ptm45_lp_vds_1p1v_raw.txt
PTM,NMOS,45,LP,1.0,0.045,25.0,1.1,0.6550000000000006,6.434030592053848e-05,nominal_vdd,model_nominal_vdd,1.1,simulation,ngspice,397141eb8a813045075ac2be3098d3b136ebaf4d597c08fca627922a75e443b7,data/raw/ptm45_lp_vds_1p1v_raw.txt
PTM,NMOS,45,LP,1.0,0.045,25.0,1.1,0.6600000000000006,6.783770013465142e-05,nominal_vdd,model_nominal_vdd,1.1,simulation,ngspice,397141eb8a813045075ac2be3098d3b136ebaf4d597c08fca627922a75e443b7,data/raw/ptm45_lp_vds_1p1v_raw.txt
PTM,NMOS,45,LP,1.0,0.045,25.0,1.1,0.6650000000000006,7.142916834901681e-05,nominal_vdd,model_nominal_vdd,1.1,simulation,ngspice,397141eb8a813045075ac2be3098d3b136ebaf4d597c08fca627922a75e443b7,data/raw/ptm45_lp_vds_1p1v_raw.txt
PTM,NMOS,45,LP,1.0,0.045,25.0,1.1,0.6700000000000006,7.511207218639745e-05,nominal_vdd,model_nominal_vdd,1.1,simulation,ngspice,397141eb8a813045075ac2be3098d3b136ebaf4d597c08fca627922a75e443b7,data/raw/ptm45_lp_vds_1p1v_raw.txt
PTM,NMOS,45,LP,1.0,0.045,25.0,1.1,0.6750000000000006,7.888367237143239e-05,nominal_vdd,model_nominal_vdd,1.1,simulation,ngspice,397141eb8a813045075ac2be3098d3b136ebaf4d597c08fca627922a75e443b7,data/raw/ptm45_lp_vds_1p1v_raw.txt
PTM,NMOS,45,LP,1.0,0.045,25.0,1.1,0.6800000000000006,8.274115145077109e-05,nominal_vdd,model_nominal_vdd,1.1,simulation,ngspice,397141eb8a813045075ac2be3098d3b136ebaf4d597c08fca627922a75e443b7,data/raw/ptm45_lp_vds_1p1v_raw.txt
PTM,NMOS,45,LP,1.0,0.045,25.0,1.1,0.6850000000000006,8.668163527010635e-05,nominal_vdd,model_nominal_vdd,1.1,simulation,ngspice,397141eb8a813045075ac2be3098d3b136ebaf4d597c08fca627922a75e443b7,data/raw/ptm45_lp_vds_1p1v_raw.txt
PTM,NMOS,45,LP,1.0,0.045,25.0,1.1,0.6900000000000006,9.070221304262191e-05,nominal_vdd,model_nominal_vdd,1.1,simulation,ngspice,397141eb8a813045075ac2be3098d3b136ebaf4d597c08fca627922a75e443b7,data/raw/ptm45_lp_vds_1p1v_raw.txt
PTM,NMOS,45,LP,1.0,0.045,25.0,1.1,0.6950000000000006,9.479995589045444e-05,nominal_vdd,model_nominal_vdd,1.1,simulation,ngspice,397141eb8a813045075ac2be3098d3b136ebaf4d597c08fca627922a75e443b7,data/raw/ptm45_lp_vds_1p1v_raw.txt
PTM,NMOS,45,LP,1.0,0.045,25.0,1.1,0.7000000000000006,9.897193378384544e-05,nominal_vdd,model_nominal_vdd,1.1,simulation,ngspice,397141eb8a813045075ac2be3098d3b136ebaf4d597c08fca627922a75e443b7,data/raw/ptm45_lp_vds_1p1v_raw.txt
PTM,NMOS,45,LP,1.0,0.045,25.0,1.1,0.7050000000000006,0.0001032152308411,nominal_vdd,model_nominal_vdd,1.1,simulation,ngspice,397141eb8a813045075ac2be3098d3b136ebaf4d597c08fca627922a75e443b7,data/raw/ptm45_lp_vds_1p1v_raw.txt
PTM,NMOS,45,LP,1.0,0.045,25.0,1.1,0.7100000000000006,0.0001075269589865,nominal_vdd,model_nominal_vdd,1.1,simulation,ngspice,397141eb8a813045075ac2be3098d3b136ebaf4d597c08fca627922a75e443b7,data/raw/ptm45_lp_vds_1p1v_raw.txt
PTM,NMOS,45,LP,1.0,0.045,25.0,1.1,0.7150000000000006,0.00011190426999,nominal_vdd,model_nominal_vdd,1.1,simulation,ngspice,397141eb8a813045075ac2be3098d3b136ebaf4d597c08fca627922a75e443b7,data/raw/ptm45_lp_vds_1p1v_raw.txt
PTM,NMOS,45,LP,1.0,0.045,25.0,1.1,0.7200000000000006,0.000116344365939,nominal_vdd,model_nominal_vdd,1.1,simulation,ngspice,397141eb8a813045075ac2be3098d3b136ebaf4d597c08fca627922a75e443b7,data/raw/ptm45_lp_vds_1p1v_raw.txt
PTM,NMOS,45,LP,1.0,0.045,25.0,1.1,0.7250000000000006,0.0001208445082083,nominal_vdd,model_nominal_vdd,1.1,simulation,ngspice,397141eb8a813045075ac2be3098d3b136ebaf4d597c08fca627922a75e443b7,data/raw/ptm45_lp_vds_1p1v_raw.txt
PTM,NMOS,45,LP,1.0,0.045,25.0,1.1,0.7300000000000006,0.0001254020250104,nominal_vdd,model_nominal_vdd,1.1,simulation,ngspice,397141eb8a813045075ac2be3098d3b136ebaf4d597c08fca627922a75e443b7,data/raw/ptm45_lp_vds_1p1v_raw.txt
PTM,NMOS,45,LP,1.0,0.045,25.0,1.1,0.7350000000000007,0.000130014317618,nominal_vdd,model_nominal_vdd,1.1,simulation,ngspice,397141eb8a813045075ac2be3098d3b136ebaf4d597c08fca627922a75e443b7,data/raw/ptm45_lp_vds_1p1v_raw.txt
PTM,NMOS,45,LP,1.0,0.045,25.0,1.1,0.7400000000000007,0.0001346788653575,nominal_vdd,model_nominal_vdd,1.1,simulation,ngspice,397141eb8a813045075ac2be3098d3b136ebaf4d597c08fca627922a75e443b7,data/raw/ptm45_lp_vds_1p1v_raw.txt
PTM,NMOS,45,LP,1.0,0.045,25.0,1.1,0.7450000000000007,0.0001393932294771,nominal_vdd,model_nominal_vdd,1.1,simulation,ngspice,397141eb8a813045075ac2be3098d3b136ebaf4d597c08fca627922a75e443b7,data/raw/ptm45_lp_vds_1p1v_raw.txt
PTM,NMOS,45,LP,1.0,0.045,25.0,1.1,0.7500000000000007,0.0001441550559916,nominal_vdd,model_nominal_vdd,1.1,simulation,ngspice,397141eb8a813045075ac2be3098d3b136ebaf4d597c08fca627922a75e443b7,data/raw/ptm45_lp_vds_1p1v_raw.txt
PTM,NMOS,45,LP,1.0,0.045,25.0,1.1,0.7550000000000007,0.0001489620776095,nominal_vdd,model_nominal_vdd,1.1,simulation,ngspice,397141eb8a813045075ac2be3098d3b136ebaf4d597c08fca627922a75e443b7,data/raw/ptm45_lp_vds_1p1v_raw.txt
PTM,NMOS,45,LP,1.0,0.045,25.0,1.1,0.7600000000000007,0.0001538121148403,nominal_vdd,model_nominal_vdd,1.1,simulation,ngspice,397141eb8a813045075ac2be3098d3b136ebaf4d597c08fca627922a75e443b7,data/raw/ptm45_lp_vds_1p1v_raw.txt
PTM,NMOS,45,LP,1.0,0.045,25.0,1.1,0.7650000000000007,0.0001587030763804,nominal_vdd,model_nominal_vdd,1.1,simulation,ngspice,397141eb8a813045075ac2be3098d3b136ebaf4d597c08fca627922a75e443b7,data/raw/ptm45_lp_vds_1p1v_raw.txt
PTM,NMOS,45,LP,1.0,0.045,25.0,1.1,0.7700000000000007,0.0001636329588685,nominal_vdd,model_nominal_vdd,1.1,simulation,ngspice,397141eb8a813045075ac2be3098d3b136ebaf4d597c08fca627922a75e443b7,data/raw/ptm45_lp_vds_1p1v_raw.txt
PTM,NMOS,45,LP,1.0,0.045,25.0,1.1,0.7750000000000007,0.0001685998460957,nominal_vdd,model_nominal_vdd,1.1,simulation,ngspice,397141eb8a813045075ac2be3098d3b136ebaf4d597c08fca627922a75e443b7,data/raw/ptm45_lp_vds_1p1v_raw.txt
PTM,NMOS,45,LP,1.0,0.045,25.0,1.1,0.7800000000000007,0.0001736019077519,nominal_vdd,model_nominal_vdd,1.1,simulation,ngspice,397141eb8a813045075ac2be3098d3b136ebaf4d597c08fca627922a75e443b7,data/raw/ptm45_lp_vds_1p1v_raw.txt
PTM,NMOS,45,LP,1.0,0.045,25.0,1.1,0.7850000000000007,0.0001786373977799,nominal_vdd,model_nominal_vdd,1.1,simulation,ngspice,397141eb8a813045075ac2be3098d3b136ebaf4d597c08fca627922a75e443b7,data/raw/ptm45_lp_vds_1p1v_raw.txt
PTM,NMOS,45,LP,1.0,0.045,25.0,1.1,0.7900000000000007,0.0001837046524059,nominal_vdd,model_nominal_vdd,1.1,simulation,ngspice,397141eb8a813045075ac2be3098d3b136ebaf4d597c08fca627922a75e443b7,data/raw/ptm45_lp_vds_1p1v_raw.txt
PTM,NMOS,45,LP,1.0,0.045,25.0,1.1,0.7950000000000007,0.0001888020879062,nominal_vdd,model_nominal_vdd,1.1,simulation,ngspice,397141eb8a813045075ac2be3098d3b136ebaf4d597c08fca627922a75e443b7,data/raw/ptm45_lp_vds_1p1v_raw.txt
PTM,NMOS,45,LP,1.0,0.045,25.0,1.1,0.8000000000000007,0.0001939281981645,nominal_vdd,model_nominal_vdd,1.1,simulation,ngspice,397141eb8a813045075ac2be3098d3b136ebaf4d597c08fca627922a75e443b7,data/raw/ptm45_lp_vds_1p1v_raw.txt
PTM,NMOS,45,LP,1.0,0.045,25.0,1.1,0.8050000000000007,0.0001990815520691,nominal_vdd,model_nominal_vdd,1.1,simulation,ngspice,397141eb8a813045075ac2be3098d3b136ebaf4d597c08fca627922a75e443b7,data/raw/ptm45_lp_vds_1p1v_raw.txt
PTM,NMOS,45,LP,1.0,0.045,25.0,1.1,0.8100000000000007,0.0002042607907924,nominal_vdd,model_nominal_vdd,1.1,simulation,ngspice,397141eb8a813045075ac2be3098d3b136ebaf4d597c08fca627922a75e443b7,data/raw/ptm45_lp_vds_1p1v_raw.txt
PTM,NMOS,45,LP,1.0,0.045,25.0,1.1,0.8150000000000007,0.00020946462499,nominal_vdd,model_nominal_vdd,1.1,simulation,ngspice,397141eb8a813045075ac2be3098d3b136ebaf4d597c08fca627922a75e443b7,data/raw/ptm45_lp_vds_1p1v_raw.txt
PTM,NMOS,45,LP,1.0,0.045,25.0,1.1,0.8200000000000007,0.0002146918319533,nominal_vdd,model_nominal_vdd,1.1,simulation,ngspice,397141eb8a813045075ac2be3098d3b136ebaf4d597c08fca627922a75e443b7,data/raw/ptm45_lp_vds_1p1v_raw.txt
PTM,NMOS,45,LP,1.0,0.045,25.0,1.1,0.8250000000000007,0.0002199412527428,nominal_vdd,model_nominal_vdd,1.1,simulation,ngspice,397141eb8a813045075ac2be3098d3b136ebaf4d597c08fca627922a75e443b7,data/raw/ptm45_lp_vds_1p1v_raw.txt
PTM,NMOS,45,LP,1.0,0.045,25.0,1.1,0.8300000000000007,0.0002252117893265,nominal_vdd,model_nominal_vdd,1.1,simulation,ngspice,397141eb8a813045075ac2be3098d3b136ebaf4d597c08fca627922a75e443b7,data/raw/ptm45_lp_vds_1p1v_raw.txt
PTM,NMOS,45,LP,1.0,0.045,25.0,1.1,0.8350000000000007,0.000230502401745,nominal_vdd,model_nominal_vdd,1.1,simulation,ngspice,397141eb8a813045075ac2be3098d3b136ebaf4d597c08fca627922a75e443b7,data/raw/ptm45_lp_vds_1p1v_raw.txt
PTM,NMOS,45,LP,1.0,0.045,25.0,1.1,0.8400000000000007,0.0002358121053182,nominal_vdd,model_nominal_vdd,1.1,simulation,ngspice,397141eb8a813045075ac2be3098d3b136ebaf4d597c08fca627922a75e443b7,data/raw/ptm45_lp_vds_1p1v_raw.txt
PTM,NMOS,45,LP,1.0,0.045,25.0,1.1,0.8450000000000008,0.00024113996791,nominal_vdd,model_nominal_vdd,1.1,simulation,ngspice,397141eb8a813045075ac2be3098d3b136ebaf4d597c08fca627922a75e443b7,data/raw/ptm45_lp_vds_1p1v_raw.txt
PTM,NMOS,45,LP,1.0,0.045,25.0,1.1,0.8500000000000008,0.0002464851072609,nominal_vdd,model_nominal_vdd,1.1,simulation,ngspice,397141eb8a813045075ac2be3098d3b136ebaf4d597c08fca627922a75e443b7,data/raw/ptm45_lp_vds_1p1v_raw.txt
PTM,NMOS,45,LP,1.0,0.045,25.0,1.1,0.8550000000000008,0.0002518466883987,nominal_vdd,model_nominal_vdd,1.1,simulation,ngspice,397141eb8a813045075ac2be3098d3b136ebaf4d597c08fca627922a75e443b7,data/raw/ptm45_lp_vds_1p1v_raw.txt
PTM,NMOS,45,LP,1.0,0.045,25.0,1.1,0.8600000000000008,0.000257223921133,nominal_vdd,model_nominal_vdd,1.1,simulation,ngspice,397141eb8a813045075ac2be3098d3b136ebaf4d597c08fca627922a75e443b7,data/raw/ptm45_lp_vds_1p1v_raw.txt
PTM,NMOS,45,LP,1.0,0.045,25.0,1.1,0.8650000000000008,0.0002626160577606,nominal_vdd,model_nominal_vdd,1.1,simulation,ngspice,397141eb8a813045075ac2be3098d3b136ebaf4d597c08fca627922a75e443b7,data/raw/ptm45_lp_vds_1p1v_raw.txt
PTM,NMOS,45,LP,1.0,0.045,25.0,1.1,0.8700000000000008,0.0002680223903168,nominal_vdd,model_nominal_vdd,1.1,simulation,ngspice,397141eb8a813045075ac2be3098d3b136ebaf4d597c08fca627922a75e443b7,data/raw/ptm45_lp_vds_1p1v_raw.txt
PTM,NMOS,45,LP,1.0,0.045,25.0,1.1,0.8750000000000008,0.0002734422489046,nominal_vdd,model_nominal_vdd,1.1,simulation,ngspice,397141eb8a813045075ac2be3098d3b136ebaf4d597c08fca627922a75e443b7,data/raw/ptm45_lp_vds_1p1v_raw.txt
PTM,NMOS,45,LP,1.0,0.045,25.0,1.1,0.8800000000000008,0.0002788749992555,nominal_vdd,model_nominal_vdd,1.1,simulation,ngspice,397141eb8a813045075ac2be3098d3b136ebaf4d597c08fca627922a75e443b7,data/raw/ptm45_lp_vds_1p1v_raw.txt
PTM,NMOS,45,LP,1.0,0.045,25.0,1.1,0.8850000000000008,0.0002843200407592,nominal_vdd,model_nominal_vdd,1.1,simulation,ngspice,397141eb8a813045075ac2be3098d3b136ebaf4d597c08fca627922a75e443b7,data/raw/ptm45_lp_vds_1p1v_raw.txt
PTM,NMOS,45,LP,1.0,0.045,25.0,1.1,0.8900000000000008,0.0002897768045298,nominal_vdd,model_nominal_vdd,1.1,simulation,ngspice,397141eb8a813045075ac2be3098d3b136ebaf4d597c08fca627922a75e443b7,data/raw/ptm45_lp_vds_1p1v_raw.txt
PTM,NMOS,45,LP,1.0,0.045,25.0,1.1,0.8950000000000008,0.0002952447515655,nominal_vdd,model_nominal_vdd,1.1,simulation,ngspice,397141eb8a813045075ac2be3098d3b136ebaf4d597c08fca627922a75e443b7,data/raw/ptm45_lp_vds_1p1v_raw.txt
PTM,NMOS,45,LP,1.0,0.045,25.0,1.1,0.9000000000000008,0.0003007233710036,nominal_vdd,model_nominal_vdd,1.1,simulation,ngspice,397141eb8a813045075ac2be3098d3b136ebaf4d597c08fca627922a75e443b7,data/raw/ptm45_lp_vds_1p1v_raw.txt
PTM,NMOS,45,LP,1.0,0.045,25.0,1.1,0.9050000000000008,0.000306212178465,nominal_vdd,model_nominal_vdd,1.1,simulation,ngspice,397141eb8a813045075ac2be3098d3b136ebaf4d597c08fca627922a75e443b7,data/raw/ptm45_lp_vds_1p1v_raw.txt
PTM,NMOS,45,LP,1.0,0.045,25.0,1.1,0.9100000000000008,0.0003117107144892,nominal_vdd,model_nominal_vdd,1.1,simulation,ngspice,397141eb8a813045075ac2be3098d3b136ebaf4d597c08fca627922a75e443b7,data/raw/ptm45_lp_vds_1p1v_raw.txt
PTM,NMOS,45,LP,1.0,0.045,25.0,1.1,0.9150000000000008,0.0003172185430539,nominal_vdd,model_nominal_vdd,1.1,simulation,ngspice,397141eb8a813045075ac2be3098d3b136ebaf4d597c08fca627922a75e443b7,data/raw/ptm45_lp_vds_1p1v_raw.txt
PTM,NMOS,45,LP,1.0,0.045,25.0,1.1,0.9200000000000008,0.0003227352501779,nominal_vdd,model_nominal_vdd,1.1,simulation,ngspice,397141eb8a813045075ac2be3098d3b136ebaf4d597c08fca627922a75e443b7,data/raw/ptm45_lp_vds_1p1v_raw.txt
PTM,NMOS,45,LP,1.0,0.045,25.0,1.1,0.9250000000000008,0.0003282604426034,nominal_vdd,model_nominal_vdd,1.1,simulation,ngspice,397141eb8a813045075ac2be3098d3b136ebaf4d597c08fca627922a75e443b7,data/raw/ptm45_lp_vds_1p1v_raw.txt
PTM,NMOS,45,LP,1.0,0.045,25.0,1.1,0.9300000000000008,0.0003337937465545,nominal_vdd,model_nominal_vdd,1.1,simulation,ngspice,397141eb8a813045075ac2be3098d3b136ebaf4d597c08fca627922a75e443b7,data/raw/ptm45_lp_vds_1p1v_raw.txt
PTM,NMOS,45,LP,1.0,0.045,25.0,1.1,0.9350000000000008,0.0003393348065682,nominal_vdd,model_nominal_vdd,1.1,simulation,ngspice,397141eb8a813045075ac2be3098d3b136ebaf4d597c08fca627922a75e443b7,data/raw/ptm45_lp_vds_1p1v_raw.txt
PTM,NMOS,45,LP,1.0,0.045,25.0,1.1,0.9400000000000008,0.0003448832843955,nominal_vdd,model_nominal_vdd,1.1,simulation,ngspice,397141eb8a813045075ac2be3098d3b136ebaf4d597c08fca627922a75e443b7,data/raw/ptm45_lp_vds_1p1v_raw.txt
PTM,NMOS,45,LP,1.0,0.045,25.0,1.1,0.9450000000000008,0.000350438857968,nominal_vdd,model_nominal_vdd,1.1,simulation,ngspice,397141eb8a813045075ac2be3098d3b136ebaf4d597c08fca627922a75e443b7,data/raw/ptm45_lp_vds_1p1v_raw.txt
PTM,NMOS,45,LP,1.0,0.045,25.0,1.1,0.9500000000000008,0.0003560012204272,nominal_vdd,model_nominal_vdd,1.1,simulation,ngspice,397141eb8a813045075ac2be3098d3b136ebaf4d597c08fca627922a75e443b7,data/raw/ptm45_lp_vds_1p1v_raw.txt
PTM,NMOS,45,LP,1.0,0.045,25.0,1.1,0.9550000000000008,0.0003615700792139,nominal_vdd,model_nominal_vdd,1.1,simulation,ngspice,397141eb8a813045075ac2be3098d3b136ebaf4d597c08fca627922a75e443b7,data/raw/ptm45_lp_vds_1p1v_raw.txt
PTM,NMOS,45,LP,1.0,0.045,25.0,1.1,0.9600000000000009,0.0003671451552133,nominal_vdd,model_nominal_vdd,1.1,simulation,ngspice,397141eb8a813045075ac2be3098d3b136ebaf4d597c08fca627922a75e443b7,data/raw/ptm45_lp_vds_1p1v_raw.txt
PTM,NMOS,45,LP,1.0,0.045,25.0,1.1,0.9650000000000007,0.0003727261819535,nominal_vdd,model_nominal_vdd,1.1,simulation,ngspice,397141eb8a813045075ac2be3098d3b136ebaf4d597c08fca627922a75e443b7,data/raw/ptm45_lp_vds_1p1v_raw.txt
PTM,NMOS,45,LP,1.0,0.045,25.0,1.1,0.9700000000000008,0.0003783129048543,nominal_vdd,model_nominal_vdd,1.1,simulation,ngspice,397141eb8a813045075ac2be3098d3b136ebaf4d597c08fca627922a75e443b7,data/raw/ptm45_lp_vds_1p1v_raw.txt
PTM,NMOS,45,LP,1.0,0.045,25.0,1.1,0.9750000000000008,0.0003839050805235,nominal_vdd,model_nominal_vdd,1.1,simulation,ngspice,397141eb8a813045075ac2be3098d3b136ebaf4d597c08fca627922a75e443b7,data/raw/ptm45_lp_vds_1p1v_raw.txt
PTM,NMOS,45,LP,1.0,0.045,25.0,1.1,0.9800000000000008,0.0003895024760973,nominal_vdd,model_nominal_vdd,1.1,simulation,ngspice,397141eb8a813045075ac2be3098d3b136ebaf4d597c08fca627922a75e443b7,data/raw/ptm45_lp_vds_1p1v_raw.txt
PTM,NMOS,45,LP,1.0,0.045,25.0,1.1,0.9850000000000008,0.0003951048686234,nominal_vdd,model_nominal_vdd,1.1,simulation,ngspice,397141eb8a813045075ac2be3098d3b136ebaf4d597c08fca627922a75e443b7,data/raw/ptm45_lp_vds_1p1v_raw.txt
PTM,NMOS,45,LP,1.0,0.045,25.0,1.1,0.9900000000000008,0.0004007120444829,nominal_vdd,model_nominal_vdd,1.1,simulation,ngspice,397141eb8a813045075ac2be3098d3b136ebaf4d597c08fca627922a75e443b7,data/raw/ptm45_lp_vds_1p1v_raw.txt
PTM,NMOS,45,LP,1.0,0.045,25.0,1.1,0.9950000000000008,0.0004063237988494,nominal_vdd,model_nominal_vdd,1.1,simulation,ngspice,397141eb8a813045075ac2be3098d3b136ebaf4d597c08fca627922a75e443b7,data/raw/ptm45_lp_vds_1p1v_raw.txt
PTM,NMOS,45,LP,1.0,0.045,25.0,1.1,1.000000000000001,0.0004119399351833,nominal_vdd,model_nominal_vdd,1.1,simulation,ngspice,397141eb8a813045075ac2be3098d3b136ebaf4d597c08fca627922a75e443b7,data/raw/ptm45_lp_vds_1p1v_raw.txt
PTM,NMOS,45,LP,1.0,0.045,25.0,1.1,1.005000000000001,0.0004175602647579,nominal_vdd,model_nominal_vdd,1.1,simulation,ngspice,397141eb8a813045075ac2be3098d3b136ebaf4d597c08fca627922a75e443b7,data/raw/ptm45_lp_vds_1p1v_raw.txt
PTM,NMOS,45,LP,1.0,0.045,25.0,1.1,1.010000000000001,0.0004231846062164,nominal_vdd,model_nominal_vdd,1.1,simulation,ngspice,397141eb8a813045075ac2be3098d3b136ebaf4d597c08fca627922a75e443b7,data/raw/ptm45_lp_vds_1p1v_raw.txt
PTM,NMOS,45,LP,1.0,0.045,25.0,1.1,1.015000000000001,0.0004288127851579,nominal_vdd,model_nominal_vdd,1.1,simulation,ngspice,397141eb8a813045075ac2be3098d3b136ebaf4d597c08fca627922a75e443b7,data/raw/ptm45_lp_vds_1p1v_raw.txt
PTM,NMOS,45,LP,1.0,0.045,25.0,1.1,1.02,0.0004344446337494,nominal_vdd,model_nominal_vdd,1.1,simulation,ngspice,397141eb8a813045075ac2be3098d3b136ebaf4d597c08fca627922a75e443b7,data/raw/ptm45_lp_vds_1p1v_raw.txt
PTM,NMOS,45,LP,1.0,0.045,25.0,1.1,1.025,0.0004400799903634,nominal_vdd,model_nominal_vdd,1.1,simulation,ngspice,397141eb8a813045075ac2be3098d3b136ebaf4d597c08fca627922a75e443b7,data/raw/ptm45_lp_vds_1p1v_raw.txt
PTM,NMOS,45,LP,1.0,0.045,25.0,1.1,1.03,0.0004457186992383,nominal_vdd,model_nominal_vdd,1.1,simulation,ngspice,397141eb8a813045075ac2be3098d3b136ebaf4d597c08fca627922a75e443b7,data/raw/ptm45_lp_vds_1p1v_raw.txt
PTM,NMOS,45,LP,1.0,0.045,25.0,1.1,1.035,0.0004513606101611,nominal_vdd,model_nominal_vdd,1.1,simulation,ngspice,397141eb8a813045075ac2be3098d3b136ebaf4d597c08fca627922a75e443b7,data/raw/ptm45_lp_vds_1p1v_raw.txt
PTM,NMOS,45,LP,1.0,0.045,25.0,1.1,1.04,0.0004570055781709,nominal_vdd,model_nominal_vdd,1.1,simulation,ngspice,397141eb8a813045075ac2be3098d3b136ebaf4d597c08fca627922a75e443b7,data/raw/ptm45_lp_vds_1p1v_raw.txt
PTM,NMOS,45,LP,1.0,0.045,25.0,1.1,1.045,0.0004626534632801,nominal_vdd,model_nominal_vdd,1.1,simulation,ngspice,397141eb8a813045075ac2be3098d3b136ebaf4d597c08fca627922a75e443b7,data/raw/ptm45_lp_vds_1p1v_raw.txt
PTM,NMOS,45,LP,1.0,0.045,25.0,1.1,1.05,0.0004683041302148,nominal_vdd,model_nominal_vdd,1.1,simulation,ngspice,397141eb8a813045075ac2be3098d3b136ebaf4d597c08fca627922a75e443b7,data/raw/ptm45_lp_vds_1p1v_raw.txt
PTM,NMOS,45,LP,1.0,0.045,25.0,1.1,1.055,0.0004739574481711,nominal_vdd,model_nominal_vdd,1.1,simulation,ngspice,397141eb8a813045075ac2be3098d3b136ebaf4d597c08fca627922a75e443b7,data/raw/ptm45_lp_vds_1p1v_raw.txt
PTM,NMOS,45,LP,1.0,0.045,25.0,1.1,1.06,0.0004796132905869,nominal_vdd,model_nominal_vdd,1.1,simulation,ngspice,397141eb8a813045075ac2be3098d3b136ebaf4d597c08fca627922a75e443b7,data/raw/ptm45_lp_vds_1p1v_raw.txt
PTM,NMOS,45,LP,1.0,0.045,25.0,1.1,1.065,0.0004852715349284,nominal_vdd,model_nominal_vdd,1.1,simulation,ngspice,397141eb8a813045075ac2be3098d3b136ebaf4d597c08fca627922a75e443b7,data/raw/ptm45_lp_vds_1p1v_raw.txt
PTM,NMOS,45,LP,1.0,0.045,25.0,1.1,1.069999999999999,0.0004909320624897,nominal_vdd,model_nominal_vdd,1.1,simulation,ngspice,397141eb8a813045075ac2be3098d3b136ebaf4d597c08fca627922a75e443b7,data/raw/ptm45_lp_vds_1p1v_raw.txt
PTM,NMOS,45,LP,1.0,0.045,25.0,1.1,1.074999999999999,0.0004965947582052,nominal_vdd,model_nominal_vdd,1.1,simulation,ngspice,397141eb8a813045075ac2be3098d3b136ebaf4d597c08fca627922a75e443b7,data/raw/ptm45_lp_vds_1p1v_raw.txt
PTM,NMOS,45,LP,1.0,0.045,25.0,1.1,1.079999999999999,0.000502259510474,nominal_vdd,model_nominal_vdd,1.1,simulation,ngspice,397141eb8a813045075ac2be3098d3b136ebaf4d597c08fca627922a75e443b7,data/raw/ptm45_lp_vds_1p1v_raw.txt
PTM,NMOS,45,LP,1.0,0.045,25.0,1.1,1.084999999999999,0.000507926210994,nominal_vdd,model_nominal_vdd,1.1,simulation,ngspice,397141eb8a813045075ac2be3098d3b136ebaf4d597c08fca627922a75e443b7,data/raw/ptm45_lp_vds_1p1v_raw.txt
PTM,NMOS,45,LP,1.0,0.045,25.0,1.1,1.089999999999999,0.000513594754608,nominal_vdd,model_nominal_vdd,1.1,simulation,ngspice,397141eb8a813045075ac2be3098d3b136ebaf4d597c08fca627922a75e443b7,data/raw/ptm45_lp_vds_1p1v_raw.txt
PTM,NMOS,45,LP,1.0,0.045,25.0,1.1,1.094999999999999,0.0005192650391575,nominal_vdd,model_nominal_vdd,1.1,simulation,ngspice,397141eb8a813045075ac2be3098d3b136ebaf4d597c08fca627922a75e443b7,data/raw/ptm45_lp_vds_1p1v_raw.txt
PTM,NMOS,45,LP,1.0,0.045,25.0,1.1,1.099999999999999,0.0005249369653463,nominal_vdd,model_nominal_vdd,1.1,simulation,ngspice,397141eb8a813045075ac2be3098d3b136ebaf4d597c08fca627922a75e443b7,data/raw/ptm45_lp_vds_1p1v_raw.txt
PTM,NMOS,45,LP,1.0,0.045,25.0,1.0,-0.2,1.114393572961754e-12,common_1v,common_vdd,1.1,simulation,ngspice,397141eb8a813045075ac2be3098d3b136ebaf4d597c08fca627922a75e443b7,data/raw/ptm45_lp_vds_1v_raw.txt
PTM,NMOS,45,LP,1.0,0.045,25.0,1.0,-0.195,1.124728504302294e-12,common_1v,common_vdd,1.1,simulation,ngspice,397141eb8a813045075ac2be3098d3b136ebaf4d597c08fca627922a75e443b7,data/raw/ptm45_lp_vds_1v_raw.txt
PTM,NMOS,45,LP,1.0,0.045,25.0,1.0,-0.19,1.139010516579071e-12,common_1v,common_vdd,1.1,simulation,ngspice,397141eb8a813045075ac2be3098d3b136ebaf4d597c08fca627922a75e443b7,data/raw/ptm45_lp_vds_1v_raw.txt
PTM,NMOS,45,LP,1.0,0.045,25.0,1.0,-0.185,1.155990295001871e-12,common_1v,common_vdd,1.1,simulation,ngspice,397141eb8a813045075ac2be3098d3b136ebaf4d597c08fca627922a75e443b7,data/raw/ptm45_lp_vds_1v_raw.txt
PTM,NMOS,45,LP,1.0,0.045,25.0,1.0,-0.18,1.175859685930556e-12,common_1v,common_vdd,1.1,simulation,ngspice,397141eb8a813045075ac2be3098d3b136ebaf4d597c08fca627922a75e443b7,data/raw/ptm45_lp_vds_1v_raw.txt
PTM,NMOS,45,LP,1.0,0.045,25.0,1.0,-0.175,1.198891947305063e-12,common_1v,common_vdd,1.1,simulation,ngspice,397141eb8a813045075ac2be3098d3b136ebaf4d597c08fca627922a75e443b7,data/raw/ptm45_lp_vds_1v_raw.txt
PTM,NMOS,45,LP,1.0,0.045,25.0,1.0,-0.17,1.225439278370611e-12,common_1v,common_vdd,1.1,simulation,ngspice,397141eb8a813045075ac2be3098d3b136ebaf4d597c08fca627922a75e443b7,data/raw/ptm45_lp_vds_1v_raw.txt
PTM,NMOS,45,LP,1.0,0.045,25.0,1.0,-0.165,1.255933406559433e-12,common_1v,common_vdd,1.1,simulation,ngspice,397141eb8a813045075ac2be3098d3b136ebaf4d597c08fca627922a75e443b7,data/raw/ptm45_lp_vds_1v_raw.txt
PTM,NMOS,45,LP,1.0,0.045,25.0,1.0,-0.16,1.290888916606739e-12,common_1v,common_vdd,1.1,simulation,ngspice,397141eb8a813045075ac2be3098d3b136ebaf4d597c08fca627922a75e443b7,data/raw/ptm45_lp_vds_1v_raw.txt
PTM,NMOS,45,LP,1.0,0.045,25.0,1.0,-0.155,1.330909109242401e-12,common_1v,common_vdd,1.1,simulation,ngspice,397141eb8a813045075ac2be3098d3b136ebaf4d597c08fca627922a75e443b7,data/raw/ptm45_lp_vds_1v_raw.txt
PTM,NMOS,45,LP,1.0,0.045,25.0,1.0,-0.15,1.376694269019026e-12,common_1v,common_vdd,1.1,simulation,ngspice,397141eb8a813045075ac2be3098d3b136ebaf4d597c08fca627922a75e443b7,data/raw/ptm45_lp_vds_1v_raw.txt
PTM,NMOS,45,LP,1.0,0.045,25.0,1.0,-0.145,1.429052304852317e-12,common_1v,common_vdd,1.1,simulation,ngspice,397141eb8a813045075ac2be3098d3b136ebaf4d597c08fca627922a75e443b7,data/raw/ptm45_lp_vds_1v_raw.txt
PTM,NMOS,45,LP,1.0,0.045,25.0,1.0,-0.14,1.488911804458349e-12,common_1v,common_vdd,1.1,simulation,ngspice,397141eb8a813045075ac2be3098d3b136ebaf4d597c08fca627922a75e443b7,data/raw/ptm45_lp_vds_1v_raw.txt
PTM,NMOS,45,LP,1.0,0.045,25.0,1.0,-0.135,1.557337616727506e-12,common_1v,common_vdd,1.1,simulation,ngspice,397141eb8a813045075ac2be3098d3b136ebaf4d597c08fca627922a75e443b7,data/raw/ptm45_lp_vds_1v_raw.txt
PTM,NMOS,45,LP,1.0,0.045,25.0,1.0,-0.1299999999999999,1.635549146188096e-12,common_1v,common_vdd,1.1,simulation,ngspice,397141eb8a813045075ac2be3098d3b136ebaf4d597c08fca627922a75e443b7,data/raw/ptm45_lp_vds_1v_raw.txt
PTM,NMOS,45,LP,1.0,0.045,25.0,1.0,-0.1249999999999999,1.724941612654433e-12,common_1v,common_vdd,1.1,simulation,ngspice,397141eb8a813045075ac2be3098d3b136ebaf4d597c08fca627922a75e443b7,data/raw/ptm45_lp_vds_1v_raw.txt
PTM,NMOS,45,LP,1.0,0.045,25.0,1.0,-0.1199999999999999,1.827110598673053e-12,common_1v,common_vdd,1.1,simulation,ngspice,397141eb8a813045075ac2be3098d3b136ebaf4d597c08fca627922a75e443b7,data/raw/ptm45_lp_vds_1v_raw.txt
PTM,NMOS,45,LP,1.0,0.045,25.0,1.0,-0.1149999999999999,1.943880279456145e-12,common_1v,common_vdd,1.1,simulation,ngspice,397141eb8a813045075ac2be3098d3b136ebaf4d597c08fca627922a75e443b7,data/raw/ptm45_lp_vds_1v_raw.txt
PTM,NMOS,45,LP,1.0,0.045,25.0,1.0,-0.1099999999999999,2.077335806080723e-12,common_1v,common_vdd,1.1,simulation,ngspice,397141eb8a813045075ac2be3098d3b136ebaf4d597c08fca627922a75e443b7,data/raw/ptm45_lp_vds_1v_raw.txt
PTM,NMOS,45,LP,1.0,0.045,25.0,1.0,-0.1049999999999999,2.229860394880488e-12,common_1v,common_vdd,1.1,simulation,ngspice,397141eb8a813045075ac2be3098d3b136ebaf4d597c08fca627922a75e443b7,data/raw/ptm45_lp_vds_1v_raw.txt
PTM,NMOS,45,LP,1.0,0.045,25.0,1.0,-0.0999999999999999,2.404177765986292e-12,common_1v,common_vdd,1.1,simulation,ngspice,397141eb8a813045075ac2be3098d3b136ebaf4d597c08fca627922a75e443b7,data/raw/ptm45_lp_vds_1v_raw.txt
PTM,NMOS,45,LP,1.0,0.045,25.0,1.0,-0.0949999999999999,2.60340067369274e-12,common_1v,common_vdd,1.1,simulation,ngspice,397141eb8a813045075ac2be3098d3b136ebaf4d597c08fca627922a75e443b7,data/raw/ptm45_lp_vds_1v_raw.txt
PTM,NMOS,45,LP,1.0,0.045,25.0,1.0,-0.0899999999999999,2.831086383090201e-12,common_1v,common_vdd,1.1,simulation,ngspice,397141eb8a813045075ac2be3098d3b136ebaf4d597c08fca627922a75e443b7,data/raw/ptm45_lp_vds_1v_raw.txt
PTM,NMOS,45,LP,1.0,0.045,25.0,1.0,-0.0849999999999999,3.091300073124645e-12,common_1v,common_vdd,1.1,simulation,ngspice,397141eb8a813045075ac2be3098d3b136ebaf4d597c08fca627922a75e443b7,data/raw/ptm45_lp_vds_1v_raw.txt
PTM,NMOS,45,LP,1.0,0.045,25.0,1.0,-0.0799999999999999,3.388687288649685e-12,common_1v,common_vdd,1.1,simulation,ngspice,397141eb8a813045075ac2be3098d3b136ebaf4d597c08fca627922a75e443b7,data/raw/ptm45_lp_vds_1v_raw.txt
PTM,NMOS,45,LP,1.0,0.045,25.0,1.0,-0.0749999999999999,3.728556725636688e-12,common_1v,common_vdd,1.1,simulation,ngspice,397141eb8a813045075ac2be3098d3b136ebaf4d597c08fca627922a75e443b7,data/raw/ptm45_lp_vds_1v_raw.txt
PTM,NMOS,45,LP,1.0,0.045,25.0,1.0,-0.0699999999999999,4.116974817444895e-12,common_1v,common_vdd,1.1,simulation,ngspice,397141eb8a813045075ac2be3098d3b136ebaf4d597c08fca627922a75e443b7,data/raw/ptm45_lp_vds_1v_raw.txt
PTM,NMOS,45,LP,1.0,0.045,25.0,1.0,-0.0649999999999998,4.56087379943123e-12,common_1v,common_vdd,1.1,simulation,ngspice,397141eb8a813045075ac2be3098d3b136ebaf4d597c08fca627922a75e443b7,data/raw/ptm45_lp_vds_1v_raw.txt
PTM,NMOS,45,LP,1.0,0.045,25.0,1.0,-0.0599999999999998,5.068175167828729e-12,common_1v,common_vdd,1.1,simulation,ngspice,397141eb8a813045075ac2be3098d3b136ebaf4d597c08fca627922a75e443b7,data/raw/ptm45_lp_vds_1v_raw.txt
PTM,NMOS,45,LP,1.0,0.045,25.0,1.0,-0.0549999999999999,5.647930720840611e-12,common_1v,common_vdd,1.1,simulation,ngspice,397141eb8a813045075ac2be3098d3b136ebaf4d597c08fca627922a75e443b7,data/raw/ptm45_lp_vds_1v_raw.txt
PTM,NMOS,45,LP,1.0,0.045,25.0,1.0,-0.0499999999999999,6.310483680331215e-12,common_1v,common_vdd,1.1,simulation,ngspice,397141eb8a813045075ac2be3098d3b136ebaf4d597c08fca627922a75e443b7,data/raw/ptm45_lp_vds_1v_raw.txt
PTM,NMOS,45,LP,1.0,0.045,25.0,1.0,-0.0449999999999999,7.067652746641881e-12,common_1v,common_vdd,1.1,simulation,ngspice,397141eb8a813045075ac2be3098d3b136ebaf4d597c08fca627922a75e443b7,data/raw/ptm45_lp_vds_1v_raw.txt
PTM,NMOS,45,LP,1.0,0.045,25.0,1.0,-0.0399999999999999,7.932942342892279e-12,common_1v,common_vdd,1.1,simulation,ngspice,397141eb8a813045075ac2be3098d3b136ebaf4d597c08fca627922a75e443b7,data/raw/ptm45_lp_vds_1v_raw.txt
PTM,NMOS,45,LP,1.0,0.045,25.0,1.0,-0.0349999999999999,8.921782765968998e-12,common_1v,common_vdd,1.1,simulation,ngspice,397141eb8a813045075ac2be3098d3b136ebaf4d597c08fca627922a75e443b7,data/raw/ptm45_lp_vds_1v_raw.txt
PTM,NMOS,45,LP,1.0,0.045,25.0,1.0,-0.0299999999999999,1.005180448712331e-11,common_1v,common_vdd,1.1,simulation,ngspice,397141eb8a813045075ac2be3098d3b136ebaf4d597c08fca627922a75e443b7,data/raw/ptm45_lp_vds_1v_raw.txt
PTM,NMOS,45,LP,1.0,0.045,25.0,1.0,-0.0249999999999999,1.134315144431181e-11,common_1v,common_vdd,1.1,simulation,ngspice,397141eb8a813045075ac2be3098d3b136ebaf4d597c08fca627922a75e443b7,data/raw/ptm45_lp_vds_1v_raw.txt
PTM,NMOS,45,LP,1.0,0.045,25.0,1.0,-0.0199999999999999,1.281883885238538e-11,common_1v,common_vdd,1.1,simulation,ngspice,397141eb8a813045075ac2be3098d3b136ebaf4d597c08fca627922a75e443b7,data/raw/ptm45_lp_vds_1v_raw.txt
PTM,NMOS,45,LP,1.0,0.045,25.0,1.0,-0.0149999999999999,1.4505161836316829e-11,common_1v,common_vdd,1.1,simulation,ngspice,397141eb8a813045075ac2be3098d3b136ebaf4d597c08fca627922a75e443b7,data/raw/ptm45_lp_vds_1v_raw.txt
PTM,NMOS,45,LP,1.0,0.045,25.0,1.0,-0.0099999999999999,1.643216208159562e-11,common_1v,common_vdd,1.1,simulation,ngspice,397141eb8a813045075ac2be3098d3b136ebaf4d597c08fca627922a75e443b7,data/raw/ptm45_lp_vds_1v_raw.txt
PTM,NMOS,45,LP,1.0,0.045,25.0,1.0,-0.0049999999999999,1.8634160708620268e-11,common_1v,common_vdd,1.1,simulation,ngspice,397141eb8a813045075ac2be3098d3b136ebaf4d597c08fca627922a75e443b7,data/raw/ptm45_lp_vds_1v_raw.txt
PTM,NMOS,45,LP,1.0,0.045,25.0,1.0,9.887923813067799e-17,2.115036673217059e-11,common_1v,common_vdd,1.1,simulation,ngspice,397141eb8a813045075ac2be3098d3b136ebaf4d597c08fca627922a75e443b7,data/raw/ptm45_lp_vds_1v_raw.txt
PTM,NMOS,45,LP,1.0,0.045,25.0,1.0,0.005,2.4025571782320378e-11,common_1v,common_vdd,1.1,simulation,ngspice,397141eb8a813045075ac2be3098d3b136ebaf4d597c08fca627922a75e443b7,data/raw/ptm45_lp_vds_1v_raw.txt
PTM,NMOS,45,LP,1.0,0.045,25.0,1.0,0.0100000000000001,2.7310943261342637e-11,common_1v,common_vdd,1.1,simulation,ngspice,397141eb8a813045075ac2be3098d3b136ebaf4d597c08fca627922a75e443b7,data/raw/ptm45_lp_vds_1v_raw.txt
PTM,NMOS,45,LP,1.0,0.045,25.0,1.0,0.0150000000000001,3.106492981728692e-11,common_1v,common_vdd,1.1,simulation,ngspice,397141eb8a813045075ac2be3098d3b136ebaf4d597c08fca627922a75e443b7,data/raw/ptm45_lp_vds_1v_raw.txt
PTM,NMOS,45,LP,1.0,0.045,25.0,1.0,0.0200000000000001,3.535429495798751e-11,common_1v,common_vdd,1.1,simulation,ngspice,397141eb8a813045075ac2be3098d3b136ebaf4d597c08fca627922a75e443b7,data/raw/ptm45_lp_vds_1v_raw.txt
PTM,NMOS,45,LP,1.0,0.045,25.0,1.0,0.0250000000000001,4.0255296840700295e-11,common_1v,common_vdd,1.1,simulation,ngspice,397141eb8a813045075ac2be3098d3b136ebaf4d597c08fca627922a75e443b7,data/raw/ptm45_lp_vds_1v_raw.txt
PTM,NMOS,45,LP,1.0,0.045,25.0,1.0,0.0300000000000001,4.5855034789212085e-11,common_1v,common_vdd,1.1,simulation,ngspice,397141eb8a813045075ac2be3098d3b136ebaf4d597c08fca627922a75e443b7,data/raw/ptm45_lp_vds_1v_raw.txt
PTM,NMOS,45,LP,1.0,0.045,25.0,1.0,0.0350000000000001,5.2252985954002747e-11,common_1v,common_vdd,1.1,simulation,ngspice,397141eb8a813045075ac2be3098d3b136ebaf4d597c08fca627922a75e443b7,data/raw/ptm45_lp_vds_1v_raw.txt
PTM,NMOS,45,LP,1.0,0.045,25.0,1.0,0.0400000000000001,5.956275878741194e-11,common_1v,common_vdd,1.1,simulation,ngspice,397141eb8a813045075ac2be3098d3b136ebaf4d597c08fca627922a75e443b7,data/raw/ptm45_lp_vds_1v_raw.txt
PTM,NMOS,45,LP,1.0,0.045,25.0,1.0,0.0450000000000001,6.791409370813255e-11,common_1v,common_vdd,1.1,simulation,ngspice,397141eb8a813045075ac2be3098d3b136ebaf4d597c08fca627922a75e443b7,data/raw/ptm45_lp_vds_1v_raw.txt
PTM,NMOS,45,LP,1.0,0.045,25.0,1.0,0.05,7.745514553794716e-11,common_1v,common_vdd,1.1,simulation,ngspice,397141eb8a813045075ac2be3098d3b136ebaf4d597c08fca627922a75e443b7,data/raw/ptm45_lp_vds_1v_raw.txt
PTM,NMOS,45,LP,1.0,0.045,25.0,1.0,0.055,8.835508707411416e-11,common_1v,common_vdd,1.1,simulation,ngspice,397141eb8a813045075ac2be3098d3b136ebaf4d597c08fca627922a75e443b7,data/raw/ptm45_lp_vds_1v_raw.txt
PTM,NMOS,45,LP,1.0,0.045,25.0,1.0,0.06,1.008070785903204e-10,common_1v,common_vdd,1.1,simulation,ngspice,397141eb8a813045075ac2be3098d3b136ebaf4d597c08fca627922a75e443b7,data/raw/ptm45_lp_vds_1v_raw.txt
PTM,NMOS,45,LP,1.0,0.045,25.0,1.0,0.065,1.1503165422272059e-10,common_1v,common_vdd,1.1,simulation,ngspice,397141eb8a813045075ac2be3098d3b136ebaf4d597c08fca627922a75e443b7,data/raw/ptm45_lp_vds_1v_raw.txt
PTM,NMOS,45,LP,1.0,0.045,25.0,1.0,0.07,1.312805831898021e-10,common_1v,common_vdd,1.1,simulation,ngspice,397141eb8a813045075ac2be3098d3b136ebaf4d597c08fca627922a75e443b7,data/raw/ptm45_lp_vds_1v_raw.txt
PTM,NMOS,45,LP,1.0,0.045,25.0,1.0,0.0750000000000001,1.5105804807905818e-10,common_1v,common_vdd,1.1,simulation,ngspice,397141eb8a813045075ac2be3098d3b136ebaf4d597c08fca627922a75e443b7,data/raw/ptm45_lp_vds_1v_raw.txt
PTM,NMOS,45,LP,1.0,0.045,25.0,1.0,0.0800000000000001,1.7243119146362487e-10,common_1v,common_vdd,1.1,simulation,ngspice,397141eb8a813045075ac2be3098d3b136ebaf4d597c08fca627922a75e443b7,data/raw/ptm45_lp_vds_1v_raw.txt
PTM,NMOS,45,LP,1.0,0.045,25.0,1.0,0.0850000000000001,1.9684298301248878e-10,common_1v,common_vdd,1.1,simulation,ngspice,397141eb8a813045075ac2be3098d3b136ebaf4d597c08fca627922a75e443b7,data/raw/ptm45_lp_vds_1v_raw.txt
PTM,NMOS,45,LP,1.0,0.045,25.0,1.0,0.0900000000000001,2.2472416984666888e-10,common_1v,common_vdd,1.1,simulation,ngspice,397141eb8a813045075ac2be3098d3b136ebaf4d597c08fca627922a75e443b7,data/raw/ptm45_lp_vds_1v_raw.txt
PTM,NMOS,45,LP,1.0,0.045,25.0,1.0,0.0950000000000001,2.5656628572766e-10,common_1v,common_vdd,1.1,simulation,ngspice,397141eb8a813045075ac2be3098d3b136ebaf4d597c08fca627922a75e443b7,data/raw/ptm45_lp_vds_1v_raw.txt
PTM,NMOS,45,LP,1.0,0.045,25.0,1.0,0.1000000000000001,2.929301697023655e-10,common_1v,common_vdd,1.1,simulation,ngspice,397141eb8a813045075ac2be3098d3b136ebaf4d597c08fca627922a75e443b7,data/raw/ptm45_lp_vds_1v_raw.txt
PTM,NMOS,45,LP,1.0,0.045,25.0,1.0,0.1050000000000001,3.3445566569647457e-10,common_1v,common_vdd,1.1,simulation,ngspice,397141eb8a813045075ac2be3098d3b136ebaf4d597c08fca627922a75e443b7,data/raw/ptm45_lp_vds_1v_raw.txt
PTM,NMOS,45,LP,1.0,0.045,25.0,1.0,0.1100000000000001,3.8187266400736416e-10,common_1v,common_vdd,1.1,simulation,ngspice,397141eb8a813045075ac2be3098d3b136ebaf4d597c08fca627922a75e443b7,data/raw/ptm45_lp_vds_1v_raw.txt
PTM,NMOS,45,LP,1.0,0.045,25.0,1.0,0.1150000000000001,4.3601366699345075e-10,common_1v,common_vdd,1.1,simulation,ngspice,397141eb8a813045075ac2be3098d3b136ebaf4d597c08fca627922a75e443b7,data/raw/ptm45_lp_vds_1v_raw.txt
PTM,NMOS,45,LP,1.0,0.045,25.0,1.0,0.1200000000000001,4.978280853064774e-10,common_1v,common_vdd,1.1,simulation,ngspice,397141eb8a813045075ac2be3098d3b136ebaf4d597c08fca627922a75e443b7,data/raw/ptm45_lp_vds_1v_raw.txt
PTM,NMOS,45,LP,1.0,0.045,25.0,1.0,0.1250000000000001,5.683984980839916e-10,common_1v,common_vdd,1.1,simulation,ngspice,397141eb8a813045075ac2be3098d3b136ebaf4d597c08fca627922a75e443b7,data/raw/ptm45_lp_vds_1v_raw.txt
PTM,NMOS,45,LP,1.0,0.045,25.0,1.0,0.1300000000000001,6.48959140958066e-10,common_1v,common_vdd,1.1,simulation,ngspice,397141eb8a813045075ac2be3098d3b136ebaf4d597c08fca627922a75e443b7,data/raw/ptm45_lp_vds_1v_raw.txt
PTM,NMOS,45,LP,1.0,0.045,25.0,1.0,0.1350000000000001,7.409169199265799e-10,common_1v,common_vdd,1.1,simulation,ngspice,397141eb8a813045075ac2be3098d3b136ebaf4d597c08fca627922a75e443b7,data/raw/ptm45_lp_vds_1v_raw.txt
PTM,NMOS,45,LP,1.0,0.045,25.0,1.0,0.1400000000000002,8.458752874830023e-10,common_1v,common_vdd,1.1,simulation,ngspice,397141eb8a813045075ac2be3098d3b136ebaf4d597c08fca627922a75e443b7,data/raw/ptm45_lp_vds_1v_raw.txt
PTM,NMOS,45,LP,1.0,0.045,25.0,1.0,0.1450000000000002,9.656613603731478e-10,common_1v,common_vdd,1.1,simulation,ngspice,397141eb8a813045075ac2be3098d3b136ebaf4d597c08fca627922a75e443b7,data/raw/ptm45_lp_vds_1v_raw.txt
PTM,NMOS,45,LP,1.0,0.045,25.0,1.0,0.1500000000000002,1.102356706418941e-09,common_1v,common_vdd,1.1,simulation,ngspice,397141eb8a813045075ac2be3098d3b136ebaf4d597c08fca627922a75e443b7,data/raw/ptm45_lp_vds_1v_raw.txt
PTM,NMOS,45,LP,1.0,0.045,25.0,1.0,0.1550000000000002,1.258332281556775e-09,common_1v,common_vdd,1.1,simulation,ngspice,397141eb8a813045075ac2be3098d3b136ebaf4d597c08fca627922a75e443b7,data/raw/ptm45_lp_vds_1v_raw.txt
PTM,NMOS,45,LP,1.0,0.045,25.0,1.0,0.1600000000000002,1.436288058139643e-09,common_1v,common_vdd,1.1,simulation,ngspice,397141eb8a813045075ac2be3098d3b136ebaf4d597c08fca627922a75e443b7,data/raw/ptm45_lp_vds_1v_raw.txt
PTM,NMOS,45,LP,1.0,0.045,25.0,1.0,0.1650000000000002,1.639297952254774e-09,common_1v,common_vdd,1.1,simulation,ngspice,397141eb8a813045075ac2be3098d3b136ebaf4d597c08fca627922a75e443b7,data/raw/ptm45_lp_vds_1v_raw.txt
PTM,NMOS,45,LP,1.0,0.045,25.0,1.0,0.1700000000000002,1.870860731940521e-09,common_1v,common_vdd,1.1,simulation,ngspice,397141eb8a813045075ac2be3098d3b136ebaf4d597c08fca627922a75e443b7,data/raw/ptm45_lp_vds_1v_raw.txt
PTM,NMOS,45,LP,1.0,0.045,25.0,1.0,0.1750000000000002,2.134957670422552e-09,common_1v,common_vdd,1.1,simulation,ngspice,397141eb8a813045075ac2be3098d3b136ebaf4d597c08fca627922a75e443b7,data/raw/ptm45_lp_vds_1v_raw.txt
PTM,NMOS,45,LP,1.0,0.045,25.0,1.0,0.1800000000000002,2.436117799521789e-09,common_1v,common_vdd,1.1,simulation,ngspice,397141eb8a813045075ac2be3098d3b136ebaf4d597c08fca627922a75e443b7,data/raw/ptm45_lp_vds_1v_raw.txt
PTM,NMOS,45,LP,1.0,0.045,25.0,1.0,0.1850000000000002,2.77949171892227e-09,common_1v,common_vdd,1.1,simulation,ngspice,397141eb8a813045075ac2be3098d3b136ebaf4d597c08fca627922a75e443b7,data/raw/ptm45_lp_vds_1v_raw.txt
PTM,NMOS,45,LP,1.0,0.045,25.0,1.0,0.1900000000000002,3.170935027767185e-09,common_1v,common_vdd,1.1,simulation,ngspice,397141eb8a813045075ac2be3098d3b136ebaf4d597c08fca627922a75e443b7,data/raw/ptm45_lp_vds_1v_raw.txt
PTM,NMOS,45,LP,1.0,0.045,25.0,1.0,0.1950000000000002,3.617102566781934e-09,common_1v,common_vdd,1.1,simulation,ngspice,397141eb8a813045075ac2be3098d3b136ebaf4d597c08fca627922a75e443b7,data/raw/ptm45_lp_vds_1v_raw.txt
PTM,NMOS,45,LP,1.0,0.045,25.0,1.0,0.2000000000000002,4.125554792534778e-09,common_1v,common_vdd,1.1,simulation,ngspice,397141eb8a813045075ac2be3098d3b136ebaf4d597c08fca627922a75e443b7,data/raw/ptm45_lp_vds_1v_raw.txt
PTM,NMOS,45,LP,1.0,0.045,25.0,1.0,0.2050000000000002,4.7048777512138814e-09,common_1v,common_vdd,1.1,simulation,ngspice,397141eb8a813045075ac2be3098d3b136ebaf4d597c08fca627922a75e443b7,data/raw/ptm45_lp_vds_1v_raw.txt
PTM,NMOS,45,LP,1.0,0.045,25.0,1.0,0.2100000000000002,5.3648182780588584e-09,common_1v,common_vdd,1.1,simulation,ngspice,397141eb8a813045075ac2be3098d3b136ebaf4d597c08fca627922a75e443b7,data/raw/ptm45_lp_vds_1v_raw.txt
PTM,NMOS,45,LP,1.0,0.045,25.0,1.0,0.2150000000000002,6.116436220906963e-09,common_1v,common_vdd,1.1,simulation,ngspice,397141eb8a813045075ac2be3098d3b136ebaf4d597c08fca627922a75e443b7,data/raw/ptm45_lp_vds_1v_raw.txt
PTM,NMOS,45,LP,1.0,0.045,25.0,1.0,0.2200000000000002,6.972275672665353e-09,common_1v,common_vdd,1.1,simulation,ngspice,397141eb8a813045075ac2be3098d3b136ebaf4d597c08fca627922a75e443b7,data/raw/ptm45_lp_vds_1v_raw.txt
PTM,NMOS,45,LP,1.0,0.045,25.0,1.0,0.2250000000000002,7.946557398246181e-09,common_1v,common_vdd,1.1,simulation,ngspice,397141eb8a813045075ac2be3098d3b136ebaf4d597c08fca627922a75e443b7,data/raw/ptm45_lp_vds_1v_raw.txt
PTM,NMOS,45,LP,1.0,0.045,25.0,1.0,0.2300000000000002,9.055394856811717e-09,common_1v,common_vdd,1.1,simulation,ngspice,397141eb8a813045075ac2be3098d3b136ebaf4d597c08fca627922a75e443b7,data/raw/ptm45_lp_vds_1v_raw.txt
PTM,NMOS,45,LP,1.0,0.045,25.0,1.0,0.2350000000000002,1.031703645006383e-08,common_1v,common_vdd,1.1,simulation,ngspice,397141eb8a813045075ac2be3098d3b136ebaf4d597c08fca627922a75e443b7,data/raw/ptm45_lp_vds_1v_raw.txt
PTM,NMOS,45,LP,1.0,0.045,25.0,1.0,0.2400000000000002,1.1752136871608331e-08,common_1v,common_vdd,1.1,simulation,ngspice,397141eb8a813045075ac2be3098d3b136ebaf4d597c08fca627922a75e443b7,data/raw/ptm45_lp_vds_1v_raw.txt
PTM,NMOS,45,LP,1.0,0.045,25.0,1.0,0.2450000000000002,1.3384060690676641e-08,common_1v,common_vdd,1.1,simulation,ngspice,397141eb8a813045075ac2be3098d3b136ebaf4d597c08fca627922a75e443b7,data/raw/ptm45_lp_vds_1v_raw.txt
PTM,NMOS,45,LP,1.0,0.045,25.0,1.0,0.2500000000000002,1.523922157501657e-08,common_1v,common_vdd,1.1,simulation,ngspice,397141eb8a813045075ac2be3098d3b136ebaf4d597c08fca627922a75e443b7,data/raw/ptm45_lp_vds_1v_raw.txt
PTM,NMOS,45,LP,1.0,0.045,25.0,1.0,0.2550000000000002,1.7347460841589792e-08,common_1v,common_vdd,1.1,simulation,ngspice,397141eb8a813045075ac2be3098d3b136ebaf4d597c08fca627922a75e443b7,data/raw/ptm45_lp_vds_1v_raw.txt
PTM,NMOS,45,LP,1.0,0.045,25.0,1.0,0.2600000000000002,1.974246931861928e-08,common_1v,common_vdd,1.1,simulation,ngspice,397141eb8a813045075ac2be3098d3b136ebaf4d597c08fca627922a75e443b7,data/raw/ptm45_lp_vds_1v_raw.txt
PTM,NMOS,45,LP,1.0,0.045,25.0,1.0,0.2650000000000002,2.2462256806987223e-08,common_1v,common_vdd,1.1,simulation,ngspice,397141eb8a813045075ac2be3098d3b136ebaf4d597c08fca627922a75e443b7,data/raw/ptm45_lp_vds_1v_raw.txt
PTM,NMOS,45,LP,1.0,0.045,25.0,1.0,0.2700000000000002,2.554967374128647e-08,common_1v,common_vdd,1.1,simulation,ngspice,397141eb8a813045075ac2be3098d3b136ebaf4d597c08fca627922a75e443b7,data/raw/ptm45_lp_vds_1v_raw.txt
PTM,NMOS,45,LP,1.0,0.045,25.0,1.0,0.2750000000000002,2.9052989969066852e-08,common_1v,common_vdd,1.1,simulation,ngspice,397141eb8a813045075ac2be3098d3b136ebaf4d597c08fca627922a75e443b7,data/raw/ptm45_lp_vds_1v_raw.txt
PTM,NMOS,45,LP,1.0,0.045,25.0,1.0,0.2800000000000002,3.3026535889044646e-08,common_1v,common_vdd,1.1,simulation,ngspice,397141eb8a813045075ac2be3098d3b136ebaf4d597c08fca627922a75e443b7,data/raw/ptm45_lp_vds_1v_raw.txt
PTM,NMOS,45,LP,1.0,0.045,25.0,1.0,0.2850000000000003,3.753141151336801e-08,common_1v,common_vdd,1.1,simulation,ngspice,397141eb8a813045075ac2be3098d3b136ebaf4d597c08fca627922a75e443b7,data/raw/ptm45_lp_vds_1v_raw.txt
PTM,NMOS,45,LP,1.0,0.045,25.0,1.0,0.2900000000000003,4.263626934374696e-08,common_1v,common_vdd,1.1,simulation,ngspice,397141eb8a813045075ac2be3098d3b136ebaf4d597c08fca627922a75e443b7,data/raw/ptm45_lp_vds_1v_raw.txt
PTM,NMOS,45,LP,1.0,0.045,25.0,1.0,0.2950000000000003,4.841817727521244e-08,common_1v,common_vdd,1.1,simulation,ngspice,397141eb8a813045075ac2be3098d3b136ebaf4d597c08fca627922a75e443b7,data/raw/ptm45_lp_vds_1v_raw.txt
PTM,NMOS,45,LP,1.0,0.045,25.0,1.0,0.3000000000000003,5.4963568063869245e-08,common_1v,common_vdd,1.1,simulation,ngspice,397141eb8a813045075ac2be3098d3b136ebaf4d597c08fca627922a75e443b7,data/raw/ptm45_lp_vds_1v_raw.txt
PTM,NMOS,45,LP,1.0,0.045,25.0,1.0,0.3050000000000003,6.236928221678175e-08,common_1v,common_vdd,1.1,simulation,ngspice,397141eb8a813045075ac2be3098d3b136ebaf4d597c08fca627922a75e443b7,data/raw/ptm45_lp_vds_1v_raw.txt
PTM,NMOS,45,LP,1.0,0.045,25.0,1.0,0.3100000000000003,7.074371148474389e-08,common_1v,common_vdd,1.1,simulation,ngspice,397141eb8a813045075ac2be3098d3b136ebaf4d597c08fca627922a75e443b7,data/raw/ptm45_lp_vds_1v_raw.txt
PTM,NMOS,45,LP,1.0,0.045,25.0,1.0,0.3150000000000003,8.020805046558592e-08,common_1v,common_vdd,1.1,simulation,ngspice,397141eb8a813045075ac2be3098d3b136ebaf4d597c08fca627922a75e443b7,data/raw/ptm45_lp_vds_1v_raw.txt
PTM,NMOS,45,LP,1.0,0.045,25.0,1.0,0.3200000000000003,9.08976641617378e-08,common_1v,common_vdd,1.1,simulation,ngspice,397141eb8a813045075ac2be3098d3b136ebaf4d597c08fca627922a75e443b7,data/raw/ptm45_lp_vds_1v_raw.txt
PTM,NMOS,45,LP,1.0,0.045,25.0,1.0,0.3250000000000003,1.029635796884623e-07,common_1v,common_vdd,1.1,simulation,ngspice,397141eb8a813045075ac2be3098d3b136ebaf4d597c08fca627922a75e443b7,data/raw/ptm45_lp_vds_1v_raw.txt
PTM,NMOS,45,LP,1.0,0.045,25.0,1.0,0.3300000000000003,1.165741107072096e-07,common_1v,common_vdd,1.1,simulation,ngspice,397141eb8a813045075ac2be3098d3b136ebaf4d597c08fca627922a75e443b7,data/raw/ptm45_lp_vds_1v_raw.txt
PTM,NMOS,45,LP,1.0,0.045,25.0,1.0,0.3350000000000003,1.319166235729035e-07,common_1v,common_vdd,1.1,simulation,ngspice,397141eb8a813045075ac2be3098d3b136ebaf4d597c08fca627922a75e443b7,data/raw/ptm45_lp_vds_1v_raw.txt
PTM,NMOS,45,LP,1.0,0.045,25.0,1.0,0.3400000000000003,1.491994546466443e-07,common_1v,common_vdd,1.1,simulation,ngspice,397141eb8a813045075ac2be3098d3b136ebaf4d597c08fca627922a75e443b7,data/raw/ptm45_lp_vds_1v_raw.txt
PTM,NMOS,45,LP,1.0,0.045,25.0,1.0,0.3450000000000003,1.686539887478547e-07,common_1v,common_vdd,1.1,simulation,ngspice,397141eb8a813045075ac2be3098d3b136ebaf4d597c08fca627922a75e443b7,data/raw/ptm45_lp_vds_1v_raw.txt
PTM,NMOS,45,LP,1.0,0.045,25.0,1.0,0.3500000000000003,1.905369055394056e-07,common_1v,common_vdd,1.1,simulation,ngspice,397141eb8a813045075ac2be3098d3b136ebaf4d597c08fca627922a75e443b7,data/raw/ptm45_lp_vds_1v_raw.txt
PTM,NMOS,45,LP,1.0,0.045,25.0,1.0,0.3550000000000003,2.15132598123149e-07,common_1v,common_vdd,1.1,simulation,ngspice,397141eb8a813045075ac2be3098d3b136ebaf4d597c08fca627922a75e443b7,data/raw/ptm45_lp_vds_1v_raw.txt
PTM,NMOS,45,LP,1.0,0.045,25.0,1.0,0.3600000000000003,2.427558290030328e-07,common_1v,common_vdd,1.1,simulation,ngspice,397141eb8a813045075ac2be3098d3b136ebaf4d597c08fca627922a75e443b7,data/raw/ptm45_lp_vds_1v_raw.txt
PTM,NMOS,45,LP,1.0,0.045,25.0,1.0,0.3650000000000003,2.737545560534216e-07,common_1v,common_vdd,1.1,simulation,ngspice,397141eb8a813045075ac2be3098d3b136ebaf4d597c08fca627922a75e443b7,data/raw/ptm45_lp_vds_1v_raw.txt
PTM,NMOS,45,LP,1.0,0.045,25.0,1.0,0.3700000000000003,3.085129870941359e-07,common_1v,common_vdd,1.1,simulation,ngspice,397141eb8a813045075ac2be3098d3b136ebaf4d597c08fca627922a75e443b7,data/raw/ptm45_lp_vds_1v_raw.txt
PTM,NMOS,45,LP,1.0,0.045,25.0,1.0,0.3750000000000003,3.474548724799429e-07,common_1v,common_vdd,1.1,simulation,ngspice,397141eb8a813045075ac2be3098d3b136ebaf4d597c08fca627922a75e443b7,data/raw/ptm45_lp_vds_1v_raw.txt
PTM,NMOS,45,LP,1.0,0.045,25.0,1.0,0.3800000000000003,3.91047048787814e-07,common_1v,common_vdd,1.1,simulation,ngspice,397141eb8a813045075ac2be3098d3b136ebaf4d597c08fca627922a75e443b7,data/raw/ptm45_lp_vds_1v_raw.txt
PTM,NMOS,45,LP,1.0,0.045,25.0,1.0,0.3850000000000003,4.398032494401846e-07,common_1v,common_vdd,1.1,simulation,ngspice,397141eb8a813045075ac2be3098d3b136ebaf4d597c08fca627922a75e443b7,data/raw/ptm45_lp_vds_1v_raw.txt
PTM,NMOS,45,LP,1.0,0.045,25.0,1.0,0.3900000000000003,4.942881983435589e-07,common_1v,common_vdd,1.1,simulation,ngspice,397141eb8a813045075ac2be3098d3b136ebaf4d597c08fca627922a75e443b7,data/raw/ptm45_lp_vds_1v_raw.txt
PTM,NMOS,45,LP,1.0,0.045,25.0,1.0,0.3950000000000004,5.551220023358563e-07,common_1v,common_vdd,1.1,simulation,ngspice,397141eb8a813045075ac2be3098d3b136ebaf4d597c08fca627922a75e443b7,data/raw/ptm45_lp_vds_1v_raw.txt
PTM,NMOS,45,LP,1.0,0.045,25.0,1.0,0.4000000000000004,6.229848571863765e-07,common_1v,common_vdd,1.1,simulation,ngspice,397141eb8a813045075ac2be3098d3b136ebaf4d597c08fca627922a75e443b7,data/raw/ptm45_lp_vds_1v_raw.txt
PTM,NMOS,45,LP,1.0,0.045,25.0,1.0,0.4050000000000004,6.986220797940975e-07,common_1v,common_vdd,1.1,simulation,ngspice,397141eb8a813045075ac2be3098d3b136ebaf4d597c08fca627922a75e443b7,data/raw/ptm45_lp_vds_1v_raw.txt
PTM,NMOS,45,LP,1.0,0.045,25.0,1.0,0.4100000000000004,7.82849475753335e-07,common_1v,common_vdd,1.1,simulation,ngspice,397141eb8a813045075ac2be3098d3b136ebaf4d597c08fca627922a75e443b7,data/raw/ptm45_lp_vds_1v_raw.txt
PTM,NMOS,45,LP,1.0,0.045,25.0,1.0,0.4150000000000004,8.765590462403014e-07,common_1v,common_vdd,1.1,simulation,ngspice,397141eb8a813045075ac2be3098d3b136ebaf4d597c08fca627922a75e443b7,data/raw/ptm45_lp_vds_1v_raw.txt
PTM,NMOS,45,LP,1.0,0.045,25.0,1.0,0.4200000000000004,9.807250308368829e-07,common_1v,common_vdd,1.1,simulation,ngspice,397141eb8a813045075ac2be3098d3b136ebaf4d597c08fca627922a75e443b7,data/raw/ptm45_lp_vds_1v_raw.txt
PTM,NMOS,45,LP,1.0,0.045,25.0,1.0,0.4250000000000004,1.096410273070978e-06,common_1v,common_vdd,1.1,simulation,ngspice,397141eb8a813045075ac2be3098d3b136ebaf4d597c08fca627922a75e443b7,data/raw/ptm45_lp_vds_1v_raw.txt
PTM,NMOS,45,LP,1.0,0.045,25.0,1.0,0.4300000000000004,1.224772882773201e-06,common_1v,common_vdd,1.1,simulation,ngspice,397141eb8a813045075ac2be3098d3b136ebaf4d597c08fca627922a75e443b7,data/raw/ptm45_lp_vds_1v_raw.txt
PTM,NMOS,45,LP,1.0,0.045,25.0,1.0,0.4350000000000004,1.367073153552329e-06,common_1v,common_vdd,1.1,simulation,ngspice,397141eb8a813045075ac2be3098d3b136ebaf4d597c08fca627922a75e443b7,data/raw/ptm45_lp_vds_1v_raw.txt
PTM,NMOS,45,LP,1.0,0.045,25.0,1.0,0.4400000000000004,1.524680674616621e-06,common_1v,common_vdd,1.1,simulation,ngspice,397141eb8a813045075ac2be3098d3b136ebaf4d597c08fca627922a75e443b7,data/raw/ptm45_lp_vds_1v_raw.txt
PTM,NMOS,45,LP,1.0,0.045,25.0,1.0,0.4450000000000004,1.699081553814694e-06,common_1v,common_vdd,1.1,simulation,ngspice,397141eb8a813045075ac2be3098d3b136ebaf4d597c08fca627922a75e443b7,data/raw/ptm45_lp_vds_1v_raw.txt
PTM,NMOS,45,LP,1.0,0.045,25.0,1.0,0.4500000000000004,1.891885643347979e-06,common_1v,common_vdd,1.1,simulation,ngspice,397141eb8a813045075ac2be3098d3b136ebaf4d597c08fca627922a75e443b7,data/raw/ptm45_lp_vds_1v_raw.txt
PTM,NMOS,45,LP,1.0,0.045,25.0,1.0,0.4550000000000004,2.104833631576693e-06,common_1v,common_vdd,1.1,simulation,ngspice,397141eb8a813045075ac2be3098d3b136ebaf4d597c08fca627922a75e443b7,data/raw/ptm45_lp_vds_1v_raw.txt
PTM,NMOS,45,LP,1.0,0.045,25.0,1.0,0.4600000000000004,2.339803834458113e-06,common_1v,common_vdd,1.1,simulation,ngspice,397141eb8a813045075ac2be3098d3b136ebaf4d597c08fca627922a75e443b7,data/raw/ptm45_lp_vds_1v_raw.txt
PTM,NMOS,45,LP,1.0,0.045,25.0,1.0,0.4650000000000004,2.598818489486496e-06,common_1v,common_vdd,1.1,simulation,ngspice,397141eb8a813045075ac2be3098d3b136ebaf4d597c08fca627922a75e443b7,data/raw/ptm45_lp_vds_1v_raw.txt
PTM,NMOS,45,LP,1.0,0.045,25.0,1.0,0.4700000000000004,2.884049324936066e-06,common_1v,common_vdd,1.1,simulation,ngspice,397141eb8a813045075ac2be3098d3b136ebaf4d597c08fca627922a75e443b7,data/raw/ptm45_lp_vds_1v_raw.txt
PTM,NMOS,45,LP,1.0,0.045,25.0,1.0,0.4750000000000004,3.197822149427569e-06,common_1v,common_vdd,1.1,simulation,ngspice,397141eb8a813045075ac2be3098d3b136ebaf4d597c08fca627922a75e443b7,data/raw/ptm45_lp_vds_1v_raw.txt
PTM,NMOS,45,LP,1.0,0.045,25.0,1.0,0.4800000000000004,3.542620183286753e-06,common_1v,common_vdd,1.1,simulation,ngspice,397141eb8a813045075ac2be3098d3b136ebaf4d597c08fca627922a75e443b7,data/raw/ptm45_lp_vds_1v_raw.txt
PTM,NMOS,45,LP,1.0,0.045,25.0,1.0,0.4850000000000004,3.921085835950356e-06,common_1v,common_vdd,1.1,simulation,ngspice,397141eb8a813045075ac2be3098d3b136ebaf4d597c08fca627922a75e443b7,data/raw/ptm45_lp_vds_1v_raw.txt
PTM,NMOS,45,LP,1.0,0.045,25.0,1.0,0.4900000000000004,4.336020624975936e-06,common_1v,common_vdd,1.1,simulation,ngspice,397141eb8a813045075ac2be3098d3b136ebaf4d597c08fca627922a75e443b7,data/raw/ptm45_lp_vds_1v_raw.txt
PTM,NMOS,45,LP,1.0,0.045,25.0,1.0,0.4950000000000004,4.790382934131968e-06,common_1v,common_vdd,1.1,simulation,ngspice,397141eb8a813045075ac2be3098d3b136ebaf4d597c08fca627922a75e443b7,data/raw/ptm45_lp_vds_1v_raw.txt
PTM,NMOS,45,LP,1.0,0.045,25.0,1.0,0.5000000000000004,5.287283322437928e-06,common_1v,common_vdd,1.1,simulation,ngspice,397141eb8a813045075ac2be3098d3b136ebaf4d597c08fca627922a75e443b7,data/raw/ptm45_lp_vds_1v_raw.txt
PTM,NMOS,45,LP,1.0,0.045,25.0,1.0,0.5050000000000004,5.829977124361596e-06,common_1v,common_vdd,1.1,simulation,ngspice,397141eb8a813045075ac2be3098d3b136ebaf4d597c08fca627922a75e443b7,data/raw/ptm45_lp_vds_1v_raw.txt
PTM,NMOS,45,LP,1.0,0.045,25.0,1.0,0.5100000000000005,6.421854124527282e-06,common_1v,common_vdd,1.1,simulation,ngspice,397141eb8a813045075ac2be3098d3b136ebaf4d597c08fca627922a75e443b7,data/raw/ptm45_lp_vds_1v_raw.txt
PTM,NMOS,45,LP,1.0,0.045,25.0,1.0,0.5150000000000005,7.066425148395598e-06,common_1v,common_vdd,1.1,simulation,ngspice,397141eb8a813045075ac2be3098d3b136ebaf4d597c08fca627922a75e443b7,data/raw/ptm45_lp_vds_1v_raw.txt
PTM,NMOS,45,LP,1.0,0.045,25.0,1.0,0.5200000000000005,7.767305482719421e-06,common_1v,common_vdd,1.1,simulation,ngspice,397141eb8a813045075ac2be3098d3b136ebaf4d597c08fca627922a75e443b7,data/raw/ptm45_lp_vds_1v_raw.txt
PTM,NMOS,45,LP,1.0,0.045,25.0,1.0,0.5250000000000005,8.528195124520029e-06,common_1v,common_vdd,1.1,simulation,ngspice,397141eb8a813045075ac2be3098d3b136ebaf4d597c08fca627922a75e443b7,data/raw/ptm45_lp_vds_1v_raw.txt
PTM,NMOS,45,LP,1.0,0.045,25.0,1.0,0.5300000000000005,9.352855952248095e-06,common_1v,common_vdd,1.1,simulation,ngspice,397141eb8a813045075ac2be3098d3b136ebaf4d597c08fca627922a75e443b7,data/raw/ptm45_lp_vds_1v_raw.txt
PTM,NMOS,45,LP,1.0,0.045,25.0,1.0,0.5350000000000005,1.024508601424879e-05,common_1v,common_vdd,1.1,simulation,ngspice,397141eb8a813045075ac2be3098d3b136ebaf4d597c08fca627922a75e443b7,data/raw/ptm45_lp_vds_1v_raw.txt
PTM,NMOS,45,LP,1.0,0.045,25.0,1.0,0.5400000000000005,1.120869123336195e-05,common_1v,common_vdd,1.1,simulation,ngspice,397141eb8a813045075ac2be3098d3b136ebaf4d597c08fca627922a75e443b7,data/raw/ptm45_lp_vds_1v_raw.txt
PTM,NMOS,45,LP,1.0,0.045,25.0,1.0,0.5450000000000005,1.224745492774779e-05,common_1v,common_vdd,1.1,simulation,ngspice,397141eb8a813045075ac2be3098d3b136ebaf4d597c08fca627922a75e443b7,data/raw/ptm45_lp_vds_1v_raw.txt
PTM,NMOS,45,LP,1.0,0.045,25.0,1.0,0.5500000000000005,1.336510564176209e-05,common_1v,common_vdd,1.1,simulation,ngspice,397141eb8a813045075ac2be3098d3b136ebaf4d597c08fca627922a75e443b7,data/raw/ptm45_lp_vds_1v_raw.txt
PTM,NMOS,45,LP,1.0,0.045,25.0,1.0,0.5550000000000005,1.456528386198085e-05,common_1v,common_vdd,1.1,simulation,ngspice,397141eb8a813045075ac2be3098d3b136ebaf4d597c08fca627922a75e443b7,data/raw/ptm45_lp_vds_1v_raw.txt
PTM,NMOS,45,LP,1.0,0.045,25.0,1.0,0.5600000000000005,1.585150825770279e-05,common_1v,common_vdd,1.1,simulation,ngspice,397141eb8a813045075ac2be3098d3b136ebaf4d597c08fca627922a75e443b7,data/raw/ptm45_lp_vds_1v_raw.txt
PTM,NMOS,45,LP,1.0,0.045,25.0,1.0,0.5650000000000005,1.722714212860912e-05,common_1v,common_vdd,1.1,simulation,ngspice,397141eb8a813045075ac2be3098d3b136ebaf4d597c08fca627922a75e443b7,data/raw/ptm45_lp_vds_1v_raw.txt
PTM,NMOS,45,LP,1.0,0.045,25.0,1.0,0.5700000000000005,1.869536076189657e-05,common_1v,common_vdd,1.1,simulation,ngspice,397141eb8a813045075ac2be3098d3b136ebaf4d597c08fca627922a75e443b7,data/raw/ptm45_lp_vds_1v_raw.txt
PTM,NMOS,45,LP,1.0,0.045,25.0,1.0,0.5750000000000005,2.025912039554523e-05,common_1v,common_vdd,1.1,simulation,ngspice,397141eb8a813045075ac2be3098d3b136ebaf4d597c08fca627922a75e443b7,data/raw/ptm45_lp_vds_1v_raw.txt
PTM,NMOS,45,LP,1.0,0.045,25.0,1.0,0.5800000000000005,2.192112945321904e-05,common_1v,common_vdd,1.1,simulation,ngspice,397141eb8a813045075ac2be3098d3b136ebaf4d597c08fca627922a75e443b7,data/raw/ptm45_lp_vds_1v_raw.txt
PTM,NMOS,45,LP,1.0,0.045,25.0,1.0,0.5850000000000005,2.368382266081207e-05,common_1v,common_vdd,1.1,simulation,ngspice,397141eb8a813045075ac2be3098d3b136ebaf4d597c08fca627922a75e443b7,data/raw/ptm45_lp_vds_1v_raw.txt
PTM,NMOS,45,LP,1.0,0.045,25.0,1.0,0.5900000000000005,2.554933857736896e-05,common_1v,common_vdd,1.1,simulation,ngspice,397141eb8a813045075ac2be3098d3b136ebaf4d597c08fca627922a75e443b7,data/raw/ptm45_lp_vds_1v_raw.txt
PTM,NMOS,45,LP,1.0,0.045,25.0,1.0,0.5950000000000005,2.751950097767965e-05,common_1v,common_vdd,1.1,simulation,ngspice,397141eb8a813045075ac2be3098d3b136ebaf4d597c08fca627922a75e443b7,data/raw/ptm45_lp_vds_1v_raw.txt
PTM,NMOS,45,LP,1.0,0.045,25.0,1.0,0.6000000000000005,2.959580441483823e-05,common_1v,common_vdd,1.1,simulation,ngspice,397141eb8a813045075ac2be3098d3b136ebaf4d597c08fca627922a75e443b7,data/raw/ptm45_lp_vds_1v_raw.txt
PTM,NMOS,45,LP,1.0,0.045,25.0,1.0,0.6050000000000005,3.177940417358866e-05,common_1v,common_vdd,1.1,simulation,ngspice,397141eb8a813045075ac2be3098d3b136ebaf4d597c08fca627922a75e443b7,data/raw/ptm45_lp_vds_1v_raw.txt
PTM,NMOS,45,LP,1.0,0.045,25.0,1.0,0.6100000000000005,3.407111070470726e-05,common_1v,common_vdd,1.1,simulation,ngspice,397141eb8a813045075ac2be3098d3b136ebaf4d597c08fca627922a75e443b7,data/raw/ptm45_lp_vds_1v_raw.txt
PTM,NMOS,45,LP,1.0,0.045,25.0,1.0,0.6150000000000005,3.647138851222661e-05,common_1v,common_vdd,1.1,simulation,ngspice,397141eb8a813045075ac2be3098d3b136ebaf4d597c08fca627922a75e443b7,data/raw/ptm45_lp_vds_1v_raw.txt
PTM,NMOS,45,LP,1.0,0.045,25.0,1.0,0.6200000000000006,3.898035935380108e-05,common_1v,common_vdd,1.1,simulation,ngspice,397141eb8a813045075ac2be3098d3b136ebaf4d597c08fca627922a75e443b7,data/raw/ptm45_lp_vds_1v_raw.txt
PTM,NMOS,45,LP,1.0,0.045,25.0,1.0,0.6250000000000006,4.159780951409044e-05,common_1v,common_vdd,1.1,simulation,ngspice,397141eb8a813045075ac2be3098d3b136ebaf4d597c08fca627922a75e443b7,data/raw/ptm45_lp_vds_1v_raw.txt
PTM,NMOS,45,LP,1.0,0.045,25.0,1.0,0.6300000000000006,4.432320082488004e-05,common_1v,common_vdd,1.1,simulation,ngspice,397141eb8a813045075ac2be3098d3b136ebaf4d597c08fca627922a75e443b7,data/raw/ptm45_lp_vds_1v_raw.txt
PTM,NMOS,45,LP,1.0,0.045,25.0,1.0,0.6350000000000006,4.715568503611357e-05,common_1v,common_vdd,1.1,simulation,ngspice,397141eb8a813045075ac2be3098d3b136ebaf4d597c08fca627922a75e443b7,data/raw/ptm45_lp_vds_1v_raw.txt
PTM,NMOS,45,LP,1.0,0.045,25.0,1.0,0.6400000000000006,5.00941210902771e-05,common_1v,common_vdd,1.1,simulation,ngspice,397141eb8a813045075ac2be3098d3b136ebaf4d597c08fca627922a75e443b7,data/raw/ptm45_lp_vds_1v_raw.txt
PTM,NMOS,45,LP,1.0,0.045,25.0,1.0,0.6450000000000006,5.308508338191492e-05,common_1v,common_vdd,1.1,simulation,ngspice,397141eb8a813045075ac2be3098d3b136ebaf4d597c08fca627922a75e443b7,data/raw/ptm45_lp_vds_1v_raw.txt
PTM,NMOS,45,LP,1.0,0.045,25.0,1.0,0.6500000000000006,5.623180198962222e-05,common_1v,common_vdd,1.1,simulation,ngspice,397141eb8a813045075ac2be3098d3b136ebaf4d597c08fca627922a75e443b7,data/raw/ptm45_lp_vds_1v_raw.txt
PTM,NMOS,45,LP,1.0,0.045,25.0,1.0,0.6550000000000006,5.947960879957343e-05,common_1v,common_vdd,1.1,simulation,ngspice,397141eb8a813045075ac2be3098d3b136ebaf4d597c08fca627922a75e443b7,data/raw/ptm45_lp_vds_1v_raw.txt
PTM,NMOS,45,LP,1.0,0.045,25.0,1.0,0.6600000000000006,6.282639315113668e-05,common_1v,common_vdd,1.1,simulation,ngspice,397141eb8a813045075ac2be3098d3b136ebaf4d597c08fca627922a75e443b7,data/raw/ptm45_lp_vds_1v_raw.txt
PTM,NMOS,45,LP,1.0,0.045,25.0,1.0,0.6650000000000006,6.626986424818673e-05,common_1v,common_vdd,1.1,simulation,ngspice,397141eb8a813045075ac2be3098d3b136ebaf4d597c08fca627922a75e443b7,data/raw/ptm45_lp_vds_1v_raw.txt
PTM,NMOS,45,LP,1.0,0.045,25.0,1.0,0.6700000000000006,6.980757591291327e-05,common_1v,common_vdd,1.1,simulation,ngspice,397141eb8a813045075ac2be3098d3b136ebaf4d597c08fca627922a75e443b7,data/raw/ptm45_lp_vds_1v_raw.txt
PTM,NMOS,45,LP,1.0,0.045,25.0,1.0,0.6750000000000006,7.34369510080869e-05,common_1v,common_vdd,1.1,simulation,ngspice,397141eb8a813045075ac2be3098d3b136ebaf4d597c08fca627922a75e443b7,data/raw/ptm45_lp_vds_1v_raw.txt
PTM,NMOS,45,LP,1.0,0.045,25.0,1.0,0.6800000000000006,7.715530521942579e-05,common_1v,common_vdd,1.1,simulation,ngspice,397141eb8a813045075ac2be3098d3b136ebaf4d597c08fca627922a75e443b7,data/raw/ptm45_lp_vds_1v_raw.txt
PTM,NMOS,45,LP,1.0,0.045,25.0,1.0,0.6850000000000006,8.095986979910509e-05,common_1v,common_vdd,1.1,simulation,ngspice,397141eb8a813045075ac2be3098d3b136ebaf4d597c08fca627922a75e443b7,data/raw/ptm45_lp_vds_1v_raw.txt
PTM,NMOS,45,LP,1.0,0.045,25.0,1.0,0.6900000000000006,8.484781329460702e-05,common_1v,common_vdd,1.1,simulation,ngspice,397141eb8a813045075ac2be3098d3b136ebaf4d597c08fca627922a75e443b7,data/raw/ptm45_lp_vds_1v_raw.txt
PTM,NMOS,45,LP,1.0,0.045,25.0,1.0,0.6950000000000006,8.881626180850439e-05,common_1v,common_vdd,1.1,simulation,ngspice,397141eb8a813045075ac2be3098d3b136ebaf4d597c08fca627922a75e443b7,data/raw/ptm45_lp_vds_1v_raw.txt
PTM,NMOS,45,LP,1.0,0.045,25.0,1.0,0.7000000000000006,9.286231782099648e-05,common_1v,common_vdd,1.1,simulation,ngspice,397141eb8a813045075ac2be3098d3b136ebaf4d597c08fca627922a75e443b7,data/raw/ptm45_lp_vds_1v_raw.txt
PTM,NMOS,45,LP,1.0,0.045,25.0,1.0,0.7050000000000006,9.698307744163202e-05,common_1v,common_vdd,1.1,simulation,ngspice,397141eb8a813045075ac2be3098d3b136ebaf4d597c08fca627922a75e443b7,data/raw/ptm45_lp_vds_1v_raw.txt
PTM,NMOS,45,LP,1.0,0.045,25.0,1.0,0.7100000000000006,0.0001011756460477,common_1v,common_vdd,1.1,simulation,ngspice,397141eb8a813045075ac2be3098d3b136ebaf4d597c08fca627922a75e443b7,data/raw/ptm45_lp_vds_1v_raw.txt
PTM,NMOS,45,LP,1.0,0.045,25.0,1.0,0.7150000000000006,0.0001054371522973,common_1v,common_vdd,1.1,simulation,ngspice,397141eb8a813045075ac2be3098d3b136ebaf4d597c08fca627922a75e443b7,data/raw/ptm45_lp_vds_1v_raw.txt
PTM,NMOS,45,LP,1.0,0.045,25.0,1.0,0.7200000000000006,0.000109764760532,common_1v,common_vdd,1.1,simulation,ngspice,397141eb8a813045075ac2be3098d3b136ebaf4d597c08fca627922a75e443b7,data/raw/ptm45_lp_vds_1v_raw.txt
PTM,NMOS,45,LP,1.0,0.045,25.0,1.0,0.7250000000000006,0.000114155681614,common_1v,common_vdd,1.1,simulation,ngspice,397141eb8a813045075ac2be3098d3b136ebaf4d597c08fca627922a75e443b7,data/raw/ptm45_lp_vds_1v_raw.txt
PTM,NMOS,45,LP,1.0,0.045,25.0,1.0,0.7300000000000006,0.0001186071822557,common_1v,common_vdd,1.1,simulation,ngspice,397141eb8a813045075ac2be3098d3b136ebaf4d597c08fca627922a75e443b7,data/raw/ptm45_lp_vds_1v_raw.txt
PTM,NMOS,45,LP,1.0,0.045,25.0,1.0,0.7350000000000007,0.0001231165929203,common_1v,common_vdd,1.1,simulation,ngspice,397141eb8a813045075ac2be3098d3b136ebaf4d597c08fca627922a75e443b7,data/raw/ptm45_lp_vds_1v_raw.txt
PTM,NMOS,45,LP,1.0,0.045,25.0,1.0,0.7400000000000007,0.0001276813143819,common_1v,common_vdd,1.1,simulation,ngspice,397141eb8a813045075ac2be3098d3b136ebaf4d597c08fca627922a75e443b7,data/raw/ptm45_lp_vds_1v_raw.txt
PTM,NMOS,45,LP,1.0,0.045,25.0,1.0,0.7450000000000007,0.0001322988230402,common_1v,common_vdd,1.1,simulation,ngspice,397141eb8a813045075ac2be3098d3b136ebaf4d597c08fca627922a75e443b7,data/raw/ptm45_lp_vds_1v_raw.txt
PTM,NMOS,45,LP,1.0,0.045,25.0,1.0,0.7500000000000007,0.0001369666750898,common_1v,common_vdd,1.1,simulation,ngspice,397141eb8a813045075ac2be3098d3b136ebaf4d597c08fca627922a75e443b7,data/raw/ptm45_lp_vds_1v_raw.txt
PTM,NMOS,45,LP,1.0,0.045,25.0,1.0,0.7550000000000007,0.0001416825096493,common_1v,common_vdd,1.1,simulation,ngspice,397141eb8a813045075ac2be3098d3b136ebaf4d597c08fca627922a75e443b7,data/raw/ptm45_lp_vds_1v_raw.txt
PTM,NMOS,45,LP,1.0,0.045,25.0,1.0,0.7600000000000007,0.0001464440509488,common_1v,common_vdd,1.1,simulation,ngspice,397141eb8a813045075ac2be3098d3b136ebaf4d597c08fca627922a75e443b7,data/raw/ptm45_lp_vds_1v_raw.txt
PTM,NMOS,45,LP,1.0,0.045,25.0,1.0,0.7650000000000007,0.0001512491096791,common_1v,common_vdd,1.1,simulation,ngspice,397141eb8a813045075ac2be3098d3b136ebaf4d597c08fca627922a75e443b7,data/raw/ptm45_lp_vds_1v_raw.txt
PTM,NMOS,45,LP,1.0,0.045,25.0,1.0,0.7700000000000007,0.000156095583597,common_1v,common_vdd,1.1,simulation,ngspice,397141eb8a813045075ac2be3098d3b136ebaf4d597c08fca627922a75e443b7,data/raw/ptm45_lp_vds_1v_raw.txt
PTM,NMOS,45,LP,1.0,0.045,25.0,1.0,0.7750000000000007,0.0001609814574803,common_1v,common_vdd,1.1,simulation,ngspice,397141eb8a813045075ac2be3098d3b136ebaf4d597c08fca627922a75e443b7,data/raw/ptm45_lp_vds_1v_raw.txt
PTM,NMOS,45,LP,1.0,0.045,25.0,1.0,0.7800000000000007,0.0001659048025183,common_1v,common_vdd,1.1,simulation,ngspice,397141eb8a813045075ac2be3098d3b136ebaf4d597c08fca627922a75e443b7,data/raw/ptm45_lp_vds_1v_raw.txt
PTM,NMOS,45,LP,1.0,0.045,25.0,1.0,0.7850000000000007,0.0001708637752182,common_1v,common_vdd,1.1,simulation,ngspice,397141eb8a813045075ac2be3098d3b136ebaf4d597c08fca627922a75e443b7,data/raw/ptm45_lp_vds_1v_raw.txt
PTM,NMOS,45,LP,1.0,0.045,25.0,1.0,0.7900000000000007,0.000175856615903,common_1v,common_vdd,1.1,simulation,ngspice,397141eb8a813045075ac2be3098d3b136ebaf4d597c08fca627922a75e443b7,data/raw/ptm45_lp_vds_1v_raw.txt
PTM,NMOS,45,LP,1.0,0.045,25.0,1.0,0.7950000000000007,0.0001808816468683,common_1v,common_vdd,1.1,simulation,ngspice,397141eb8a813045075ac2be3098d3b136ebaf4d597c08fca627922a75e443b7,data/raw/ptm45_lp_vds_1v_raw.txt
PTM,NMOS,45,LP,1.0,0.045,25.0,1.0,0.8000000000000007,0.0001859372702595,common_1v,common_vdd,1.1,simulation,ngspice,397141eb8a813045075ac2be3098d3b136ebaf4d597c08fca627922a75e443b7,data/raw/ptm45_lp_vds_1v_raw.txt
PTM,NMOS,45,LP,1.0,0.045,25.0,1.0,0.8050000000000007,0.0001910219657264,common_1v,common_vdd,1.1,simulation,ngspice,397141eb8a813045075ac2be3098d3b136ebaf4d597c08fca627922a75e443b7,data/raw/ptm45_lp_vds_1v_raw.txt
PTM,NMOS,45,LP,1.0,0.045,25.0,1.0,0.8100000000000007,0.0001961342879036,common_1v,common_vdd,1.1,simulation,ngspice,397141eb8a813045075ac2be3098d3b136ebaf4d597c08fca627922a75e443b7,data/raw/ptm45_lp_vds_1v_raw.txt
PTM,NMOS,45,LP,1.0,0.045,25.0,1.0,0.8150000000000007,0.0002012728637616,common_1v,common_vdd,1.1,simulation,ngspice,397141eb8a813045075ac2be3098d3b136ebaf4d597c08fca627922a75e443b7,data/raw/ptm45_lp_vds_1v_raw.txt
PTM,NMOS,45,LP,1.0,0.045,25.0,1.0,0.8200000000000007,0.0002064363898671,common_1v,common_vdd,1.1,simulation,ngspice,397141eb8a813045075ac2be3098d3b136ebaf4d597c08fca627922a75e443b7,data/raw/ptm45_lp_vds_1v_raw.txt
PTM,NMOS,45,LP,1.0,0.045,25.0,1.0,0.8250000000000007,0.0002116236295863,common_1v,common_vdd,1.1,simulation,ngspice,397141eb8a813045075ac2be3098d3b136ebaf4d597c08fca627922a75e443b7,data/raw/ptm45_lp_vds_1v_raw.txt
PTM,NMOS,45,LP,1.0,0.045,25.0,1.0,0.8300000000000007,0.0002168334102612,common_1v,common_vdd,1.1,simulation,ngspice,397141eb8a813045075ac2be3098d3b136ebaf4d597c08fca627922a75e443b7,data/raw/ptm45_lp_vds_1v_raw.txt
PTM,NMOS,45,LP,1.0,0.045,25.0,1.0,0.8350000000000007,0.0002220646203827,common_1v,common_vdd,1.1,simulation,ngspice,397141eb8a813045075ac2be3098d3b136ebaf4d597c08fca627922a75e443b7,data/raw/ptm45_lp_vds_1v_raw.txt
PTM,NMOS,45,LP,1.0,0.045,25.0,1.0,0.8400000000000007,0.0002273162067833,common_1v,common_vdd,1.1,simulation,ngspice,397141eb8a813045075ac2be3098d3b136ebaf4d597c08fca627922a75e443b7,data/raw/ptm45_lp_vds_1v_raw.txt
PTM,NMOS,45,LP,1.0,0.045,25.0,1.0,0.8450000000000008,0.0002325871718663,common_1v,common_vdd,1.1,simulation,ngspice,397141eb8a813045075ac2be3098d3b136ebaf4d597c08fca627922a75e443b7,data/raw/ptm45_lp_vds_1v_raw.txt
PTM,NMOS,45,LP,1.0,0.045,25.0,1.0,0.8500000000000008,0.0002378765708869,common_1v,common_vdd,1.1,simulation,ngspice,397141eb8a813045075ac2be3098d3b136ebaf4d597c08fca627922a75e443b7,data/raw/ptm45_lp_vds_1v_raw.txt
PTM,NMOS,45,LP,1.0,0.045,25.0,1.0,0.8550000000000008,0.0002431835092969,common_1v,common_vdd,1.1,simulation,ngspice,397141eb8a813045075ac2be3098d3b136ebaf4d597c08fca627922a75e443b7,data/raw/ptm45_lp_vds_1v_raw.txt
PTM,NMOS,45,LP,1.0,0.045,25.0,1.0,0.8600000000000008,0.0002485071401636,common_1v,common_vdd,1.1,simulation,ngspice,397141eb8a813045075ac2be3098d3b136ebaf4d597c08fca627922a75e443b7,data/raw/ptm45_lp_vds_1v_raw.txt
PTM,NMOS,45,LP,1.0,0.045,25.0,1.0,0.8650000000000008,0.0002538466616689,common_1v,common_vdd,1.1,simulation,ngspice,397141eb8a813045075ac2be3098d3b136ebaf4d597c08fca627922a75e443b7,data/raw/ptm45_lp_vds_1v_raw.txt
PTM,NMOS,45,LP,1.0,0.045,25.0,1.0,0.8700000000000008,0.0002592013146963,common_1v,common_vdd,1.1,simulation,ngspice,397141eb8a813045075ac2be3098d3b136ebaf4d597c08fca627922a75e443b7,data/raw/ptm45_lp_vds_1v_raw.txt
PTM,NMOS,45,LP,1.0,0.045,25.0,1.0,0.8750000000000008,0.0002645703805086,common_1v,common_vdd,1.1,simulation,ngspice,397141eb8a813045075ac2be3098d3b136ebaf4d597c08fca627922a75e443b7,data/raw/ptm45_lp_vds_1v_raw.txt
PTM,NMOS,45,LP,1.0,0.045,25.0,1.0,0.8800000000000008,0.0002699531785189,common_1v,common_vdd,1.1,simulation,ngspice,397141eb8a813045075ac2be3098d3b136ebaf4d597c08fca627922a75e443b7,data/raw/ptm45_lp_vds_1v_raw.txt
PTM,NMOS,45,LP,1.0,0.045,25.0,1.0,0.8850000000000008,0.0002753490641575,common_1v,common_vdd,1.1,simulation,ngspice,397141eb8a813045075ac2be3098d3b136ebaf4d597c08fca627922a75e443b7,data/raw/ptm45_lp_vds_1v_raw.txt
PTM,NMOS,45,LP,1.0,0.045,25.0,1.0,0.8900000000000008,0.0002807574268345,common_1v,common_vdd,1.1,simulation,ngspice,397141eb8a813045075ac2be3098d3b136ebaf4d597c08fca627922a75e443b7,data/raw/ptm45_lp_vds_1v_raw.txt
PTM,NMOS,45,LP,1.0,0.045,25.0,1.0,0.8950000000000008,0.000286177687998,common_1v,common_vdd,1.1,simulation,ngspice,397141eb8a813045075ac2be3098d3b136ebaf4d597c08fca627922a75e443b7,data/raw/ptm45_lp_vds_1v_raw.txt
PTM,NMOS,45,LP,1.0,0.045,25.0,1.0,0.9000000000000008,0.0002916092992865,common_1v,common_vdd,1.1,simulation,ngspice,397141eb8a813045075ac2be3098d3b136ebaf4d597c08fca627922a75e443b7,data/raw/ptm45_lp_vds_1v_raw.txt
PTM,NMOS,45,LP,1.0,0.045,25.0,1.0,0.9050000000000008,0.0002970517407747,common_1v,common_vdd,1.1,simulation,ngspice,397141eb8a813045075ac2be3098d3b136ebaf4d597c08fca627922a75e443b7,data/raw/ptm45_lp_vds_1v_raw.txt
PTM,NMOS,45,LP,1.0,0.045,25.0,1.0,0.9100000000000008,0.0003025045193092,common_1v,common_vdd,1.1,simulation,ngspice,397141eb8a813045075ac2be3098d3b136ebaf4d597c08fca627922a75e443b7,data/raw/ptm45_lp_vds_1v_raw.txt
PTM,NMOS,45,LP,1.0,0.045,25.0,1.0,0.9150000000000008,0.0003079671669338,common_1v,common_vdd,1.1,simulation,ngspice,397141eb8a813045075ac2be3098d3b136ebaf4d597c08fca627922a75e443b7,data/raw/ptm45_lp_vds_1v_raw.txt
PTM,NMOS,45,LP,1.0,0.045,25.0,1.0,0.9200000000000008,0.0003134392393995,common_1v,common_vdd,1.1,simulation,ngspice,397141eb8a813045075ac2be3098d3b136ebaf4d597c08fca627922a75e443b7,data/raw/ptm45_lp_vds_1v_raw.txt
PTM,NMOS,45,LP,1.0,0.045,25.0,1.0,0.9250000000000008,0.000318920314757,common_1v,common_vdd,1.1,simulation,ngspice,397141eb8a813045075ac2be3098d3b136ebaf4d597c08fca627922a75e443b7,data/raw/ptm45_lp_vds_1v_raw.txt
PTM,NMOS,45,LP,1.0,0.045,25.0,1.0,0.9300000000000008,0.0003244099920296,common_1v,common_vdd,1.1,simulation,ngspice,397141eb8a813045075ac2be3098d3b136ebaf4d597c08fca627922a75e443b7,data/raw/ptm45_lp_vds_1v_raw.txt
PTM,NMOS,45,LP,1.0,0.045,25.0,1.0,0.9350000000000008,0.0003299078899612,common_1v,common_vdd,1.1,simulation,ngspice,397141eb8a813045075ac2be3098d3b136ebaf4d597c08fca627922a75e443b7,data/raw/ptm45_lp_vds_1v_raw.txt
PTM,NMOS,45,LP,1.0,0.045,25.0,1.0,0.9400000000000008,0.0003354136458377,common_1v,common_vdd,1.1,simulation,ngspice,397141eb8a813045075ac2be3098d3b136ebaf4d597c08fca627922a75e443b7,data/raw/ptm45_lp_vds_1v_raw.txt
PTM,NMOS,45,LP,1.0,0.045,25.0,1.0,0.9450000000000008,0.0003409269143786,common_1v,common_vdd,1.1,simulation,ngspice,397141eb8a813045075ac2be3098d3b136ebaf4d597c08fca627922a75e443b7,data/raw/ptm45_lp_vds_1v_raw.txt
PTM,NMOS,45,LP,1.0,0.045,25.0,1.0,0.9500000000000008,0.0003464473666936,common_1v,common_vdd,1.1,simulation,ngspice,397141eb8a813045075ac2be3098d3b136ebaf4d597c08fca627922a75e443b7,data/raw/ptm45_lp_vds_1v_raw.txt
PTM,NMOS,45,LP,1.0,0.045,25.0,1.0,0.9550000000000008,0.0003519746893032,common_1v,common_vdd,1.1,simulation,ngspice,397141eb8a813045075ac2be3098d3b136ebaf4d597c08fca627922a75e443b7,data/raw/ptm45_lp_vds_1v_raw.txt
PTM,NMOS,45,LP,1.0,0.045,25.0,1.0,0.9600000000000009,0.0003575085832185,common_1v,common_vdd,1.1,simulation,ngspice,397141eb8a813045075ac2be3098d3b136ebaf4d597c08fca627922a75e443b7,data/raw/ptm45_lp_vds_1v_raw.txt
PTM,NMOS,45,LP,1.0,0.045,25.0,1.0,0.9650000000000007,0.0003630487630777,common_1v,common_vdd,1.1,simulation,ngspice,397141eb8a813045075ac2be3098d3b136ebaf4d597c08fca627922a75e443b7,data/raw/ptm45_lp_vds_1v_raw.txt
PTM,NMOS,45,LP,1.0,0.045,25.0,1.0,0.9700000000000008,0.0003685949563367,common_1v,common_vdd,1.1,simulation,ngspice,397141eb8a813045075ac2be3098d3b136ebaf4d597c08fca627922a75e443b7,data/raw/ptm45_lp_vds_1v_raw.txt
PTM,NMOS,45,LP,1.0,0.045,25.0,1.0,0.9750000000000008,0.0003741469025088,common_1v,common_vdd,1.1,simulation,ngspice,397141eb8a813045075ac2be3098d3b136ebaf4d597c08fca627922a75e443b7,data/raw/ptm45_lp_vds_1v_raw.txt
PTM,NMOS,45,LP,1.0,0.045,25.0,1.0,0.9800000000000008,0.0003797043524539,common_1v,common_vdd,1.1,simulation,ngspice,397141eb8a813045075ac2be3098d3b136ebaf4d597c08fca627922a75e443b7,data/raw/ptm45_lp_vds_1v_raw.txt
PTM,NMOS,45,LP,1.0,0.045,25.0,1.0,0.9850000000000008,0.000385267067711,common_1v,common_vdd,1.1,simulation,ngspice,397141eb8a813045075ac2be3098d3b136ebaf4d597c08fca627922a75e443b7,data/raw/ptm45_lp_vds_1v_raw.txt
PTM,NMOS,45,LP,1.0,0.045,25.0,1.0,0.9900000000000008,0.0003908348198739,common_1v,common_vdd,1.1,simulation,ngspice,397141eb8a813045075ac2be3098d3b136ebaf4d597c08fca627922a75e443b7,data/raw/ptm45_lp_vds_1v_raw.txt
PTM,NMOS,45,LP,1.0,0.045,25.0,1.0,0.9950000000000008,0.0003964073900064,common_1v,common_vdd,1.1,simulation,ngspice,397141eb8a813045075ac2be3098d3b136ebaf4d597c08fca627922a75e443b7,data/raw/ptm45_lp_vds_1v_raw.txt
PTM,NMOS,45,LP,1.0,0.045,25.0,1.0,1.000000000000001,0.0004019845680949,common_1v,common_vdd,1.1,simulation,ngspice,397141eb8a813045075ac2be3098d3b136ebaf4d597c08fca627922a75e443b7,data/raw/ptm45_lp_vds_1v_raw.txt
