model_family,device_type,technology_nm,application_type,W_um,L_um,temperature_C,VDS_V,VGS_V,ID_A,bias_label,comparison_basis,nominal_VDD_V,source_type,simulator,model_file_sha256,raw_file
PTM,NMOS,45,HP,1.0,0.045,25.0,0.05,-0.2,4.873963276162775e-12,low_vds,low_drain_bias,1.0,simulation,ngspice,c9ed2e513523c57a76912a35b2860cb85e4aaa3402b69757d84efa9cc2fb8410,data/raw/ptm45_hp_vds_0p05v_raw.txt
PTM,NMOS,45,HP,1.0,0.045,25.0,0.05,-0.195,5.078150734962701e-12,low_vds,low_drain_bias,1.0,simulation,ngspice,c9ed2e513523c57a76912a35b2860cb85e4aaa3402b69757d84efa9cc2fb8410,data/raw/ptm45_hp_vds_0p05v_raw.txt
PTM,NMOS,45,HP,1.0,0.045,25.0,0.05,-0.19,5.354823080050576e-12,low_vds,low_drain_bias,1.0,simulation,ngspice,c9ed2e513523c57a76912a35b2860cb85e4aaa3402b69757d84efa9cc2fb8410,data/raw/ptm45_hp_vds_0p05v_raw.txt
PTM,NMOS,45,HP,1.0,0.045,25.0,0.05,-0.185,5.689795687446946e-12,low_vds,low_drain_bias,1.0,simulation,ngspice,c9ed2e513523c57a76912a35b2860cb85e4aaa3402b69757d84efa9cc2fb8410,data/raw/ptm45_hp_vds_0p05v_raw.txt
PTM,NMOS,45,HP,1.0,0.045,25.0,0.05,-0.18,6.090958061407337e-12,low_vds,low_drain_bias,1.0,simulation,ngspice,c9ed2e513523c57a76912a35b2860cb85e4aaa3402b69757d84efa9cc2fb8410,data/raw/ptm45_hp_vds_0p05v_raw.txt
PTM,NMOS,45,HP,1.0,0.045,25.0,0.05,-0.175,6.567352415806648e-12,low_vds,low_drain_bias,1.0,simulation,ngspice,c9ed2e513523c57a76912a35b2860cb85e4aaa3402b69757d84efa9cc2fb8410,data/raw/ptm45_hp_vds_0p05v_raw.txt
PTM,NMOS,45,HP,1.0,0.045,25.0,0.05,-0.17,7.129340007789304e-12,low_vds,low_drain_bias,1.0,simulation,ngspice,c9ed2e513523c57a76912a35b2860cb85e4aaa3402b69757d84efa9cc2fb8410,data/raw/ptm45_hp_vds_0p05v_raw.txt
PTM,NMOS,45,HP,1.0,0.045,25.0,0.05,-0.165,7.788791490614856e-12,low_vds,low_drain_bias,1.0,simulation,ngspice,c9ed2e513523c57a76912a35b2860cb85e4aaa3402b69757d84efa9cc2fb8410,data/raw/ptm45_hp_vds_0p05v_raw.txt
PTM,NMOS,45,HP,1.0,0.045,25.0,0.05,-0.16,8.559304749142018e-12,low_vds,low_drain_bias,1.0,simulation,ngspice,c9ed2e513523c57a76912a35b2860cb85e4aaa3402b69757d84efa9cc2fb8410,data/raw/ptm45_hp_vds_0p05v_raw.txt
PTM,NMOS,45,HP,1.0,0.045,25.0,0.05,-0.155,9.456454179945856e-12,low_vds,low_drain_bias,1.0,simulation,ngspice,c9ed2e513523c57a76912a35b2860cb85e4aaa3402b69757d84efa9cc2fb8410,data/raw/ptm45_hp_vds_0p05v_raw.txt
PTM,NMOS,45,HP,1.0,0.045,25.0,0.05,-0.15,1.04980759479325e-11,low_vds,low_drain_bias,1.0,simulation,ngspice,c9ed2e513523c57a76912a35b2860cb85e4aaa3402b69757d84efa9cc2fb8410,data/raw/ptm45_hp_vds_0p05v_raw.txt
PTM,NMOS,45,HP,1.0,0.045,25.0,0.05,-0.145,1.170459440318081e-11,low_vds,low_drain_bias,1.0,simulation,ngspice,c9ed2e513523c57a76912a35b2860cb85e4aaa3402b69757d84efa9cc2fb8410,data/raw/ptm45_hp_vds_0p05v_raw.txt
PTM,NMOS,45,HP,1.0,0.045,25.0,0.05,-0.14,1.309939558663544e-11,low_vds,low_drain_bias,1.0,simulation,ngspice,c9ed2e513523c57a76912a35b2860cb85e4aaa3402b69757d84efa9cc2fb8410,data/raw/ptm45_hp_vds_0p05v_raw.txt
PTM,NMOS,45,HP,1.0,0.045,25.0,0.05,-0.135,1.470925460554115e-11,low_vds,low_drain_bias,1.0,simulation,ngspice,c9ed2e513523c57a76912a35b2860cb85e4aaa3402b69757d84efa9cc2fb8410,data/raw/ptm45_hp_vds_0p05v_raw.txt
PTM,NMOS,45,HP,1.0,0.045,25.0,0.05,-0.1299999999999999,1.656482463267556e-11,low_vds,low_drain_bias,1.0,simulation,ngspice,c9ed2e513523c57a76912a35b2860cb85e4aaa3402b69757d84efa9cc2fb8410,data/raw/ptm45_hp_vds_0p05v_raw.txt
PTM,NMOS,45,HP,1.0,0.045,25.0,0.05,-0.1249999999999999,1.870119639705596e-11,low_vds,low_drain_bias,1.0,simulation,ngspice,c9ed2e513523c57a76912a35b2860cb85e4aaa3402b69757d84efa9cc2fb8410,data/raw/ptm45_hp_vds_0p05v_raw.txt
PTM,NMOS,45,HP,1.0,0.045,25.0,0.05,-0.1199999999999999,2.115853830535017e-11,low_vds,low_drain_bias,1.0,simulation,ngspice,c9ed2e513523c57a76912a35b2860cb85e4aaa3402b69757d84efa9cc2fb8410,data/raw/ptm45_hp_vds_0p05v_raw.txt
PTM,NMOS,45,HP,1.0,0.045,25.0,0.05,-0.1149999999999999,2.398282878722624e-11,low_vds,low_drain_bias,1.0,simulation,ngspice,c9ed2e513523c57a76912a35b2860cb85e4aaa3402b69757d84efa9cc2fb8410,data/raw/ptm45_hp_vds_0p05v_raw.txt
PTM,NMOS,45,HP,1.0,0.045,25.0,0.05,-0.1099999999999999,2.72266941186025e-11,low_vds,low_drain_bias,1.0,simulation,ngspice,c9ed2e513523c57a76912a35b2860cb85e4aaa3402b69757d84efa9cc2fb8410,data/raw/ptm45_hp_vds_0p05v_raw.txt
PTM,NMOS,45,HP,1.0,0.045,25.0,0.05,-0.1049999999999999,3.095036687468267e-11,low_vds,low_drain_bias,1.0,simulation,ngspice,c9ed2e513523c57a76912a35b2860cb85e4aaa3402b69757d84efa9cc2fb8410,data/raw/ptm45_hp_vds_0p05v_raw.txt
PTM,NMOS,45,HP,1.0,0.045,25.0,0.05,-0.09999999999999992,3.522278233217966e-11,low_vds,low_drain_bias,1.0,simulation,ngspice,c9ed2e513523c57a76912a35b2860cb85e4aaa3402b69757d84efa9cc2fb8410,data/raw/ptm45_hp_vds_0p05v_raw.txt
PTM,NMOS,45,HP,1.0,0.045,25.0,0.05,-0.09499999999999992,4.01228326161663e-11,low_vds,low_drain_bias,1.0,simulation,ngspice,c9ed2e513523c57a76912a35b2860cb85e4aaa3402b69757d84efa9cc2fb8410,data/raw/ptm45_hp_vds_0p05v_raw.txt
PTM,NMOS,45,HP,1.0,0.045,25.0,0.05,-0.08999999999999991,4.57408012147368e-11,low_vds,low_drain_bias,1.0,simulation,ngspice,c9ed2e513523c57a76912a35b2860cb85e4aaa3402b69757d84efa9cc2fb8410,data/raw/ptm45_hp_vds_0p05v_raw.txt
PTM,NMOS,45,HP,1.0,0.045,25.0,0.05,-0.08499999999999991,5.218000371302819e-11,low_vds,low_drain_bias,1.0,simulation,ngspice,c9ed2e513523c57a76912a35b2860cb85e4aaa3402b69757d84efa9cc2fb8410,data/raw/ptm45_hp_vds_0p05v_raw.txt
PTM,NMOS,45,HP,1.0,0.045,25.0,0.05,-0.0799999999999999,5.955866428363326e-11,low_vds,low_drain_bias,1.0,simulation,ngspice,c9ed2e513523c57a76912a35b2860cb85e4aaa3402b69757d84efa9cc2fb8410,data/raw/ptm45_hp_vds_0p05v_raw.txt
PTM,NMOS,45,HP,1.0,0.045,25.0,0.05,-0.0749999999999999,6.801206167800156e-11,low_vds,low_drain_bias,1.0,simulation,ngspice,c9ed2e513523c57a76912a35b2860cb85e4aaa3402b69757d84efa9cc2fb8410,data/raw/ptm45_hp_vds_0p05v_raw.txt
PTM,NMOS,45,HP,1.0,0.045,25.0,0.05,-0.0699999999999999,7.769498326361557e-11,low_vds,low_drain_bias,1.0,simulation,ngspice,c9ed2e513523c57a76912a35b2860cb85e4aaa3402b69757d84efa9cc2fb8410,data/raw/ptm45_hp_vds_0p05v_raw.txt
PTM,NMOS,45,HP,1.0,0.045,25.0,0.05,-0.06499999999999989,8.878453112919366e-11,low_vds,low_drain_bias,1.0,simulation,ngspice,c9ed2e513523c57a76912a35b2860cb85e4aaa3402b69757d84efa9cc2fb8410,data/raw/ptm45_hp_vds_0p05v_raw.txt
PTM,NMOS,45,HP,1.0,0.045,25.0,0.05,-0.05999999999999989,1.01483330528479e-10,low_vds,low_drain_bias,1.0,simulation,ngspice,c9ed2e513523c57a76912a35b2860cb85e4aaa3402b69757d84efa9cc2fb8410,data/raw/ptm45_hp_vds_0p05v_raw.txt
PTM,NMOS,45,HP,1.0,0.045,25.0,0.05,-0.0549999999999999,1.160231980575384e-10,low_vds,low_drain_bias,1.0,simulation,ngspice,c9ed2e513523c57a76912a35b2860cb85e4aaa3402b69757d84efa9cc2fb8410,data/raw/ptm45_hp_vds_0p05v_raw.txt
PTM,NMOS,45,HP,1.0,0.045,25.0,0.05,-0.0499999999999999,1.326693350842816e-10,low_vds,low_drain_bias,1.0,simulation,ngspice,c9ed2e513523c57a76912a35b2860cb85e4aaa3402b69757d84efa9cc2fb8410,data/raw/ptm45_hp_vds_0p05v_raw.txt
PTM,NMOS,45,HP,1.0,0.045,25.0,0.05,-0.0449999999999999,1.529944548236994e-10,low_vds,low_drain_bias,1.0,simulation,ngspice,c9ed2e513523c57a76912a35b2860cb85e4aaa3402b69757d84efa9cc2fb8410,data/raw/ptm45_hp_vds_0p05v_raw.txt
PTM,NMOS,45,HP,1.0,0.045,25.0,0.05,-0.0399999999999999,1.749897216763041e-10,low_vds,low_drain_bias,1.0,simulation,ngspice,c9ed2e513523c57a76912a35b2860cb85e4aaa3402b69757d84efa9cc2fb8410,data/raw/ptm45_hp_vds_0p05v_raw.txt
PTM,NMOS,45,HP,1.0,0.045,25.0,0.05,-0.03499999999999991,2.00164917937679e-10,low_vds,low_drain_bias,1.0,simulation,ngspice,c9ed2e513523c57a76912a35b2860cb85e4aaa3402b69757d84efa9cc2fb8410,data/raw/ptm45_hp_vds_0p05v_raw.txt
PTM,NMOS,45,HP,1.0,0.045,25.0,0.05,-0.02999999999999991,2.28977839647221e-10,low_vds,low_drain_bias,1.0,simulation,ngspice,c9ed2e513523c57a76912a35b2860cb85e4aaa3402b69757d84efa9cc2fb8410,data/raw/ptm45_hp_vds_0p05v_raw.txt
PTM,NMOS,45,HP,1.0,0.045,25.0,0.05,-0.0249999999999999,2.619520691338697e-10,low_vds,low_drain_bias,1.0,simulation,ngspice,c9ed2e513523c57a76912a35b2860cb85e4aaa3402b69757d84efa9cc2fb8410,data/raw/ptm45_hp_vds_0p05v_raw.txt
PTM,NMOS,45,HP,1.0,0.045,25.0,0.05,-0.0199999999999999,2.996863911222594e-10,low_vds,low_drain_bias,1.0,simulation,ngspice,c9ed2e513523c57a76912a35b2860cb85e4aaa3402b69757d84efa9cc2fb8410,data/raw/ptm45_hp_vds_0p05v_raw.txt
PTM,NMOS,45,HP,1.0,0.045,25.0,0.05,-0.0149999999999999,3.428655485526335e-10,low_vds,low_drain_bias,1.0,simulation,ngspice,c9ed2e513523c57a76912a35b2860cb85e4aaa3402b69757d84efa9cc2fb8410,data/raw/ptm45_hp_vds_0p05v_raw.txt
PTM,NMOS,45,HP,1.0,0.045,25.0,0.05,-0.009999999999999901,3.922725269509782e-10,low_vds,low_drain_bias,1.0,simulation,ngspice,c9ed2e513523c57a76912a35b2860cb85e4aaa3402b69757d84efa9cc2fb8410,data/raw/ptm45_hp_vds_0p05v_raw.txt
PTM,NMOS,45,HP,1.0,0.045,25.0,0.05,-0.004999999999999901,4.48802582413186e-10,low_vds,low_drain_bias,1.0,simulation,ngspice,c9ed2e513523c57a76912a35b2860cb85e4aaa3402b69757d84efa9cc2fb8410,data/raw/ptm45_hp_vds_0p05v_raw.txt
PTM,NMOS,45,HP,1.0,0.045,25.0,0.05,9.8879238130678e-17,5.134792580490945e-10,low_vds,low_drain_bias,1.0,simulation,ngspice,c9ed2e513523c57a76912a35b2860cb85e4aaa3402b69757d84efa9cc2fb8410,data/raw/ptm45_hp_vds_0p05v_raw.txt
PTM,NMOS,45,HP,1.0,0.045,25.0,0.05,0.005000000000000099,5.874726675353982e-10,low_vds,low_drain_bias,1.0,simulation,ngspice,c9ed2e513523c57a76912a35b2860cb85e4aaa3402b69757d84efa9cc2fb8410,data/raw/ptm45_hp_vds_0p05v_raw.txt
PTM,NMOS,45,HP,1.0,0.045,25.0,0.05,0.0100000000000001,6.72120362769271e-10,low_vds,low_drain_bias,1.0,simulation,ngspice,c9ed2e513523c57a76912a35b2860cb85e4aaa3402b69757d84efa9cc2fb8410,data/raw/ptm45_hp_vds_0p05v_raw.txt
PTM,NMOS,45,HP,1.0,0.045,25.0,0.05,0.0150000000000001,7.68951146078872e-10,low_vds,low_drain_bias,1.0,simulation,ngspice,c9ed2e513523c57a76912a35b2860cb85e4aaa3402b69757d84efa9cc2fb8410,data/raw/ptm45_hp_vds_0p05v_raw.txt
PTM,NMOS,45,HP,1.0,0.045,25.0,0.05,0.0200000000000001,8.797122366812358e-10,low_vds,low_drain_bias,1.0,simulation,ngspice,c9ed2e513523c57a76912a35b2860cb85e4aaa3402b69757d84efa9cc2fb8410,data/raw/ptm45_hp_vds_0p05v_raw.txt
PTM,NMOS,45,HP,1.0,0.045,25.0,0.05,0.0250000000000001,1.006400256814e-09,low_vds,low_drain_bias,1.0,simulation,ngspice,c9ed2e513523c57a76912a35b2860cb85e4aaa3402b69757d84efa9cc2fb8410,data/raw/ptm45_hp_vds_0p05v_raw.txt
PTM,NMOS,45,HP,1.0,0.045,25.0,0.05,0.0300000000000001,1.151296566002834e-09,low_vds,low_drain_bias,1.0,simulation,ngspice,c9ed2e513523c57a76912a35b2860cb85e4aaa3402b69757d84efa9cc2fb8410,data/raw/ptm45_hp_vds_0p05v_raw.txt
PTM,NMOS,45,HP,1.0,0.045,25.0,0.05,0.0350000000000001,1.317007543167646e-09,low_vds,low_drain_bias,1.0,simulation,ngspice,c9ed2e513523c57a76912a35b2860cb85e4aaa3402b69757d84efa9cc2fb8410,data/raw/ptm45_hp_vds_0p05v_raw.txt
PTM,NMOS,45,HP,1.0,0.045,25.0,0.05,0.0400000000000001,1.506510496705877e-09,low_vds,low_drain_bias,1.0,simulation,ngspice,c9ed2e513523c57a76912a35b2860cb85e4aaa3402b69757d84efa9cc2fb8410,data/raw/ptm45_hp_vds_0p05v_raw.txt
PTM,NMOS,45,HP,1.0,0.045,25.0,0.05,0.0450000000000001,1.723205973422344e-09,low_vds,low_drain_bias,1.0,simulation,ngspice,c9ed2e513523c57a76912a35b2860cb85e4aaa3402b69757d84efa9cc2fb8410,data/raw/ptm45_hp_vds_0p05v_raw.txt
PTM,NMOS,45,HP,1.0,0.045,25.0,0.05,0.05000000000000009,1.970977339405866e-09,low_vds,low_drain_bias,1.0,simulation,ngspice,c9ed2e513523c57a76912a35b2860cb85e4aaa3402b69757d84efa9cc2fb8410,data/raw/ptm45_hp_vds_0p05v_raw.txt
PTM,NMOS,45,HP,1.0,0.045,25.0,0.05,0.05500000000000009,2.254258621026137e-09,low_vds,low_drain_bias,1.0,simulation,ngspice,c9ed2e513523c57a76912a35b2860cb85e4aaa3402b69757d84efa9cc2fb8410,data/raw/ptm45_hp_vds_0p05v_raw.txt
PTM,NMOS,45,HP,1.0,0.045,25.0,0.05,0.06000000000000009,2.578111723571851e-09,low_vds,low_drain_bias,1.0,simulation,ngspice,c9ed2e513523c57a76912a35b2860cb85e4aaa3402b69757d84efa9cc2fb8410,data/raw/ptm45_hp_vds_0p05v_raw.txt
PTM,NMOS,45,HP,1.0,0.045,25.0,0.05,0.06500000000000009,2.94831429028592e-09,low_vds,low_drain_bias,1.0,simulation,ngspice,c9ed2e513523c57a76912a35b2860cb85e4aaa3402b69757d84efa9cc2fb8410,data/raw/ptm45_hp_vds_0p05v_raw.txt
PTM,NMOS,45,HP,1.0,0.045,25.0,0.05,0.07000000000000009,3.371459627362289e-09,low_vds,low_drain_bias,1.0,simulation,ngspice,c9ed2e513523c57a76912a35b2860cb85e4aaa3402b69757d84efa9cc2fb8410,data/raw/ptm45_hp_vds_0p05v_raw.txt
PTM,NMOS,45,HP,1.0,0.045,25.0,0.05,0.0750000000000001,3.855070302738995e-09,low_vds,low_drain_bias,1.0,simulation,ngspice,c9ed2e513523c57a76912a35b2860cb85e4aaa3402b69757d84efa9cc2fb8410,data/raw/ptm45_hp_vds_0p05v_raw.txt
PTM,NMOS,45,HP,1.0,0.045,25.0,0.05,0.0800000000000001,4.407727230213791e-09,low_vds,low_drain_bias,1.0,simulation,ngspice,c9ed2e513523c57a76912a35b2860cb85e4aaa3402b69757d84efa9cc2fb8410,data/raw/ptm45_hp_vds_0p05v_raw.txt
PTM,NMOS,45,HP,1.0,0.045,25.0,0.05,0.0850000000000001,5.039216277667099e-09,low_vds,low_drain_bias,1.0,simulation,ngspice,c9ed2e513523c57a76912a35b2860cb85e4aaa3402b69757d84efa9cc2fb8410,data/raw/ptm45_hp_vds_0p05v_raw.txt
PTM,NMOS,45,HP,1.0,0.045,25.0,0.05,0.09000000000000011,5.760694691229241e-09,low_vds,low_drain_bias,1.0,simulation,ngspice,c9ed2e513523c57a76912a35b2860cb85e4aaa3402b69757d84efa9cc2fb8410,data/raw/ptm45_hp_vds_0p05v_raw.txt
PTM,NMOS,45,HP,1.0,0.045,25.0,0.05,0.09500000000000011,6.584879908434141e-09,low_vds,low_drain_bias,1.0,simulation,ngspice,c9ed2e513523c57a76912a35b2860cb85e4aaa3402b69757d84efa9cc2fb8410,data/raw/ptm45_hp_vds_0p05v_raw.txt
PTM,NMOS,45,HP,1.0,0.045,25.0,0.05,0.1000000000000001,7.526263645198408e-09,low_vds,low_drain_bias,1.0,simulation,ngspice,c9ed2e513523c57a76912a35b2860cb85e4aaa3402b69757d84efa9cc2fb8410,data/raw/ptm45_hp_vds_0p05v_raw.txt
PTM,NMOS,45,HP,1.0,0.045,25.0,0.05,0.1050000000000001,8.601354486345744e-09,low_vds,low_drain_bias,1.0,simulation,ngspice,c9ed2e513523c57a76912a35b2860cb85e4aaa3402b69757d84efa9cc2fb8410,data/raw/ptm45_hp_vds_0p05v_raw.txt
PTM,NMOS,45,HP,1.0,0.045,25.0,0.05,0.1100000000000001,9.8289525898808e-09,low_vds,low_drain_bias,1.0,simulation,ngspice,c9ed2e513523c57a76912a35b2860cb85e4aaa3402b69757d84efa9cc2fb8410,data/raw/ptm45_hp_vds_0p05v_raw.txt
PTM,NMOS,45,HP,1.0,0.045,25.0,0.05,0.1150000000000001,1.123046053380302e-08,low_vds,low_drain_bias,1.0,simulation,ngspice,c9ed2e513523c57a76912a35b2860cb85e4aaa3402b69757d84efa9cc2fb8410,data/raw/ptm45_hp_vds_0p05v_raw.txt
PTM,NMOS,45,HP,1.0,0.045,25.0,0.05,0.1200000000000001,1.2830234793304e-08,low_vds,low_drain_bias,1.0,simulation,ngspice,c9ed2e513523c57a76912a35b2860cb85e4aaa3402b69757d84efa9cc2fb8410,data/raw/ptm45_hp_vds_0p05v_raw.txt
PTM,NMOS,45,HP,1.0,0.045,25.0,0.05,0.1250000000000001,1.465598283798012e-08,low_vds,low_drain_bias,1.0,simulation,ngspice,c9ed2e513523c57a76912a35b2860cb85e4aaa3402b69757d84efa9cc2fb8410,data/raw/ptm45_hp_vds_0p05v_raw.txt
PTM,NMOS,45,HP,1.0,0.045,25.0,0.05,0.1300000000000001,1.673921138513451e-08,low_vds,low_drain_bias,1.0,simulation,ngspice,c9ed2e513523c57a76912a35b2860cb85e4aaa3402b69757d84efa9cc2fb8410,data/raw/ptm45_hp_vds_0p05v_raw.txt
PTM,NMOS,45,HP,1.0,0.045,25.0,0.05,0.1350000000000001,1.911573193794266e-08,low_vds,low_drain_bias,1.0,simulation,ngspice,c9ed2e513523c57a76912a35b2860cb85e4aaa3402b69757d84efa9cc2fb8410,data/raw/ptm45_hp_vds_0p05v_raw.txt
PTM,NMOS,45,HP,1.0,0.045,25.0,0.05,0.1400000000000002,2.18262303772961e-08,low_vds,low_drain_bias,1.0,simulation,ngspice,c9ed2e513523c57a76912a35b2860cb85e4aaa3402b69757d84efa9cc2fb8410,data/raw/ptm45_hp_vds_0p05v_raw.txt
PTM,NMOS,45,HP,1.0,0.045,25.0,0.05,0.1450000000000002,2.491690806388446e-08,low_vds,low_drain_bias,1.0,simulation,ngspice,c9ed2e513523c57a76912a35b2860cb85e4aaa3402b69757d84efa9cc2fb8410,data/raw/ptm45_hp_vds_0p05v_raw.txt
PTM,NMOS,45,HP,1.0,0.045,25.0,0.05,0.1500000000000002,2.844020264214844e-08,low_vds,low_drain_bias,1.0,simulation,ngspice,c9ed2e513523c57a76912a35b2860cb85e4aaa3402b69757d84efa9cc2fb8410,data/raw/ptm45_hp_vds_0p05v_raw.txt
PTM,NMOS,45,HP,1.0,0.045,25.0,0.05,0.1550000000000002,3.245559751860601e-08,low_vds,low_drain_bias,1.0,simulation,ngspice,c9ed2e513523c57a76912a35b2860cb85e4aaa3402b69757d84efa9cc2fb8410,data/raw/ptm45_hp_vds_0p05v_raw.txt
PTM,NMOS,45,HP,1.0,0.045,25.0,0.05,0.1600000000000002,3.703052981102655e-08,low_vds,low_drain_bias,1.0,simulation,ngspice,c9ed2e513523c57a76912a35b2860cb85e4aaa3402b69757d84efa9cc2fb8410,data/raw/ptm45_hp_vds_0p05v_raw.txt
PTM,NMOS,45,HP,1.0,0.045,25.0,0.05,0.1650000000000002,4.224140742771773e-08,low_vds,low_drain_bias,1.0,simulation,ngspice,c9ed2e513523c57a76912a35b2860cb85e4aaa3402b69757d84efa9cc2fb8410,data/raw/ptm45_hp_vds_0p05v_raw.txt
PTM,NMOS,45,HP,1.0,0.045,25.0,0.05,0.1700000000000002,4.81747468318556e-08,low_vds,low_drain_bias,1.0,simulation,ngspice,c9ed2e513523c57a76912a35b2860cb85e4aaa3402b69757d84efa9cc2fb8410,data/raw/ptm45_hp_vds_0p05v_raw.txt
PTM,NMOS,45,HP,1.0,0.045,25.0,0.05,0.1750000000000002,5.492844396617376e-08,low_vds,low_drain_bias,1.0,simulation,ngspice,c9ed2e513523c57a76912a35b2860cb85e4aaa3402b69757d84efa9cc2fb8410,data/raw/ptm45_hp_vds_0p05v_raw.txt
PTM,NMOS,45,HP,1.0,0.045,25.0,0.05,0.1800000000000002,6.261319174817831e-08,low_vds,low_drain_bias,1.0,simulation,ngspice,c9ed2e513523c57a76912a35b2860cb85e4aaa3402b69757d84efa9cc2fb8410,data/raw/ptm45_hp_vds_0p05v_raw.txt
PTM,NMOS,45,HP,1.0,0.045,25.0,0.05,0.1850000000000002,7.13540584820546e-08,low_vds,low_drain_bias,1.0,simulation,ngspice,c9ed2e513523c57a76912a35b2860cb85e4aaa3402b69757d84efa9cc2fb8410,data/raw/ptm45_hp_vds_0p05v_raw.txt
PTM,NMOS,45,HP,1.0,0.045,25.0,0.05,0.1900000000000002,8.129224245400565e-08,low_vds,low_drain_bias,1.0,simulation,ngspice,c9ed2e513523c57a76912a35b2860cb85e4aaa3402b69757d84efa9cc2fb8410,data/raw/ptm45_hp_vds_0p05v_raw.txt
PTM,NMOS,45,HP,1.0,0.045,25.0,0.05,0.1950000000000002,9.258701886107595e-08,low_vds,low_drain_bias,1.0,simulation,ngspice,c9ed2e513523c57a76912a35b2860cb85e4aaa3402b69757d84efa9cc2fb8410,data/raw/ptm45_hp_vds_0p05v_raw.txt
PTM,NMOS,45,HP,1.0,0.045,25.0,0.05,0.2000000000000002,1.054178960395562e-07,low_vds,low_drain_bias,1.0,simulation,ngspice,c9ed2e513523c57a76912a35b2860cb85e4aaa3402b69757d84efa9cc2fb8410,data/raw/ptm45_hp_vds_0p05v_raw.txt
PTM,NMOS,45,HP,1.0,0.045,25.0,0.05,0.2050000000000002,1.199869986779013e-07,low_vds,low_drain_bias,1.0,simulation,ngspice,c9ed2e513523c57a76912a35b2860cb85e4aaa3402b69757d84efa9cc2fb8410,data/raw/ptm45_hp_vds_0p05v_raw.txt
PTM,NMOS,45,HP,1.0,0.045,25.0,0.05,0.2100000000000002,1.365216964815946e-07,low_vds,low_drain_bias,1.0,simulation,ngspice,c9ed2e513523c57a76912a35b2860cb85e4aaa3402b69757d84efa9cc2fb8410,data/raw/ptm45_hp_vds_0p05v_raw.txt
PTM,NMOS,45,HP,1.0,0.045,25.0,0.05,0.2150000000000002,1.552774982531361e-07,low_vds,low_drain_bias,1.0,simulation,ngspice,c9ed2e513523c57a76912a35b2860cb85e4aaa3402b69757d84efa9cc2fb8410,data/raw/ptm45_hp_vds_0p05v_raw.txt
PTM,NMOS,45,HP,1.0,0.045,25.0,0.05,0.2200000000000002,1.765412306591291e-07,low_vds,low_drain_bias,1.0,simulation,ngspice,c9ed2e513523c57a76912a35b2860cb85e4aaa3402b69757d84efa9cc2fb8410,data/raw/ptm45_hp_vds_0p05v_raw.txt
PTM,NMOS,45,HP,1.0,0.045,25.0,0.05,0.2250000000000002,2.006345175655628e-07,low_vds,low_drain_bias,1.0,simulation,ngspice,c9ed2e513523c57a76912a35b2860cb85e4aaa3402b69757d84efa9cc2fb8410,data/raw/ptm45_hp_vds_0p05v_raw.txt
PTM,NMOS,45,HP,1.0,0.045,25.0,0.05,0.2300000000000002,2.279175812799406e-07,low_vds,low_drain_bias,1.0,simulation,ngspice,c9ed2e513523c57a76912a35b2860cb85e4aaa3402b69757d84efa9cc2fb8410,data/raw/ptm45_hp_vds_0p05v_raw.txt
PTM,NMOS,45,HP,1.0,0.045,25.0,0.05,0.2350000000000002,2.587933862780763e-07,low_vds,low_drain_bias,1.0,simulation,ngspice,c9ed2e513523c57a76912a35b2860cb85e4aaa3402b69757d84efa9cc2fb8410,data/raw/ptm45_hp_vds_0p05v_raw.txt
PTM,NMOS,45,HP,1.0,0.045,25.0,0.05,0.2400000000000002,2.937121423373582e-07,low_vds,low_drain_bias,1.0,simulation,ngspice,c9ed2e513523c57a76912a35b2860cb85e4aaa3402b69757d84efa9cc2fb8410,data/raw/ptm45_hp_vds_0p05v_raw.txt
PTM,NMOS,45,HP,1.0,0.045,25.0,0.05,0.2450000000000002,3.331761836467949e-07,low_vds,low_drain_bias,1.0,simulation,ngspice,c9ed2e513523c57a76912a35b2860cb85e4aaa3402b69757d84efa9cc2fb8410,data/raw/ptm45_hp_vds_0p05v_raw.txt
PTM,NMOS,45,HP,1.0,0.045,25.0,0.05,0.2500000000000002,3.777452391631503e-07,low_vds,low_drain_bias,1.0,simulation,ngspice,c9ed2e513523c57a76912a35b2860cb85e4aaa3402b69757d84efa9cc2fb8410,data/raw/ptm45_hp_vds_0p05v_raw.txt
PTM,NMOS,45,HP,1.0,0.045,25.0,0.05,0.2550000000000002,4.280421072831196e-07,low_vds,low_drain_bias,1.0,simulation,ngspice,c9ed2e513523c57a76912a35b2860cb85e4aaa3402b69757d84efa9cc2fb8410,data/raw/ptm45_hp_vds_0p05v_raw.txt
PTM,NMOS,45,HP,1.0,0.045,25.0,0.05,0.2600000000000002,4.847587450672441e-07,low_vds,low_drain_bias,1.0,simulation,ngspice,c9ed2e513523c57a76912a35b2860cb85e4aaa3402b69757d84efa9cc2fb8410,data/raw/ptm45_hp_vds_0p05v_raw.txt
PTM,NMOS,45,HP,1.0,0.045,25.0,0.05,0.2650000000000002,5.48662778699769e-07,low_vds,low_drain_bias,1.0,simulation,ngspice,c9ed2e513523c57a76912a35b2860cb85e4aaa3402b69757d84efa9cc2fb8410,data/raw/ptm45_hp_vds_0p05v_raw.txt
PTM,NMOS,45,HP,1.0,0.045,25.0,0.05,0.2700000000000002,6.206044374595788e-07,low_vds,low_drain_bias,1.0,simulation,ngspice,c9ed2e513523c57a76912a35b2860cb85e4aaa3402b69757d84efa9cc2fb8410,data/raw/ptm45_hp_vds_0p05v_raw.txt
PTM,NMOS,45,HP,1.0,0.045,25.0,0.05,0.2750000000000002,7.01523908035942e-07,low_vds,low_drain_bias,1.0,simulation,ngspice,c9ed2e513523c57a76912a35b2860cb85e4aaa3402b69757d84efa9cc2fb8410,data/raw/ptm45_hp_vds_0p05v_raw.txt
PTM,NMOS,45,HP,1.0,0.045,25.0,0.05,0.2800000000000002,7.924590993285468e-07,low_vds,low_drain_bias,1.0,simulation,ngspice,c9ed2e513523c57a76912a35b2860cb85e4aaa3402b69757d84efa9cc2fb8410,data/raw/ptm45_hp_vds_0p05v_raw.txt
PTM,NMOS,45,HP,1.0,0.045,25.0,0.05,0.2850000000000003,8.945537996408587e-07,low_vds,low_drain_bias,1.0,simulation,ngspice,c9ed2e513523c57a76912a35b2860cb85e4aaa3402b69757d84efa9cc2fb8410,data/raw/ptm45_hp_vds_0p05v_raw.txt
PTM,NMOS,45,HP,1.0,0.045,25.0,0.05,0.2900000000000003,1.00906619804963e-06,low_vds,low_drain_bias,1.0,simulation,ngspice,c9ed2e513523c57a76912a35b2860cb85e4aaa3402b69757d84efa9cc2fb8410,data/raw/ptm45_hp_vds_0p05v_raw.txt
PTM,NMOS,45,HP,1.0,0.045,25.0,0.05,0.2950000000000003,1.137377729260765e-06,low_vds,low_drain_bias,1.0,simulation,ngspice,c9ed2e513523c57a76912a35b2860cb85e4aaa3402b69757d84efa9cc2fb8410,data/raw/ptm45_hp_vds_0p05v_raw.txt
PTM,NMOS,45,HP,1.0,0.045,25.0,0.05,0.3000000000000003,1.281002185890742e-06,low_vds,low_drain_bias,1.0,simulation,ngspice,c9ed2e513523c57a76912a35b2860cb85e4aaa3402b69757d84efa9cc2fb8410,data/raw/ptm45_hp_vds_0p05v_raw.txt
PTM,NMOS,45,HP,1.0,0.045,25.0,0.05,0.3050000000000003,1.441595023185789e-06,low_vds,low_drain_bias,1.0,simulation,ngspice,c9ed2e513523c57a76912a35b2860cb85e4aaa3402b69757d84efa9cc2fb8410,data/raw/ptm45_hp_vds_0p05v_raw.txt
PTM,NMOS,45,HP,1.0,0.045,25.0,0.05,0.3100000000000003,1.620962757951348e-06,low_vds,low_drain_bias,1.0,simulation,ngspice,c9ed2e513523c57a76912a35b2860cb85e4aaa3402b69757d84efa9cc2fb8410,data/raw/ptm45_hp_vds_0p05v_raw.txt
PTM,NMOS,45,HP,1.0,0.045,25.0,0.05,0.3150000000000003,1.821072335079729e-06,low_vds,low_drain_bias,1.0,simulation,ngspice,c9ed2e513523c57a76912a35b2860cb85e4aaa3402b69757d84efa9cc2fb8410,data/raw/ptm45_hp_vds_0p05v_raw.txt
PTM,NMOS,45,HP,1.0,0.045,25.0,0.05,0.3200000000000003,2.044060300672396e-06,low_vds,low_drain_bias,1.0,simulation,ngspice,c9ed2e513523c57a76912a35b2860cb85e4aaa3402b69757d84efa9cc2fb8410,data/raw/ptm45_hp_vds_0p05v_raw.txt
PTM,NMOS,45,HP,1.0,0.045,25.0,0.05,0.3250000000000003,2.292241579538364e-06,low_vds,low_drain_bias,1.0,simulation,ngspice,c9ed2e513523c57a76912a35b2860cb85e4aaa3402b69757d84efa9cc2fb8410,data/raw/ptm45_hp_vds_0p05v_raw.txt
PTM,NMOS,45,HP,1.0,0.045,25.0,0.05,0.3300000000000003,2.568117606153702e-06,low_vds,low_drain_bias,1.0,simulation,ngspice,c9ed2e513523c57a76912a35b2860cb85e4aaa3402b69757d84efa9cc2fb8410,data/raw/ptm45_hp_vds_0p05v_raw.txt
PTM,NMOS,45,HP,1.0,0.045,25.0,0.05,0.3350000000000003,2.874383501637691e-06,low_vds,low_drain_bias,1.0,simulation,ngspice,c9ed2e513523c57a76912a35b2860cb85e4aaa3402b69757d84efa9cc2fb8410,data/raw/ptm45_hp_vds_0p05v_raw.txt
PTM,NMOS,45,HP,1.0,0.045,25.0,0.05,0.3400000000000003,3.213933925093163e-06,low_vds,low_drain_bias,1.0,simulation,ngspice,c9ed2e513523c57a76912a35b2860cb85e4aaa3402b69757d84efa9cc2fb8410,data/raw/ptm45_hp_vds_0p05v_raw.txt
PTM,NMOS,45,HP,1.0,0.045,25.0,0.05,0.3450000000000003,3.589867156657014e-06,low_vds,low_drain_bias,1.0,simulation,ngspice,c9ed2e513523c57a76912a35b2860cb85e4aaa3402b69757d84efa9cc2fb8410,data/raw/ptm45_hp_vds_0p05v_raw.txt
PTM,NMOS,45,HP,1.0,0.045,25.0,0.05,0.3500000000000003,4.005486746345318e-06,low_vds,low_drain_bias,1.0,simulation,ngspice,c9ed2e513523c57a76912a35b2860cb85e4aaa3402b69757d84efa9cc2fb8410,data/raw/ptm45_hp_vds_0p05v_raw.txt
PTM,NMOS,45,HP,1.0,0.045,25.0,0.05,0.3550000000000003,4.464299884379594e-06,low_vds,low_drain_bias,1.0,simulation,ngspice,c9ed2e513523c57a76912a35b2860cb85e4aaa3402b69757d84efa9cc2fb8410,data/raw/ptm45_hp_vds_0p05v_raw.txt
PTM,NMOS,45,HP,1.0,0.045,25.0,0.05,0.3600000000000003,4.970013877354044e-06,low_vds,low_drain_bias,1.0,simulation,ngspice,c9ed2e513523c57a76912a35b2860cb85e4aaa3402b69757d84efa9cc2fb8410,data/raw/ptm45_hp_vds_0p05v_raw.txt
PTM,NMOS,45,HP,1.0,0.045,25.0,0.05,0.3650000000000003,5.526526822895607e-06,low_vds,low_drain_bias,1.0,simulation,ngspice,c9ed2e513523c57a76912a35b2860cb85e4aaa3402b69757d84efa9cc2fb8410,data/raw/ptm45_hp_vds_0p05v_raw.txt
PTM,NMOS,45,HP,1.0,0.045,25.0,0.05,0.3700000000000003,6.137913511454419e-06,low_vds,low_drain_bias,1.0,simulation,ngspice,c9ed2e513523c57a76912a35b2860cb85e4aaa3402b69757d84efa9cc2fb8410,data/raw/ptm45_hp_vds_0p05v_raw.txt
PTM,NMOS,45,HP,1.0,0.045,25.0,0.05,0.3750000000000003,6.808405532977283e-06,low_vds,low_drain_bias,1.0,simulation,ngspice,c9ed2e513523c57a76912a35b2860cb85e4aaa3402b69757d84efa9cc2fb8410,data/raw/ptm45_hp_vds_0p05v_raw.txt
PTM,NMOS,45,HP,1.0,0.045,25.0,0.05,0.3800000000000003,7.542364712209429e-06,low_vds,low_drain_bias,1.0,simulation,ngspice,c9ed2e513523c57a76912a35b2860cb85e4aaa3402b69757d84efa9cc2fb8410,data/raw/ptm45_hp_vds_0p05v_raw.txt
PTM,NMOS,45,HP,1.0,0.045,25.0,0.05,0.3850000000000003,8.344249149020456e-06,low_vds,low_drain_bias,1.0,simulation,ngspice,c9ed2e513523c57a76912a35b2860cb85e4aaa3402b69757d84efa9cc2fb8410,data/raw/ptm45_hp_vds_0p05v_raw.txt
PTM,NMOS,45,HP,1.0,0.045,25.0,0.05,0.3900000000000003,9.218571267058842e-06,low_vds,low_drain_bias,1.0,simulation,ngspice,c9ed2e513523c57a76912a35b2860cb85e4aaa3402b69757d84efa9cc2fb8410,data/raw/ptm45_hp_vds_0p05v_raw.txt
PTM,NMOS,45,HP,1.0,0.045,25.0,0.05,0.3950000000000004,1.016984747146978e-05,low_vds,low_drain_bias,1.0,simulation,ngspice,c9ed2e513523c57a76912a35b2860cb85e4aaa3402b69757d84efa9cc2fb8410,data/raw/ptm45_hp_vds_0p05v_raw.txt
PTM,NMOS,45,HP,1.0,0.045,25.0,0.05,0.4000000000000004,1.120253929089014e-05,low_vds,low_drain_bias,1.0,simulation,ngspice,c9ed2e513523c57a76912a35b2860cb85e4aaa3402b69757d84efa9cc2fb8410,data/raw/ptm45_hp_vds_0p05v_raw.txt
PTM,NMOS,45,HP,1.0,0.045,25.0,0.05,0.4050000000000004,1.232098623203814e-05,low_vds,low_drain_bias,1.0,simulation,ngspice,c9ed2e513523c57a76912a35b2860cb85e4aaa3402b69757d84efa9cc2fb8410,data/raw/ptm45_hp_vds_0p05v_raw.txt
PTM,NMOS,45,HP,1.0,0.045,25.0,0.05,0.4100000000000004,1.352933100182617e-05,low_vds,low_drain_bias,1.0,simulation,ngspice,c9ed2e513523c57a76912a35b2860cb85e4aaa3402b69757d84efa9cc2fb8410,data/raw/ptm45_hp_vds_0p05v_raw.txt
PTM,NMOS,45,HP,1.0,0.045,25.0,0.05,0.4150000000000004,1.483143823862635e-05,low_vds,low_drain_bias,1.0,simulation,ngspice,c9ed2e513523c57a76912a35b2860cb85e4aaa3402b69757d84efa9cc2fb8410,data/raw/ptm45_hp_vds_0p05v_raw.txt
PTM,NMOS,45,HP,1.0,0.045,25.0,0.05,0.4200000000000004,1.623080841842988e-05,low_vds,low_drain_bias,1.0,simulation,ngspice,c9ed2e513523c57a76912a35b2860cb85e4aaa3402b69757d84efa9cc2fb8410,data/raw/ptm45_hp_vds_0p05v_raw.txt
PTM,NMOS,45,HP,1.0,0.045,25.0,0.05,0.4250000000000004,1.773048913094278e-05,low_vds,low_drain_bias,1.0,simulation,ngspice,c9ed2e513523c57a76912a35b2860cb85e4aaa3402b69757d84efa9cc2fb8410,data/raw/ptm45_hp_vds_0p05v_raw.txt
PTM,NMOS,45,HP,1.0,0.045,25.0,0.05,0.4300000000000004,1.933298641457274e-05,low_vds,low_drain_bias,1.0,simulation,ngspice,c9ed2e513523c57a76912a35b2860cb85e4aaa3402b69757d84efa9cc2fb8410,data/raw/ptm45_hp_vds_0p05v_raw.txt
PTM,NMOS,45,HP,1.0,0.045,25.0,0.05,0.4350000000000004,2.10401792511343e-05,low_vds,low_drain_bias,1.0,simulation,ngspice,c9ed2e513523c57a76912a35b2860cb85e4aaa3402b69757d84efa9cc2fb8410,data/raw/ptm45_hp_vds_0p05v_raw.txt
PTM,NMOS,45,HP,1.0,0.045,25.0,0.05,0.4400000000000004,2.285324060237156e-05,low_vds,low_drain_bias,1.0,simulation,ngspice,c9ed2e513523c57a76912a35b2860cb85e4aaa3402b69757d84efa9cc2fb8410,data/raw/ptm45_hp_vds_0p05v_raw.txt
PTM,NMOS,45,HP,1.0,0.045,25.0,0.05,0.4450000000000004,2.477256847584708e-05,low_vds,low_drain_bias,1.0,simulation,ngspice,c9ed2e513523c57a76912a35b2860cb85e4aaa3402b69757d84efa9cc2fb8410,data/raw/ptm45_hp_vds_0p05v_raw.txt
PTM,NMOS,45,HP,1.0,0.045,25.0,0.05,0.4500000000000004,2.679773040172558e-05,low_vds,low_drain_bias,1.0,simulation,ngspice,c9ed2e513523c57a76912a35b2860cb85e4aaa3402b69757d84efa9cc2fb8410,data/raw/ptm45_hp_vds_0p05v_raw.txt
PTM,NMOS,45,HP,1.0,0.045,25.0,0.05,0.4550000000000004,2.892742436463618e-05,low_vds,low_drain_bias,1.0,simulation,ngspice,c9ed2e513523c57a76912a35b2860cb85e4aaa3402b69757d84efa9cc2fb8410,data/raw/ptm45_hp_vds_0p05v_raw.txt
PTM,NMOS,45,HP,1.0,0.045,25.0,0.05,0.4600000000000004,3.115945866717469e-05,low_vds,low_drain_bias,1.0,simulation,ngspice,c9ed2e513523c57a76912a35b2860cb85e4aaa3402b69757d84efa9cc2fb8410,data/raw/ptm45_hp_vds_0p05v_raw.txt
PTM,NMOS,45,HP,1.0,0.045,25.0,0.05,0.4650000000000004,3.349075242864469e-05,low_vds,low_drain_bias,1.0,simulation,ngspice,c9ed2e513523c57a76912a35b2860cb85e4aaa3402b69757d84efa9cc2fb8410,data/raw/ptm45_hp_vds_0p05v_raw.txt
PTM,NMOS,45,HP,1.0,0.045,25.0,0.05,0.4700000000000004,3.591735749282214e-05,low_vds,low_drain_bias,1.0,simulation,ngspice,c9ed2e513523c57a76912a35b2860cb85e4aaa3402b69757d84efa9cc2fb8410,data/raw/ptm45_hp_vds_0p05v_raw.txt
PTM,NMOS,45,HP,1.0,0.045,25.0,0.05,0.4750000000000004,3.843450150013138e-05,low_vds,low_drain_bias,1.0,simulation,ngspice,c9ed2e513523c57a76912a35b2860cb85e4aaa3402b69757d84efa9cc2fb8410,data/raw/ptm45_hp_vds_0p05v_raw.txt
PTM,NMOS,45,HP,1.0,0.045,25.0,0.05,0.4800000000000004,4.103665085332269e-05,low_vds,low_drain_bias,1.0,simulation,ngspice,c9ed2e513523c57a76912a35b2860cb85e4aaa3402b69757d84efa9cc2fb8410,data/raw/ptm45_hp_vds_0p05v_raw.txt
PTM,NMOS,45,HP,1.0,0.045,25.0,0.05,0.4850000000000004,4.367928364404077e-05,low_vds,low_drain_bias,1.0,simulation,ngspice,c9ed2e513523c57a76912a35b2860cb85e4aaa3402b69757d84efa9cc2fb8410,data/raw/ptm45_hp_vds_0p05v_raw.txt
PTM,NMOS,45,HP,1.0,0.045,25.0,0.05,0.4900000000000004,4.643570453540612e-05,low_vds,low_drain_bias,1.0,simulation,ngspice,c9ed2e513523c57a76912a35b2860cb85e4aaa3402b69757d84efa9cc2fb8410,data/raw/ptm45_hp_vds_0p05v_raw.txt
PTM,NMOS,45,HP,1.0,0.045,25.0,0.05,0.4950000000000004,4.925705962443336e-05,low_vds,low_drain_bias,1.0,simulation,ngspice,c9ed2e513523c57a76912a35b2860cb85e4aaa3402b69757d84efa9cc2fb8410,data/raw/ptm45_hp_vds_0p05v_raw.txt
PTM,NMOS,45,HP,1.0,0.045,25.0,0.05,0.5000000000000004,5.213564732213543e-05,low_vds,low_drain_bias,1.0,simulation,ngspice,c9ed2e513523c57a76912a35b2860cb85e4aaa3402b69757d84efa9cc2fb8410,data/raw/ptm45_hp_vds_0p05v_raw.txt
PTM,NMOS,45,HP,1.0,0.045,25.0,0.05,0.5050000000000004,5.506351612430246e-05,low_vds,low_drain_bias,1.0,simulation,ngspice,c9ed2e513523c57a76912a35b2860cb85e4aaa3402b69757d84efa9cc2fb8410,data/raw/ptm45_hp_vds_0p05v_raw.txt
PTM,NMOS,45,HP,1.0,0.045,25.0,0.05,0.5100000000000005,5.80325821912292e-05,low_vds,low_drain_bias,1.0,simulation,ngspice,c9ed2e513523c57a76912a35b2860cb85e4aaa3402b69757d84efa9cc2fb8410,data/raw/ptm45_hp_vds_0p05v_raw.txt
PTM,NMOS,45,HP,1.0,0.045,25.0,0.05,0.5150000000000005,6.103474239699028e-05,low_vds,low_drain_bias,1.0,simulation,ngspice,c9ed2e513523c57a76912a35b2860cb85e4aaa3402b69757d84efa9cc2fb8410,data/raw/ptm45_hp_vds_0p05v_raw.txt
PTM,NMOS,45,HP,1.0,0.045,25.0,0.05,0.5200000000000005,6.406197978793975e-05,low_vds,low_drain_bias,1.0,simulation,ngspice,c9ed2e513523c57a76912a35b2860cb85e4aaa3402b69757d84efa9cc2fb8410,data/raw/ptm45_hp_vds_0p05v_raw.txt
PTM,NMOS,45,HP,1.0,0.045,25.0,0.05,0.5250000000000005,6.710645903596666e-05,low_vds,low_drain_bias,1.0,simulation,ngspice,c9ed2e513523c57a76912a35b2860cb85e4aaa3402b69757d84efa9cc2fb8410,data/raw/ptm45_hp_vds_0p05v_raw.txt
PTM,NMOS,45,HP,1.0,0.045,25.0,0.05,0.5300000000000005,7.016061015927888e-05,low_vds,low_drain_bias,1.0,simulation,ngspice,c9ed2e513523c57a76912a35b2860cb85e4aaa3402b69757d84efa9cc2fb8410,data/raw/ptm45_hp_vds_0p05v_raw.txt
PTM,NMOS,45,HP,1.0,0.045,25.0,0.05,0.5350000000000005,7.321719945969998e-05,low_vds,low_drain_bias,1.0,simulation,ngspice,c9ed2e513523c57a76912a35b2860cb85e4aaa3402b69757d84efa9cc2fb8410,data/raw/ptm45_hp_vds_0p05v_raw.txt
PTM,NMOS,45,HP,1.0,0.045,25.0,0.05,0.5400000000000005,7.626938724923763e-05,low_vds,low_drain_bias,1.0,simulation,ngspice,c9ed2e513523c57a76912a35b2860cb85e4aaa3402b69757d84efa9cc2fb8410,data/raw/ptm45_hp_vds_0p05v_raw.txt
PTM,NMOS,45,HP,1.0,0.045,25.0,0.05,0.5450000000000005,7.93107724807502e-05,low_vds,low_drain_bias,1.0,simulation,ngspice,c9ed2e513523c57a76912a35b2860cb85e4aaa3402b69757d84efa9cc2fb8410,data/raw/ptm45_hp_vds_0p05v_raw.txt
PTM,NMOS,45,HP,1.0,0.045,25.0,0.05,0.5500000000000005,8.233542484130765e-05,low_vds,low_drain_bias,1.0,simulation,ngspice,c9ed2e513523c57a76912a35b2860cb85e4aaa3402b69757d84efa9cc2fb8410,data/raw/ptm45_hp_vds_0p05v_raw.txt
PTM,NMOS,45,HP,1.0,0.045,25.0,0.05,0.5550000000000005,8.533790520622065e-05,low_vds,low_drain_bias,1.0,simulation,ngspice,c9ed2e513523c57a76912a35b2860cb85e4aaa3402b69757d84efa9cc2fb8410,data/raw/ptm45_hp_vds_0p05v_raw.txt
PTM,NMOS,45,HP,1.0,0.045,25.0,0.05,0.5600000000000005,8.831327558949688e-05,low_vds,low_drain_bias,1.0,simulation,ngspice,c9ed2e513523c57a76912a35b2860cb85e4aaa3402b69757d84efa9cc2fb8410,data/raw/ptm45_hp_vds_0p05v_raw.txt
PTM,NMOS,45,HP,1.0,0.045,25.0,0.05,0.5650000000000005,9.125709987151687e-05,low_vds,low_drain_bias,1.0,simulation,ngspice,c9ed2e513523c57a76912a35b2860cb85e4aaa3402b69757d84efa9cc2fb8410,data/raw/ptm45_hp_vds_0p05v_raw.txt
PTM,NMOS,45,HP,1.0,0.045,25.0,0.05,0.5700000000000005,9.41654366497031e-05,low_vds,low_drain_bias,1.0,simulation,ngspice,c9ed2e513523c57a76912a35b2860cb85e4aaa3402b69757d84efa9cc2fb8410,data/raw/ptm45_hp_vds_0p05v_raw.txt
PTM,NMOS,45,HP,1.0,0.045,25.0,0.05,0.5750000000000005,9.7034825557491e-05,low_vds,low_drain_bias,1.0,simulation,ngspice,c9ed2e513523c57a76912a35b2860cb85e4aaa3402b69757d84efa9cc2fb8410,data/raw/ptm45_hp_vds_0p05v_raw.txt
PTM,NMOS,45,HP,1.0,0.045,25.0,0.05,0.5800000000000005,9.986226834577266e-05,low_vds,low_drain_bias,1.0,simulation,ngspice,c9ed2e513523c57a76912a35b2860cb85e4aaa3402b69757d84efa9cc2fb8410,data/raw/ptm45_hp_vds_0p05v_raw.txt
PTM,NMOS,45,HP,1.0,0.045,25.0,0.05,0.5850000000000005,0.0001026452059331578,low_vds,low_drain_bias,1.0,simulation,ngspice,c9ed2e513523c57a76912a35b2860cb85e4aaa3402b69757d84efa9cc2fb8410,data/raw/ptm45_hp_vds_0p05v_raw.txt
PTM,NMOS,45,HP,1.0,0.045,25.0,0.05,0.5900000000000005,0.0001053814925193094,low_vds,low_drain_bias,1.0,simulation,ngspice,c9ed2e513523c57a76912a35b2860cb85e4aaa3402b69757d84efa9cc2fb8410,data/raw/ptm45_hp_vds_0p05v_raw.txt
PTM,NMOS,45,HP,1.0,0.045,25.0,0.05,0.5950000000000005,0.0001080693677297732,low_vds,low_drain_bias,1.0,simulation,ngspice,c9ed2e513523c57a76912a35b2860cb85e4aaa3402b69757d84efa9cc2fb8410,data/raw/ptm45_hp_vds_0p05v_raw.txt
PTM,NMOS,45,HP,1.0,0.045,25.0,0.05,0.6000000000000005,0.0001107074276295323,low_vds,low_drain_bias,1.0,simulation,ngspice,c9ed2e513523c57a76912a35b2860cb85e4aaa3402b69757d84efa9cc2fb8410,data/raw/ptm45_hp_vds_0p05v_raw.txt
PTM,NMOS,45,HP,1.0,0.045,25.0,0.05,0.6050000000000005,0.0001132945953126598,low_vds,low_drain_bias,1.0,simulation,ngspice,c9ed2e513523c57a76912a35b2860cb85e4aaa3402b69757d84efa9cc2fb8410,data/raw/ptm45_hp_vds_0p05v_raw.txt
PTM,NMOS,45,HP,1.0,0.045,25.0,0.05,0.6100000000000005,0.0001158300916514622,low_vds,low_drain_bias,1.0,simulation,ngspice,c9ed2e513523c57a76912a35b2860cb85e4aaa3402b69757d84efa9cc2fb8410,data/raw/ptm45_hp_vds_0p05v_raw.txt
PTM,NMOS,45,HP,1.0,0.045,25.0,0.05,0.6150000000000005,0.0001183134066738129,low_vds,low_drain_bias,1.0,simulation,ngspice,c9ed2e513523c57a76912a35b2860cb85e4aaa3402b69757d84efa9cc2fb8410,data/raw/ptm45_hp_vds_0p05v_raw.txt
PTM,NMOS,45,HP,1.0,0.045,25.0,0.05,0.6200000000000006,0.0001207442719338059,low_vds,low_drain_bias,1.0,simulation,ngspice,c9ed2e513523c57a76912a35b2860cb85e4aaa3402b69757d84efa9cc2fb8410,data/raw/ptm45_hp_vds_0p05v_raw.txt
PTM,NMOS,45,HP,1.0,0.045,25.0,0.05,0.6250000000000006,0.0001231226341494615,low_vds,low_drain_bias,1.0,simulation,ngspice,c9ed2e513523c57a76912a35b2860cb85e4aaa3402b69757d84efa9cc2fb8410,data/raw/ptm45_hp_vds_0p05v_raw.txt
PTM,NMOS,45,HP,1.0,0.045,25.0,0.05,0.6300000000000006,0.0001254486303021159,low_vds,low_drain_bias,1.0,simulation,ngspice,c9ed2e513523c57a76912a35b2860cb85e4aaa3402b69757d84efa9cc2fb8410,data/raw/ptm45_hp_vds_0p05v_raw.txt
PTM,NMOS,45,HP,1.0,0.045,25.0,0.05,0.6350000000000006,0.0001277225643250604,low_vds,low_drain_bias,1.0,simulation,ngspice,c9ed2e513523c57a76912a35b2860cb85e4aaa3402b69757d84efa9cc2fb8410,data/raw/ptm45_hp_vds_0p05v_raw.txt
PTM,NMOS,45,HP,1.0,0.045,25.0,0.05,0.6400000000000006,0.0001299448854531429,low_vds,low_drain_bias,1.0,simulation,ngspice,c9ed2e513523c57a76912a35b2860cb85e4aaa3402b69757d84efa9cc2fb8410,data/raw/ptm45_hp_vds_0p05v_raw.txt
PTM,NMOS,45,HP,1.0,0.045,25.0,0.05,0.6450000000000006,0.0001321161682595349,low_vds,low_drain_bias,1.0,simulation,ngspice,c9ed2e513523c57a76912a35b2860cb85e4aaa3402b69757d84efa9cc2fb8410,data/raw/ptm45_hp_vds_0p05v_raw.txt
PTM,NMOS,45,HP,1.0,0.045,25.0,0.05,0.6500000000000006,0.0001342370943695122,low_vds,low_drain_bias,1.0,simulation,ngspice,c9ed2e513523c57a76912a35b2860cb85e4aaa3402b69757d84efa9cc2fb8410,data/raw/ptm45_hp_vds_0p05v_raw.txt
PTM,NMOS,45,HP,1.0,0.045,25.0,0.05,0.6550000000000006,0.000136308435812862,low_vds,low_drain_bias,1.0,simulation,ngspice,c9ed2e513523c57a76912a35b2860cb85e4aaa3402b69757d84efa9cc2fb8410,data/raw/ptm45_hp_vds_0p05v_raw.txt
PTM,NMOS,45,HP,1.0,0.045,25.0,0.05,0.6600000000000006,0.0001383310399551863,low_vds,low_drain_bias,1.0,simulation,ngspice,c9ed2e513523c57a76912a35b2860cb85e4aaa3402b69757d84efa9cc2fb8410,data/raw/ptm45_hp_vds_0p05v_raw.txt
PTM,NMOS,45,HP,1.0,0.045,25.0,0.05,0.6650000000000006,0.0001403058159329912,low_vds,low_drain_bias,1.0,simulation,ngspice,c9ed2e513523c57a76912a35b2860cb85e4aaa3402b69757d84efa9cc2fb8410,data/raw/ptm45_hp_vds_0p05v_raw.txt
PTM,NMOS,45,HP,1.0,0.045,25.0,0.05,0.6700000000000006,0.0001422337225068904,low_vds,low_drain_bias,1.0,simulation,ngspice,c9ed2e513523c57a76912a35b2860cb85e4aaa3402b69757d84efa9cc2fb8410,data/raw/ptm45_hp_vds_0p05v_raw.txt
PTM,NMOS,45,HP,1.0,0.045,25.0,0.05,0.6750000000000006,0.0001441157572407885,low_vds,low_drain_bias,1.0,simulation,ngspice,c9ed2e513523c57a76912a35b2860cb85e4aaa3402b69757d84efa9cc2fb8410,data/raw/ptm45_hp_vds_0p05v_raw.txt
PTM,NMOS,45,HP,1.0,0.045,25.0,0.05,0.6800000000000006,0.0001459529469116511,low_vds,low_drain_bias,1.0,simulation,ngspice,c9ed2e513523c57a76912a35b2860cb85e4aaa3402b69757d84efa9cc2fb8410,data/raw/ptm45_hp_vds_0p05v_raw.txt
PTM,NMOS,45,HP,1.0,0.045,25.0,0.05,0.6850000000000006,0.0001477463390537779,low_vds,low_drain_bias,1.0,simulation,ngspice,c9ed2e513523c57a76912a35b2860cb85e4aaa3402b69757d84efa9cc2fb8410,data/raw/ptm45_hp_vds_0p05v_raw.txt
PTM,NMOS,45,HP,1.0,0.045,25.0,0.05,0.6900000000000006,0.0001494969945427979,low_vds,low_drain_bias,1.0,simulation,ngspice,c9ed2e513523c57a76912a35b2860cb85e4aaa3402b69757d84efa9cc2fb8410,data/raw/ptm45_hp_vds_0p05v_raw.txt
PTM,NMOS,45,HP,1.0,0.045,25.0,0.05,0.6950000000000006,0.0001512059811273923,low_vds,low_drain_bias,1.0,simulation,ngspice,c9ed2e513523c57a76912a35b2860cb85e4aaa3402b69757d84efa9cc2fb8410,data/raw/ptm45_hp_vds_0p05v_raw.txt
PTM,NMOS,45,HP,1.0,0.045,25.0,0.05,0.7000000000000006,0.0001528743678206304,low_vds,low_drain_bias,1.0,simulation,ngspice,c9ed2e513523c57a76912a35b2860cb85e4aaa3402b69757d84efa9cc2fb8410,data/raw/ptm45_hp_vds_0p05v_raw.txt
PTM,NMOS,45,HP,1.0,0.045,25.0,0.05,0.7050000000000006,0.0001545032200674187,low_vds,low_drain_bias,1.0,simulation,ngspice,c9ed2e513523c57a76912a35b2860cb85e4aaa3402b69757d84efa9cc2fb8410,data/raw/ptm45_hp_vds_0p05v_raw.txt
PTM,NMOS,45,HP,1.0,0.045,25.0,0.05,0.7100000000000006,0.0001560935956096761,low_vds,low_drain_bias,1.0,simulation,ngspice,c9ed2e513523c57a76912a35b2860cb85e4aaa3402b69757d84efa9cc2fb8410,data/raw/ptm45_hp_vds_0p05v_raw.txt
PTM,NMOS,45,HP,1.0,0.045,25.0,0.05,0.7150000000000006,0.0001576465409762201,low_vds,low_drain_bias,1.0,simulation,ngspice,c9ed2e513523c57a76912a35b2860cb85e4aaa3402b69757d84efa9cc2fb8410,data/raw/ptm45_hp_vds_0p05v_raw.txt
PTM,NMOS,45,HP,1.0,0.045,25.0,0.05,0.7200000000000006,0.0001591630885297855,low_vds,low_drain_bias,1.0,simulation,ngspice,c9ed2e513523c57a76912a35b2860cb85e4aaa3402b69757d84efa9cc2fb8410,data/raw/ptm45_hp_vds_0p05v_raw.txt
PTM,NMOS,45,HP,1.0,0.045,25.0,0.05,0.7250000000000006,0.0001606442540090612,low_vds,low_drain_bias,1.0,simulation,ngspice,c9ed2e513523c57a76912a35b2860cb85e4aaa3402b69757d84efa9cc2fb8410,data/raw/ptm45_hp_vds_0p05v_raw.txt
PTM,NMOS,45,HP,1.0,0.045,25.0,0.05,0.7300000000000006,0.0001620910345088853,low_vds,low_drain_bias,1.0,simulation,ngspice,c9ed2e513523c57a76912a35b2860cb85e4aaa3402b69757d84efa9cc2fb8410,data/raw/ptm45_hp_vds_0p05v_raw.txt
PTM,NMOS,45,HP,1.0,0.045,25.0,0.05,0.7350000000000007,0.0001635044068468498,low_vds,low_drain_bias,1.0,simulation,ngspice,c9ed2e513523c57a76912a35b2860cb85e4aaa3402b69757d84efa9cc2fb8410,data/raw/ptm45_hp_vds_0p05v_raw.txt
PTM,NMOS,45,HP,1.0,0.045,25.0,0.05,0.7400000000000007,0.0001648853262693932,low_vds,low_drain_bias,1.0,simulation,ngspice,c9ed2e513523c57a76912a35b2860cb85e4aaa3402b69757d84efa9cc2fb8410,data/raw/ptm45_hp_vds_0p05v_raw.txt
PTM,NMOS,45,HP,1.0,0.045,25.0,0.05,0.7450000000000007,0.0001662347254550133,low_vds,low_drain_bias,1.0,simulation,ngspice,c9ed2e513523c57a76912a35b2860cb85e4aaa3402b69757d84efa9cc2fb8410,data/raw/ptm45_hp_vds_0p05v_raw.txt
PTM,NMOS,45,HP,1.0,0.045,25.0,0.05,0.7500000000000007,0.0001675535137764735,low_vds,low_drain_bias,1.0,simulation,ngspice,c9ed2e513523c57a76912a35b2860cb85e4aaa3402b69757d84efa9cc2fb8410,data/raw/ptm45_hp_vds_0p05v_raw.txt
PTM,NMOS,45,HP,1.0,0.045,25.0,0.05,0.7550000000000007,0.0001688425767878221,low_vds,low_drain_bias,1.0,simulation,ngspice,c9ed2e513523c57a76912a35b2860cb85e4aaa3402b69757d84efa9cc2fb8410,data/raw/ptm45_hp_vds_0p05v_raw.txt
PTM,NMOS,45,HP,1.0,0.045,25.0,0.05,0.7600000000000007,0.0001701027759056667,low_vds,low_drain_bias,1.0,simulation,ngspice,c9ed2e513523c57a76912a35b2860cb85e4aaa3402b69757d84efa9cc2fb8410,data/raw/ptm45_hp_vds_0p05v_raw.txt
PTM,NMOS,45,HP,1.0,0.045,25.0,0.05,0.7650000000000007,0.0001713349482574721,low_vds,low_drain_bias,1.0,simulation,ngspice,c9ed2e513523c57a76912a35b2860cb85e4aaa3402b69757d84efa9cc2fb8410,data/raw/ptm45_hp_vds_0p05v_raw.txt
PTM,NMOS,45,HP,1.0,0.045,25.0,0.05,0.7700000000000007,0.0001725399066726859,low_vds,low_drain_bias,1.0,simulation,ngspice,c9ed2e513523c57a76912a35b2860cb85e4aaa3402b69757d84efa9cc2fb8410,data/raw/ptm45_hp_vds_0p05v_raw.txt
PTM,NMOS,45,HP,1.0,0.045,25.0,0.05,0.7750000000000007,0.0001737184397952512,low_vds,low_drain_bias,1.0,simulation,ngspice,c9ed2e513523c57a76912a35b2860cb85e4aaa3402b69757d84efa9cc2fb8410,data/raw/ptm45_hp_vds_0p05v_raw.txt
PTM,NMOS,45,HP,1.0,0.045,25.0,0.05,0.7800000000000007,0.000174871312298563,low_vds,low_drain_bias,1.0,simulation,ngspice,c9ed2e513523c57a76912a35b2860cb85e4aaa3402b69757d84efa9cc2fb8410,data/raw/ptm45_hp_vds_0p05v_raw.txt
PTM,NMOS,45,HP,1.0,0.045,25.0,0.05,0.7850000000000007,0.0001759992651861622,low_vds,low_drain_bias,1.0,simulation,ngspice,c9ed2e513523c57a76912a35b2860cb85e4aaa3402b69757d84efa9cc2fb8410,data/raw/ptm45_hp_vds_0p05v_raw.txt
PTM,NMOS,45,HP,1.0,0.045,25.0,0.05,0.7900000000000007,0.0001771030161635162,low_vds,low_drain_bias,1.0,simulation,ngspice,c9ed2e513523c57a76912a35b2860cb85e4aaa3402b69757d84efa9cc2fb8410,data/raw/ptm45_hp_vds_0p05v_raw.txt
PTM,NMOS,45,HP,1.0,0.045,25.0,0.05,0.7950000000000007,0.0001781832600680055,low_vds,low_drain_bias,1.0,simulation,ngspice,c9ed2e513523c57a76912a35b2860cb85e4aaa3402b69757d84efa9cc2fb8410,data/raw/ptm45_hp_vds_0p05v_raw.txt
PTM,NMOS,45,HP,1.0,0.045,25.0,0.05,0.8000000000000007,0.000179240669345907,low_vds,low_drain_bias,1.0,simulation,ngspice,c9ed2e513523c57a76912a35b2860cb85e4aaa3402b69757d84efa9cc2fb8410,data/raw/ptm45_hp_vds_0p05v_raw.txt
PTM,NMOS,45,HP,1.0,0.045,25.0,0.05,0.8050000000000007,0.0001802758945665654,low_vds,low_drain_bias,1.0,simulation,ngspice,c9ed2e513523c57a76912a35b2860cb85e4aaa3402b69757d84efa9cc2fb8410,data/raw/ptm45_hp_vds_0p05v_raw.txt
PTM,NMOS,45,HP,1.0,0.045,25.0,0.05,0.8100000000000007,0.0001812895649652771,low_vds,low_drain_bias,1.0,simulation,ngspice,c9ed2e513523c57a76912a35b2860cb85e4aaa3402b69757d84efa9cc2fb8410,data/raw/ptm45_hp_vds_0p05v_raw.txt
PTM,NMOS,45,HP,1.0,0.045,25.0,0.05,0.8150000000000007,0.000182282289007518,low_vds,low_drain_bias,1.0,simulation,ngspice,c9ed2e513523c57a76912a35b2860cb85e4aaa3402b69757d84efa9cc2fb8410,data/raw/ptm45_hp_vds_0p05v_raw.txt
PTM,NMOS,45,HP,1.0,0.045,25.0,0.05,0.8200000000000007,0.0001832546549681867,low_vds,low_drain_bias,1.0,simulation,ngspice,c9ed2e513523c57a76912a35b2860cb85e4aaa3402b69757d84efa9cc2fb8410,data/raw/ptm45_hp_vds_0p05v_raw.txt
PTM,NMOS,45,HP,1.0,0.045,25.0,0.05,0.8250000000000007,0.0001842072315204196,low_vds,low_drain_bias,1.0,simulation,ngspice,c9ed2e513523c57a76912a35b2860cb85e4aaa3402b69757d84efa9cc2fb8410,data/raw/ptm45_hp_vds_0p05v_raw.txt
PTM,NMOS,45,HP,1.0,0.045,25.0,0.05,0.8300000000000007,0.000185140568329324,low_vds,low_drain_bias,1.0,simulation,ngspice,c9ed2e513523c57a76912a35b2860cb85e4aaa3402b69757d84efa9cc2fb8410,data/raw/ptm45_hp_vds_0p05v_raw.txt
PTM,NMOS,45,HP,1.0,0.045,25.0,0.05,0.8350000000000007,0.0001860551966466787,low_vds,low_drain_bias,1.0,simulation,ngspice,c9ed2e513523c57a76912a35b2860cb85e4aaa3402b69757d84efa9cc2fb8410,data/raw/ptm45_hp_vds_0p05v_raw.txt
PTM,NMOS,45,HP,1.0,0.045,25.0,0.05,0.8400000000000007,0.0001869516299032628,low_vds,low_drain_bias,1.0,simulation,ngspice,c9ed2e513523c57a76912a35b2860cb85e4aaa3402b69757d84efa9cc2fb8410,data/raw/ptm45_hp_vds_0p05v_raw.txt
PTM,NMOS,45,HP,1.0,0.045,25.0,0.05,0.8450000000000008,0.0001878303642960022,low_vds,low_drain_bias,1.0,simulation,ngspice,c9ed2e513523c57a76912a35b2860cb85e4aaa3402b69757d84efa9cc2fb8410,data/raw/ptm45_hp_vds_0p05v_raw.txt
PTM,NMOS,45,HP,1.0,0.045,25.0,0.05,0.8500000000000008,0.000188691879367602,low_vds,low_drain_bias,1.0,simulation,ngspice,c9ed2e513523c57a76912a35b2860cb85e4aaa3402b69757d84efa9cc2fb8410,data/raw/ptm45_hp_vds_0p05v_raw.txt
PTM,NMOS,45,HP,1.0,0.045,25.0,0.05,0.8550000000000008,0.0001895366385767427,low_vds,low_drain_bias,1.0,simulation,ngspice,c9ed2e513523c57a76912a35b2860cb85e4aaa3402b69757d84efa9cc2fb8410,data/raw/ptm45_hp_vds_0p05v_raw.txt
PTM,NMOS,45,HP,1.0,0.045,25.0,0.05,0.8600000000000008,0.0001903650898572667,low_vds,low_drain_bias,1.0,simulation,ngspice,c9ed2e513523c57a76912a35b2860cb85e4aaa3402b69757d84efa9cc2fb8410,data/raw/ptm45_hp_vds_0p05v_raw.txt
PTM,NMOS,45,HP,1.0,0.045,25.0,0.05,0.8650000000000008,0.0001911776661650987,low_vds,low_drain_bias,1.0,simulation,ngspice,c9ed2e513523c57a76912a35b2860cb85e4aaa3402b69757d84efa9cc2fb8410,data/raw/ptm45_hp_vds_0p05v_raw.txt
PTM,NMOS,45,HP,1.0,0.045,25.0,0.05,0.8700000000000008,0.0001919747860119158,low_vds,low_drain_bias,1.0,simulation,ngspice,c9ed2e513523c57a76912a35b2860cb85e4aaa3402b69757d84efa9cc2fb8410,data/raw/ptm45_hp_vds_0p05v_raw.txt
PTM,NMOS,45,HP,1.0,0.045,25.0,0.05,0.8750000000000008,0.0001927568539848042,low_vds,low_drain_bias,1.0,simulation,ngspice,c9ed2e513523c57a76912a35b2860cb85e4aaa3402b69757d84efa9cc2fb8410,data/raw/ptm45_hp_vds_0p05v_raw.txt
PTM,NMOS,45,HP,1.0,0.045,25.0,0.05,0.8800000000000008,0.0001935242612513464,low_vds,low_drain_bias,1.0,simulation,ngspice,c9ed2e513523c57a76912a35b2860cb85e4aaa3402b69757d84efa9cc2fb8410,data/raw/ptm45_hp_vds_0p05v_raw.txt
PTM,NMOS,45,HP,1.0,0.045,25.0,0.05,0.8850000000000008,0.0001942773860497547,low_vds,low_drain_bias,1.0,simulation,ngspice,c9ed2e513523c57a76912a35b2860cb85e4aaa3402b69757d84efa9cc2fb8410,data/raw/ptm45_hp_vds_0p05v_raw.txt
PTM,NMOS,45,HP,1.0,0.045,25.0,0.05,0.8900000000000008,0.0001950165941638138,low_vds,low_drain_bias,1.0,simulation,ngspice,c9ed2e513523c57a76912a35b2860cb85e4aaa3402b69757d84efa9cc2fb8410,data/raw/ptm45_hp_vds_0p05v_raw.txt
PTM,NMOS,45,HP,1.0,0.045,25.0,0.05,0.8950000000000008,0.0001957422393825102,low_vds,low_drain_bias,1.0,simulation,ngspice,c9ed2e513523c57a76912a35b2860cb85e4aaa3402b69757d84efa9cc2fb8410,data/raw/ptm45_hp_vds_0p05v_raw.txt
PTM,NMOS,45,HP,1.0,0.045,25.0,0.05,0.9000000000000008,0.0001964546639443447,low_vds,low_drain_bias,1.0,simulation,ngspice,c9ed2e513523c57a76912a35b2860cb85e4aaa3402b69757d84efa9cc2fb8410,data/raw/ptm45_hp_vds_0p05v_raw.txt
PTM,NMOS,45,HP,1.0,0.045,25.0,0.05,0.9050000000000008,0.0001971541989664058,low_vds,low_drain_bias,1.0,simulation,ngspice,c9ed2e513523c57a76912a35b2860cb85e4aaa3402b69757d84efa9cc2fb8410,data/raw/ptm45_hp_vds_0p05v_raw.txt
PTM,NMOS,45,HP,1.0,0.045,25.0,0.05,0.9100000000000008,0.0001978411648583546,low_vds,low_drain_bias,1.0,simulation,ngspice,c9ed2e513523c57a76912a35b2860cb85e4aaa3402b69757d84efa9cc2fb8410,data/raw/ptm45_hp_vds_0p05v_raw.txt
PTM,NMOS,45,HP,1.0,0.045,25.0,0.05,0.9150000000000008,0.0001985158717215402,low_vds,low_drain_bias,1.0,simulation,ngspice,c9ed2e513523c57a76912a35b2860cb85e4aaa3402b69757d84efa9cc2fb8410,data/raw/ptm45_hp_vds_0p05v_raw.txt
PTM,NMOS,45,HP,1.0,0.045,25.0,0.05,0.9200000000000008,0.0001991786197335013,low_vds,low_drain_bias,1.0,simulation,ngspice,c9ed2e513523c57a76912a35b2860cb85e4aaa3402b69757d84efa9cc2fb8410,data/raw/ptm45_hp_vds_0p05v_raw.txt
PTM,NMOS,45,HP,1.0,0.045,25.0,0.05,0.9250000000000008,0.0001998296995181663,low_vds,low_drain_bias,1.0,simulation,ngspice,c9ed2e513523c57a76912a35b2860cb85e4aaa3402b69757d84efa9cc2fb8410,data/raw/ptm45_hp_vds_0p05v_raw.txt
PTM,NMOS,45,HP,1.0,0.045,25.0,0.05,0.9300000000000008,0.0002004693925020865,low_vds,low_drain_bias,1.0,simulation,ngspice,c9ed2e513523c57a76912a35b2860cb85e4aaa3402b69757d84efa9cc2fb8410,data/raw/ptm45_hp_vds_0p05v_raw.txt
PTM,NMOS,45,HP,1.0,0.045,25.0,0.05,0.9350000000000008,0.000201097971257061,low_vds,low_drain_bias,1.0,simulation,ngspice,c9ed2e513523c57a76912a35b2860cb85e4aaa3402b69757d84efa9cc2fb8410,data/raw/ptm45_hp_vds_0p05v_raw.txt
PTM,NMOS,45,HP,1.0,0.045,25.0,0.05,0.9400000000000008,0.0002017156998295385,low_vds,low_drain_bias,1.0,simulation,ngspice,c9ed2e513523c57a76912a35b2860cb85e4aaa3402b69757d84efa9cc2fb8410,data/raw/ptm45_hp_vds_0p05v_raw.txt
PTM,NMOS,45,HP,1.0,0.045,25.0,0.05,0.9450000000000008,0.0002023228340571864,low_vds,low_drain_bias,1.0,simulation,ngspice,c9ed2e513523c57a76912a35b2860cb85e4aaa3402b69757d84efa9cc2fb8410,data/raw/ptm45_hp_vds_0p05v_raw.txt
PTM,NMOS,45,HP,1.0,0.045,25.0,0.05,0.9500000000000008,0.0002029196218730312,low_vds,low_drain_bias,1.0,simulation,ngspice,c9ed2e513523c57a76912a35b2860cb85e4aaa3402b69757d84efa9cc2fb8410,data/raw/ptm45_hp_vds_0p05v_raw.txt
PTM,NMOS,45,HP,1.0,0.045,25.0,0.05,0.9550000000000008,0.0002035063035975816,low_vds,low_drain_bias,1.0,simulation,ngspice,c9ed2e513523c57a76912a35b2860cb85e4aaa3402b69757d84efa9cc2fb8410,data/raw/ptm45_hp_vds_0p05v_raw.txt
PTM,NMOS,45,HP,1.0,0.045,25.0,0.05,0.9600000000000009,0.00020408311221934,low_vds,low_drain_bias,1.0,simulation,ngspice,c9ed2e513523c57a76912a35b2860cb85e4aaa3402b69757d84efa9cc2fb8410,data/raw/ptm45_hp_vds_0p05v_raw.txt
PTM,NMOS,45,HP,1.0,0.045,25.0,0.05,0.9650000000000009,0.0002046502736641132,low_vds,low_drain_bias,1.0,simulation,ngspice,c9ed2e513523c57a76912a35b2860cb85e4aaa3402b69757d84efa9cc2fb8410,data/raw/ptm45_hp_vds_0p05v_raw.txt
PTM,NMOS,45,HP,1.0,0.045,25.0,0.05,0.9700000000000009,0.000205208007053531,low_vds,low_drain_bias,1.0,simulation,ngspice,c9ed2e513523c57a76912a35b2860cb85e4aaa3402b69757d84efa9cc2fb8410,data/raw/ptm45_hp_vds_0p05v_raw.txt
PTM,NMOS,45,HP,1.0,0.045,25.0,0.05,0.9750000000000009,0.0002057565249531704,low_vds,low_drain_bias,1.0,simulation,ngspice,c9ed2e513523c57a76912a35b2860cb85e4aaa3402b69757d84efa9cc2fb8410,data/raw/ptm45_hp_vds_0p05v_raw.txt
PTM,NMOS,45,HP,1.0,0.045,25.0,0.05,0.9800000000000009,0.0002062960336106835,low_vds,low_drain_bias,1.0,simulation,ngspice,c9ed2e513523c57a76912a35b2860cb85e4aaa3402b69757d84efa9cc2fb8410,data/raw/ptm45_hp_vds_0p05v_raw.txt
PTM,NMOS,45,HP,1.0,0.045,25.0,0.05,0.9850000000000009,0.0002068267331843126,low_vds,low_drain_bias,1.0,simulation,ngspice,c9ed2e513523c57a76912a35b2860cb85e4aaa3402b69757d84efa9cc2fb8410,data/raw/ptm45_hp_vds_0p05v_raw.txt
PTM,NMOS,45,HP,1.0,0.045,25.0,0.05,0.9900000000000009,0.0002073488179621742,low_vds,low_drain_bias,1.0,simulation,ngspice,c9ed2e513523c57a76912a35b2860cb85e4aaa3402b69757d84efa9cc2fb8410,data/raw/ptm45_hp_vds_0p05v_raw.txt
PTM,NMOS,45,HP,1.0,0.045,25.0,0.05,0.9950000000000009,0.0002078624765726743,low_vds,low_drain_bias,1.0,simulation,ngspice,c9ed2e513523c57a76912a35b2860cb85e4aaa3402b69757d84efa9cc2fb8410,data/raw/ptm45_hp_vds_0p05v_raw.txt
PTM,NMOS,45,HP,1.0,0.045,25.0,0.05,1.000000000000001,0.0002083678921864237,low_vds,low_drain_bias,1.0,simulation,ngspice,c9ed2e513523c57a76912a35b2860cb85e4aaa3402b69757d84efa9cc2fb8410,data/raw/ptm45_hp_vds_0p05v_raw.txt
PTM,NMOS,45,HP,1.0,0.045,25.0,1.0,-0.2,5.063629809557702e-10,nominal_vdd,model_nominal_vdd,1.0,simulation,ngspice,c9ed2e513523c57a76912a35b2860cb85e4aaa3402b69757d84efa9cc2fb8410,data/raw/ptm45_hp_vds_1v_raw.txt
PTM,NMOS,45,HP,1.0,0.045,25.0,1.0,-0.195,4.990261912616487e-10,nominal_vdd,model_nominal_vdd,1.0,simulation,ngspice,c9ed2e513523c57a76912a35b2860cb85e4aaa3402b69757d84efa9cc2fb8410,data/raw/ptm45_hp_vds_1v_raw.txt
PTM,NMOS,45,HP,1.0,0.045,25.0,1.0,-0.19,4.966835547138201e-10,nominal_vdd,model_nominal_vdd,1.0,simulation,ngspice,c9ed2e513523c57a76912a35b2860cb85e4aaa3402b69757d84efa9cc2fb8410,data/raw/ptm45_hp_vds_1v_raw.txt
PTM,NMOS,45,HP,1.0,0.045,25.0,1.0,-0.185,4.990330642746987e-10,nominal_vdd,model_nominal_vdd,1.0,simulation,ngspice,c9ed2e513523c57a76912a35b2860cb85e4aaa3402b69757d84efa9cc2fb8410,data/raw/ptm45_hp_vds_1v_raw.txt
PTM,NMOS,45,HP,1.0,0.045,25.0,1.0,-0.18,5.05913562123524e-10,nominal_vdd,model_nominal_vdd,1.0,simulation,ngspice,c9ed2e513523c57a76912a35b2860cb85e4aaa3402b69757d84efa9cc2fb8410,data/raw/ptm45_hp_vds_1v_raw.txt
PTM,NMOS,45,HP,1.0,0.045,25.0,1.0,-0.175,5.172951347963915e-10,nominal_vdd,model_nominal_vdd,1.0,simulation,ngspice,c9ed2e513523c57a76912a35b2860cb85e4aaa3402b69757d84efa9cc2fb8410,data/raw/ptm45_hp_vds_1v_raw.txt
PTM,NMOS,45,HP,1.0,0.045,25.0,1.0,-0.17,5.33272245024237e-10,nominal_vdd,model_nominal_vdd,1.0,simulation,ngspice,c9ed2e513523c57a76912a35b2860cb85e4aaa3402b69757d84efa9cc2fb8410,data/raw/ptm45_hp_vds_1v_raw.txt
PTM,NMOS,45,HP,1.0,0.045,25.0,1.0,-0.165,5.540595432906033e-10,nominal_vdd,model_nominal_vdd,1.0,simulation,ngspice,c9ed2e513523c57a76912a35b2860cb85e4aaa3402b69757d84efa9cc2fb8410,data/raw/ptm45_hp_vds_1v_raw.txt
PTM,NMOS,45,HP,1.0,0.045,25.0,1.0,-0.16,5.799903253714522e-10,nominal_vdd,model_nominal_vdd,1.0,simulation,ngspice,c9ed2e513523c57a76912a35b2860cb85e4aaa3402b69757d84efa9cc2fb8410,data/raw/ptm45_hp_vds_1v_raw.txt
PTM,NMOS,45,HP,1.0,0.045,25.0,1.0,-0.155,6.11517628490725e-10,nominal_vdd,model_nominal_vdd,1.0,simulation,ngspice,c9ed2e513523c57a76912a35b2860cb85e4aaa3402b69757d84efa9cc2fb8410,data/raw/ptm45_hp_vds_1v_raw.txt
PTM,NMOS,45,HP,1.0,0.045,25.0,1.0,-0.15,6.492179884146697e-10,nominal_vdd,model_nominal_vdd,1.0,simulation,ngspice,c9ed2e513523c57a76912a35b2860cb85e4aaa3402b69757d84efa9cc2fb8410,data/raw/ptm45_hp_vds_1v_raw.txt
PTM,NMOS,45,HP,1.0,0.045,25.0,1.0,-0.145,6.93797913027349e-10,nominal_vdd,model_nominal_vdd,1.0,simulation,ngspice,c9ed2e513523c57a76912a35b2860cb85e4aaa3402b69757d84efa9cc2fb8410,data/raw/ptm45_hp_vds_1v_raw.txt
PTM,NMOS,45,HP,1.0,0.045,25.0,1.0,-0.14,7.461031649478637e-10,nominal_vdd,model_nominal_vdd,1.0,simulation,ngspice,c9ed2e513523c57a76912a35b2860cb85e4aaa3402b69757d84efa9cc2fb8410,data/raw/ptm45_hp_vds_1v_raw.txt
PTM,NMOS,45,HP,1.0,0.045,25.0,1.0,-0.135,8.071309868639366e-10,nominal_vdd,model_nominal_vdd,1.0,simulation,ngspice,c9ed2e513523c57a76912a35b2860cb85e4aaa3402b69757d84efa9cc2fb8410,data/raw/ptm45_hp_vds_1v_raw.txt
PTM,NMOS,45,HP,1.0,0.045,25.0,1.0,-0.1299999999999999,8.780454488438361e-10,nominal_vdd,model_nominal_vdd,1.0,simulation,ngspice,c9ed2e513523c57a76912a35b2860cb85e4aaa3402b69757d84efa9cc2fb8410,data/raw/ptm45_hp_vds_1v_raw.txt
PTM,NMOS,45,HP,1.0,0.045,25.0,1.0,-0.1249999999999999,9.601961473783615e-10,nominal_vdd,model_nominal_vdd,1.0,simulation,ngspice,c9ed2e513523c57a76912a35b2860cb85e4aaa3402b69757d84efa9cc2fb8410,data/raw/ptm45_hp_vds_1v_raw.txt
PTM,NMOS,45,HP,1.0,0.045,25.0,1.0,-0.1199999999999999,1.055140541806699e-09,nominal_vdd,model_nominal_vdd,1.0,simulation,ngspice,c9ed2e513523c57a76912a35b2860cb85e4aaa3402b69757d84efa9cc2fb8410,data/raw/ptm45_hp_vds_1v_raw.txt
PTM,NMOS,45,HP,1.0,0.045,25.0,1.0,-0.1149999999999999,1.16467027569472e-09,nominal_vdd,model_nominal_vdd,1.0,simulation,ngspice,c9ed2e513523c57a76912a35b2860cb85e4aaa3402b69757d84efa9cc2fb8410,data/raw/ptm45_hp_vds_1v_raw.txt
PTM,NMOS,45,HP,1.0,0.045,25.0,1.0,-0.1099999999999999,1.290841899359029e-09,nominal_vdd,model_nominal_vdd,1.0,simulation,ngspice,c9ed2e513523c57a76912a35b2860cb85e4aaa3402b69757d84efa9cc2fb8410,data/raw/ptm45_hp_vds_1v_raw.txt
PTM,NMOS,45,HP,1.0,0.045,25.0,1.0,-0.1049999999999999,1.436012485864877e-09,nominal_vdd,model_nominal_vdd,1.0,simulation,ngspice,c9ed2e513523c57a76912a35b2860cb85e4aaa3402b69757d84efa9cc2fb8410,data/raw/ptm45_hp_vds_1v_raw.txt
PTM,NMOS,45,HP,1.0,0.045,25.0,1.0,-0.09999999999999992,1.602880717400002e-09,nominal_vdd,model_nominal_vdd,1.0,simulation,ngspice,c9ed2e513523c57a76912a35b2860cb85e4aaa3402b69757d84efa9cc2fb8410,data/raw/ptm45_hp_vds_1v_raw.txt
PTM,NMOS,45,HP,1.0,0.045,25.0,1.0,-0.09499999999999992,1.79453411299549e-09,nominal_vdd,model_nominal_vdd,1.0,simulation,ngspice,c9ed2e513523c57a76912a35b2860cb85e4aaa3402b69757d84efa9cc2fb8410,data/raw/ptm45_hp_vds_1v_raw.txt
PTM,NMOS,45,HP,1.0,0.045,25.0,1.0,-0.08999999999999991,2.014503173327516e-09,nominal_vdd,model_nominal_vdd,1.0,simulation,ngspice,c9ed2e513523c57a76912a35b2860cb85e4aaa3402b69757d84efa9cc2fb8410,data/raw/ptm45_hp_vds_1v_raw.txt
PTM,NMOS,45,HP,1.0,0.045,25.0,1.0,-0.08499999999999991,2.266823335139018e-09,nominal_vdd,model_nominal_vdd,1.0,simulation,ngspice,c9ed2e513523c57a76912a35b2860cb85e4aaa3402b69757d84efa9cc2fb8410,data/raw/ptm45_hp_vds_1v_raw.txt
PTM,NMOS,45,HP,1.0,0.045,25.0,1.0,-0.0799999999999999,2.556105758202359e-09,nominal_vdd,model_nominal_vdd,1.0,simulation,ngspice,c9ed2e513523c57a76912a35b2860cb85e4aaa3402b69757d84efa9cc2fb8410,data/raw/ptm45_hp_vds_1v_raw.txt
PTM,NMOS,45,HP,1.0,0.045,25.0,1.0,-0.0749999999999999,2.887618113375948e-09,nominal_vdd,model_nominal_vdd,1.0,simulation,ngspice,c9ed2e513523c57a76912a35b2860cb85e4aaa3402b69757d84efa9cc2fb8410,data/raw/ptm45_hp_vds_1v_raw.txt
PTM,NMOS,45,HP,1.0,0.045,25.0,1.0,-0.0699999999999999,3.267376703094192e-09,nominal_vdd,model_nominal_vdd,1.0,simulation,ngspice,c9ed2e513523c57a76912a35b2860cb85e4aaa3402b69757d84efa9cc2fb8410,data/raw/ptm45_hp_vds_1v_raw.txt
PTM,NMOS,45,HP,1.0,0.045,25.0,1.0,-0.06499999999999989,3.702251427628463e-09,nominal_vdd,model_nominal_vdd,1.0,simulation,ngspice,c9ed2e513523c57a76912a35b2860cb85e4aaa3402b69757d84efa9cc2fb8410,data/raw/ptm45_hp_vds_1v_raw.txt
PTM,NMOS,45,HP,1.0,0.045,25.0,1.0,-0.05999999999999989,4.20008531395974e-09,nominal_vdd,model_nominal_vdd,1.0,simulation,ngspice,c9ed2e513523c57a76912a35b2860cb85e4aaa3402b69757d84efa9cc2fb8410,data/raw/ptm45_hp_vds_1v_raw.txt
PTM,NMOS,45,HP,1.0,0.045,25.0,1.0,-0.0549999999999999,4.769830551596083e-09,nominal_vdd,model_nominal_vdd,1.0,simulation,ngspice,c9ed2e513523c57a76912a35b2860cb85e4aaa3402b69757d84efa9cc2fb8410,data/raw/ptm45_hp_vds_1v_raw.txt
PTM,NMOS,45,HP,1.0,0.045,25.0,1.0,-0.0499999999999999,5.421703233852641e-09,nominal_vdd,model_nominal_vdd,1.0,simulation,ngspice,c9ed2e513523c57a76912a35b2860cb85e4aaa3402b69757d84efa9cc2fb8410,data/raw/ptm45_hp_vds_1v_raw.txt
PTM,NMOS,45,HP,1.0,0.045,25.0,1.0,-0.0449999999999999,6.167359286893276e-09,nominal_vdd,model_nominal_vdd,1.0,simulation,ngspice,c9ed2e513523c57a76912a35b2860cb85e4aaa3402b69757d84efa9cc2fb8410,data/raw/ptm45_hp_vds_1v_raw.txt
PTM,NMOS,45,HP,1.0,0.045,25.0,1.0,-0.0399999999999999,7.02009438536202e-09,nominal_vdd,model_nominal_vdd,1.0,simulation,ngspice,c9ed2e513523c57a76912a35b2860cb85e4aaa3402b69757d84efa9cc2fb8410,data/raw/ptm45_hp_vds_1v_raw.txt
PTM,NMOS,45,HP,1.0,0.045,25.0,1.0,-0.03499999999999991,7.995071005998663e-09,nominal_vdd,model_nominal_vdd,1.0,simulation,ngspice,c9ed2e513523c57a76912a35b2860cb85e4aaa3402b69757d84efa9cc2fb8410,data/raw/ptm45_hp_vds_1v_raw.txt
PTM,NMOS,45,HP,1.0,0.045,25.0,1.0,-0.02999999999999991,9.109576162781831e-09,nominal_vdd,model_nominal_vdd,1.0,simulation,ngspice,c9ed2e513523c57a76912a35b2860cb85e4aaa3402b69757d84efa9cc2fb8410,data/raw/ptm45_hp_vds_1v_raw.txt
PTM,NMOS,45,HP,1.0,0.045,25.0,1.0,-0.0249999999999999,1.038331380252642e-08,nominal_vdd,model_nominal_vdd,1.0,simulation,ngspice,c9ed2e513523c57a76912a35b2860cb85e4aaa3402b69757d84efa9cc2fb8410,data/raw/ptm45_hp_vds_1v_raw.txt
PTM,NMOS,45,HP,1.0,0.045,25.0,1.0,-0.0199999999999999,1.183873632229351e-08,nominal_vdd,model_nominal_vdd,1.0,simulation,ngspice,c9ed2e513523c57a76912a35b2860cb85e4aaa3402b69757d84efa9cc2fb8410,data/raw/ptm45_hp_vds_1v_raw.txt
PTM,NMOS,45,HP,1.0,0.045,25.0,1.0,-0.0149999999999999,1.350142020335369e-08,nominal_vdd,model_nominal_vdd,1.0,simulation,ngspice,c9ed2e513523c57a76912a35b2860cb85e4aaa3402b69757d84efa9cc2fb8410,data/raw/ptm45_hp_vds_1v_raw.txt
PTM,NMOS,45,HP,1.0,0.045,25.0,1.0,-0.009999999999999901,1.540049134467929e-08,nominal_vdd,model_nominal_vdd,1.0,simulation,ngspice,c9ed2e513523c57a76912a35b2860cb85e4aaa3402b69757d84efa9cc2fb8410,data/raw/ptm45_hp_vds_1v_raw.txt
PTM,NMOS,45,HP,1.0,0.045,25.0,1.0,-0.004999999999999901,1.756910632590914e-08,nominal_vdd,model_nominal_vdd,1.0,simulation,ngspice,c9ed2e513523c57a76912a35b2860cb85e4aaa3402b69757d84efa9cc2fb8410,data/raw/ptm45_hp_vds_1v_raw.txt
PTM,NMOS,45,HP,1.0,0.045,25.0,1.0,9.8879238130678e-17,2.004499653917184e-08,nominal_vdd,model_nominal_vdd,1.0,simulation,ngspice,c9ed2e513523c57a76912a35b2860cb85e4aaa3402b69757d84efa9cc2fb8410,data/raw/ptm45_hp_vds_1v_raw.txt
PTM,NMOS,45,HP,1.0,0.045,25.0,1.0,0.005000000000000099,2.287108290455236e-08,nominal_vdd,model_nominal_vdd,1.0,simulation,ngspice,c9ed2e513523c57a76912a35b2860cb85e4aaa3402b69757d84efa9cc2fb8410,data/raw/ptm45_hp_vds_1v_raw.txt
PTM,NMOS,45,HP,1.0,0.045,25.0,1.0,0.0100000000000001,2.609616972837888e-08,nominal_vdd,model_nominal_vdd,1.0,simulation,ngspice,c9ed2e513523c57a76912a35b2860cb85e4aaa3402b69757d84efa9cc2fb8410,data/raw/ptm45_hp_vds_1v_raw.txt
PTM,NMOS,45,HP,1.0,0.045,25.0,1.0,0.0150000000000001,2.977572717949469e-08,nominal_vdd,model_nominal_vdd,1.0,simulation,ngspice,c9ed2e513523c57a76912a35b2860cb85e4aaa3402b69757d84efa9cc2fb8410,data/raw/ptm45_hp_vds_1v_raw.txt
PTM,NMOS,45,HP,1.0,0.045,25.0,1.0,0.0200000000000001,3.397277284792525e-08,nominal_vdd,model_nominal_vdd,1.0,simulation,ngspice,c9ed2e513523c57a76912a35b2860cb85e4aaa3402b69757d84efa9cc2fb8410,data/raw/ptm45_hp_vds_1v_raw.txt
PTM,NMOS,45,HP,1.0,0.045,25.0,1.0,0.0250000000000001,3.875886391374027e-08,nominal_vdd,model_nominal_vdd,1.0,simulation,ngspice,c9ed2e513523c57a76912a35b2860cb85e4aaa3402b69757d84efa9cc2fb8410,data/raw/ptm45_hp_vds_1v_raw.txt
PTM,NMOS,45,HP,1.0,0.045,25.0,1.0,0.0300000000000001,4.421521259087782e-08,nominal_vdd,model_nominal_vdd,1.0,simulation,ngspice,c9ed2e513523c57a76912a35b2860cb85e4aaa3402b69757d84efa9cc2fb8410,data/raw/ptm45_hp_vds_1v_raw.txt
PTM,NMOS,45,HP,1.0,0.045,25.0,1.0,0.0350000000000001,5.043393871940648e-08,nominal_vdd,model_nominal_vdd,1.0,simulation,ngspice,c9ed2e513523c57a76912a35b2860cb85e4aaa3402b69757d84efa9cc2fb8410,data/raw/ptm45_hp_vds_1v_raw.txt
PTM,NMOS,45,HP,1.0,0.045,25.0,1.0,0.0400000000000001,5.751947465615888e-08,nominal_vdd,model_nominal_vdd,1.0,simulation,ngspice,c9ed2e513523c57a76912a35b2860cb85e4aaa3402b69757d84efa9cc2fb8410,data/raw/ptm45_hp_vds_1v_raw.txt
PTM,NMOS,45,HP,1.0,0.045,25.0,1.0,0.0450000000000001,6.559013895214705e-08,nominal_vdd,model_nominal_vdd,1.0,simulation,ngspice,c9ed2e513523c57a76912a35b2860cb85e4aaa3402b69757d84efa9cc2fb8410,data/raw/ptm45_hp_vds_1v_raw.txt
PTM,NMOS,45,HP,1.0,0.045,25.0,1.0,0.05000000000000009,7.477989669704964e-08,nominal_vdd,model_nominal_vdd,1.0,simulation,ngspice,c9ed2e513523c57a76912a35b2860cb85e4aaa3402b69757d84efa9cc2fb8410,data/raw/ptm45_hp_vds_1v_raw.txt
PTM,NMOS,45,HP,1.0,0.045,25.0,1.0,0.05500000000000009,8.524032584503317e-08,nominal_vdd,model_nominal_vdd,1.0,simulation,ngspice,c9ed2e513523c57a76912a35b2860cb85e4aaa3402b69757d84efa9cc2fb8410,data/raw/ptm45_hp_vds_1v_raw.txt
PTM,NMOS,45,HP,1.0,0.045,25.0,1.0,0.06000000000000009,9.714281029803717e-08,nominal_vdd,model_nominal_vdd,1.0,simulation,ngspice,c9ed2e513523c57a76912a35b2860cb85e4aaa3402b69757d84efa9cc2fb8410,data/raw/ptm45_hp_vds_1v_raw.txt
PTM,NMOS,45,HP,1.0,0.045,25.0,1.0,0.06500000000000009,1.106809819940524e-07,nominal_vdd,model_nominal_vdd,1.0,simulation,ngspice,c9ed2e513523c57a76912a35b2860cb85e4aaa3402b69757d84efa9cc2fb8410,data/raw/ptm45_hp_vds_1v_raw.txt
PTM,NMOS,45,HP,1.0,0.045,25.0,1.0,0.07000000000000009,1.260734357078407e-07,nominal_vdd,model_nominal_vdd,1.0,simulation,ngspice,c9ed2e513523c57a76912a35b2860cb85e4aaa3402b69757d84efa9cc2fb8410,data/raw/ptm45_hp_vds_1v_raw.txt
PTM,NMOS,45,HP,1.0,0.045,25.0,1.0,0.0750000000000001,1.435667416938999e-07,nominal_vdd,model_nominal_vdd,1.0,simulation,ngspice,c9ed2e513523c57a76912a35b2860cb85e4aaa3402b69757d84efa9cc2fb8410,data/raw/ptm45_hp_vds_1v_raw.txt
PTM,NMOS,45,HP,1.0,0.045,25.0,1.0,0.0800000000000001,1.634387826574535e-07,nominal_vdd,model_nominal_vdd,1.0,simulation,ngspice,c9ed2e513523c57a76912a35b2860cb85e4aaa3402b69757d84efa9cc2fb8410,data/raw/ptm45_hp_vds_1v_raw.txt
PTM,NMOS,45,HP,1.0,0.045,25.0,1.0,0.0850000000000001,1.860024427952476e-07,nominal_vdd,model_nominal_vdd,1.0,simulation,ngspice,c9ed2e513523c57a76912a35b2860cb85e4aaa3402b69757d84efa9cc2fb8410,data/raw/ptm45_hp_vds_1v_raw.txt
PTM,NMOS,45,HP,1.0,0.045,25.0,1.0,0.09000000000000011,2.116096777673938e-07,nominal_vdd,model_nominal_vdd,1.0,simulation,ngspice,c9ed2e513523c57a76912a35b2860cb85e4aaa3402b69757d84efa9cc2fb8410,data/raw/ptm45_hp_vds_1v_raw.txt
PTM,NMOS,45,HP,1.0,0.045,25.0,1.0,0.09500000000000011,2.406559954042008e-07,nominal_vdd,model_nominal_vdd,1.0,simulation,ngspice,c9ed2e513523c57a76912a35b2860cb85e4aaa3402b69757d84efa9cc2fb8410,data/raw/ptm45_hp_vds_1v_raw.txt
PTM,NMOS,45,HP,1.0,0.045,25.0,1.0,0.1000000000000001,2.735853776753727e-07,nominal_vdd,model_nominal_vdd,1.0,simulation,ngspice,c9ed2e513523c57a76912a35b2860cb85e4aaa3402b69757d84efa9cc2fb8410,data/raw/ptm45_hp_vds_1v_raw.txt
PTM,NMOS,45,HP,1.0,0.045,25.0,1.0,0.1050000000000001,3.108956749076387e-07,nominal_vdd,model_nominal_vdd,1.0,simulation,ngspice,c9ed2e513523c57a76912a35b2860cb85e4aaa3402b69757d84efa9cc2fb8410,data/raw/ptm45_hp_vds_1v_raw.txt
PTM,NMOS,45,HP,1.0,0.045,25.0,1.0,0.1100000000000001,3.531445033858148e-07,nominal_vdd,model_nominal_vdd,1.0,simulation,ngspice,c9ed2e513523c57a76912a35b2860cb85e4aaa3402b69757d84efa9cc2fb8410,data/raw/ptm45_hp_vds_1v_raw.txt
PTM,NMOS,45,HP,1.0,0.045,25.0,1.0,0.1150000000000001,4.009556772627965e-07,nominal_vdd,model_nominal_vdd,1.0,simulation,ngspice,c9ed2e513523c57a76912a35b2860cb85e4aaa3402b69757d84efa9cc2fb8410,data/raw/ptm45_hp_vds_1v_raw.txt
PTM,NMOS,45,HP,1.0,0.045,25.0,1.0,0.1200000000000001,4.550262050904381e-07,nominal_vdd,model_nominal_vdd,1.0,simulation,ngspice,c9ed2e513523c57a76912a35b2860cb85e4aaa3402b69757d84efa9cc2fb8410,data/raw/ptm45_hp_vds_1v_raw.txt
PTM,NMOS,45,HP,1.0,0.045,25.0,1.0,0.1250000000000001,5.161338802160976e-07,nominal_vdd,model_nominal_vdd,1.0,simulation,ngspice,c9ed2e513523c57a76912a35b2860cb85e4aaa3402b69757d84efa9cc2fb8410,data/raw/ptm45_hp_vds_1v_raw.txt
PTM,NMOS,45,HP,1.0,0.045,25.0,1.0,0.1300000000000001,5.851454927207171e-07,nominal_vdd,model_nominal_vdd,1.0,simulation,ngspice,c9ed2e513523c57a76912a35b2860cb85e4aaa3402b69757d84efa9cc2fb8410,data/raw/ptm45_hp_vds_1v_raw.txt
PTM,NMOS,45,HP,1.0,0.045,25.0,1.0,0.1350000000000001,6.630256884499344e-07,nominal_vdd,model_nominal_vdd,1.0,simulation,ngspice,c9ed2e513523c57a76912a35b2860cb85e4aaa3402b69757d84efa9cc2fb8410,data/raw/ptm45_hp_vds_1v_raw.txt
PTM,NMOS,45,HP,1.0,0.045,25.0,1.0,0.1400000000000002,7.508464979502032e-07,nominal_vdd,model_nominal_vdd,1.0,simulation,ngspice,c9ed2e513523c57a76912a35b2860cb85e4aaa3402b69757d84efa9cc2fb8410,data/raw/ptm45_hp_vds_1v_raw.txt
PTM,NMOS,45,HP,1.0,0.045,25.0,1.0,0.1450000000000002,8.497975546936707e-07,nominal_vdd,model_nominal_vdd,1.0,simulation,ngspice,c9ed2e513523c57a76912a35b2860cb85e4aaa3402b69757d84efa9cc2fb8410,data/raw/ptm45_hp_vds_1v_raw.txt
PTM,NMOS,45,HP,1.0,0.045,25.0,1.0,0.1500000000000002,9.611970177636994e-07,nominal_vdd,model_nominal_vdd,1.0,simulation,ngspice,c9ed2e513523c57a76912a35b2860cb85e4aaa3402b69757d84efa9cc2fb8410,data/raw/ptm45_hp_vds_1v_raw.txt
PTM,NMOS,45,HP,1.0,0.045,25.0,1.0,0.1550000000000002,1.086503209050449e-06,nominal_vdd,model_nominal_vdd,1.0,simulation,ngspice,c9ed2e513523c57a76912a35b2860cb85e4aaa3402b69757d84efa9cc2fb8410,data/raw/ptm45_hp_vds_1v_raw.txt
PTM,NMOS,45,HP,1.0,0.045,25.0,1.0,0.1600000000000002,1.227326968797892e-06,nominal_vdd,model_nominal_vdd,1.0,simulation,ngspice,c9ed2e513523c57a76912a35b2860cb85e4aaa3402b69757d84efa9cc2fb8410,data/raw/ptm45_hp_vds_1v_raw.txt
PTM,NMOS,45,HP,1.0,0.045,25.0,1.0,0.1650000000000002,1.385444725812803e-06,nominal_vdd,model_nominal_vdd,1.0,simulation,ngspice,c9ed2e513523c57a76912a35b2860cb85e4aaa3402b69757d84efa9cc2fb8410,data/raw/ptm45_hp_vds_1v_raw.txt
PTM,NMOS,45,HP,1.0,0.045,25.0,1.0,0.1700000000000002,1.562812269466721e-06,nominal_vdd,model_nominal_vdd,1.0,simulation,ngspice,c9ed2e513523c57a76912a35b2860cb85e4aaa3402b69757d84efa9cc2fb8410,data/raw/ptm45_hp_vds_1v_raw.txt
PTM,NMOS,45,HP,1.0,0.045,25.0,1.0,0.1750000000000002,1.761579199377998e-06,nominal_vdd,model_nominal_vdd,1.0,simulation,ngspice,c9ed2e513523c57a76912a35b2860cb85e4aaa3402b69757d84efa9cc2fb8410,data/raw/ptm45_hp_vds_1v_raw.txt
PTM,NMOS,45,HP,1.0,0.045,25.0,1.0,0.1800000000000002,1.984104014801174e-06,nominal_vdd,model_nominal_vdd,1.0,simulation,ngspice,c9ed2e513523c57a76912a35b2860cb85e4aaa3402b69757d84efa9cc2fb8410,data/raw/ptm45_hp_vds_1v_raw.txt
PTM,NMOS,45,HP,1.0,0.045,25.0,1.0,0.1850000000000002,2.232969788608805e-06,nominal_vdd,model_nominal_vdd,1.0,simulation,ngspice,c9ed2e513523c57a76912a35b2860cb85e4aaa3402b69757d84efa9cc2fb8410,data/raw/ptm45_hp_vds_1v_raw.txt
PTM,NMOS,45,HP,1.0,0.045,25.0,1.0,0.1900000000000002,2.511000349515585e-06,nominal_vdd,model_nominal_vdd,1.0,simulation,ngspice,c9ed2e513523c57a76912a35b2860cb85e4aaa3402b69757d84efa9cc2fb8410,data/raw/ptm45_hp_vds_1v_raw.txt
PTM,NMOS,45,HP,1.0,0.045,25.0,1.0,0.1950000000000002,2.821276869952502e-06,nominal_vdd,model_nominal_vdd,1.0,simulation,ngspice,c9ed2e513523c57a76912a35b2860cb85e4aaa3402b69757d84efa9cc2fb8410,data/raw/ptm45_hp_vds_1v_raw.txt
PTM,NMOS,45,HP,1.0,0.045,25.0,1.0,0.2000000000000002,3.167154724744083e-06,nominal_vdd,model_nominal_vdd,1.0,simulation,ngspice,c9ed2e513523c57a76912a35b2860cb85e4aaa3402b69757d84efa9cc2fb8410,data/raw/ptm45_hp_vds_1v_raw.txt
PTM,NMOS,45,HP,1.0,0.045,25.0,1.0,0.2050000000000002,3.552280446487783e-06,nominal_vdd,model_nominal_vdd,1.0,simulation,ngspice,c9ed2e513523c57a76912a35b2860cb85e4aaa3402b69757d84efa9cc2fb8410,data/raw/ptm45_hp_vds_1v_raw.txt
PTM,NMOS,45,HP,1.0,0.045,25.0,1.0,0.2100000000000002,3.980608556354552e-06,nominal_vdd,model_nominal_vdd,1.0,simulation,ngspice,c9ed2e513523c57a76912a35b2860cb85e4aaa3402b69757d84efa9cc2fb8410,data/raw/ptm45_hp_vds_1v_raw.txt
PTM,NMOS,45,HP,1.0,0.045,25.0,1.0,0.2150000000000002,4.456417993286887e-06,nominal_vdd,model_nominal_vdd,1.0,simulation,ngspice,c9ed2e513523c57a76912a35b2860cb85e4aaa3402b69757d84efa9cc2fb8410,data/raw/ptm45_hp_vds_1v_raw.txt
PTM,NMOS,45,HP,1.0,0.045,25.0,1.0,0.2200000000000002,4.984327800015662e-06,nominal_vdd,model_nominal_vdd,1.0,simulation,ngspice,c9ed2e513523c57a76912a35b2860cb85e4aaa3402b69757d84efa9cc2fb8410,data/raw/ptm45_hp_vds_1v_raw.txt
PTM,NMOS,45,HP,1.0,0.045,25.0,1.0,0.2250000000000002,5.569311651379144e-06,nominal_vdd,model_nominal_vdd,1.0,simulation,ngspice,c9ed2e513523c57a76912a35b2860cb85e4aaa3402b69757d84efa9cc2fb8410,data/raw/ptm45_hp_vds_1v_raw.txt
PTM,NMOS,45,HP,1.0,0.045,25.0,1.0,0.2300000000000002,6.21671073040775e-06,nominal_vdd,model_nominal_vdd,1.0,simulation,ngspice,c9ed2e513523c57a76912a35b2860cb85e4aaa3402b69757d84efa9cc2fb8410,data/raw/ptm45_hp_vds_1v_raw.txt
PTM,NMOS,45,HP,1.0,0.045,25.0,1.0,0.2350000000000002,6.932244372969345e-06,nominal_vdd,model_nominal_vdd,1.0,simulation,ngspice,c9ed2e513523c57a76912a35b2860cb85e4aaa3402b69757d84efa9cc2fb8410,data/raw/ptm45_hp_vds_1v_raw.txt
PTM,NMOS,45,HP,1.0,0.045,25.0,1.0,0.2400000000000002,7.722017816222098e-06,nominal_vdd,model_nominal_vdd,1.0,simulation,ngspice,c9ed2e513523c57a76912a35b2860cb85e4aaa3402b69757d84efa9cc2fb8410,data/raw/ptm45_hp_vds_1v_raw.txt
PTM,NMOS,45,HP,1.0,0.045,25.0,1.0,0.2450000000000002,8.59252630490707e-06,nominal_vdd,model_nominal_vdd,1.0,simulation,ngspice,c9ed2e513523c57a76912a35b2860cb85e4aaa3402b69757d84efa9cc2fb8410,data/raw/ptm45_hp_vds_1v_raw.txt
PTM,NMOS,45,HP,1.0,0.045,25.0,1.0,0.2500000000000002,9.550654739339939e-06,nominal_vdd,model_nominal_vdd,1.0,simulation,ngspice,c9ed2e513523c57a76912a35b2860cb85e4aaa3402b69757d84efa9cc2fb8410,data/raw/ptm45_hp_vds_1v_raw.txt
PTM,NMOS,45,HP,1.0,0.045,25.0,1.0,0.2550000000000002,1.060367199785062e-05,nominal_vdd,model_nominal_vdd,1.0,simulation,ngspice,c9ed2e513523c57a76912a35b2860cb85e4aaa3402b69757d84efa9cc2fb8410,data/raw/ptm45_hp_vds_1v_raw.txt
PTM,NMOS,45,HP,1.0,0.045,25.0,1.0,0.2600000000000002,1.175921904331462e-05,nominal_vdd,model_nominal_vdd,1.0,simulation,ngspice,c9ed2e513523c57a76912a35b2860cb85e4aaa3402b69757d84efa9cc2fb8410,data/raw/ptm45_hp_vds_1v_raw.txt
PTM,NMOS,45,HP,1.0,0.045,25.0,1.0,0.2650000000000002,1.302528993774698e-05,nominal_vdd,model_nominal_vdd,1.0,simulation,ngspice,c9ed2e513523c57a76912a35b2860cb85e4aaa3402b69757d84efa9cc2fb8410,data/raw/ptm45_hp_vds_1v_raw.txt
PTM,NMOS,45,HP,1.0,0.045,25.0,1.0,0.2700000000000002,1.441020494954635e-05,nominal_vdd,model_nominal_vdd,1.0,simulation,ngspice,c9ed2e513523c57a76912a35b2860cb85e4aaa3402b69757d84efa9cc2fb8410,data/raw/ptm45_hp_vds_1v_raw.txt
PTM,NMOS,45,HP,1.0,0.045,25.0,1.0,0.2750000000000002,1.592257505249413e-05,nominal_vdd,model_nominal_vdd,1.0,simulation,ngspice,c9ed2e513523c57a76912a35b2860cb85e4aaa3402b69757d84efa9cc2fb8410,data/raw/ptm45_hp_vds_1v_raw.txt
PTM,NMOS,45,HP,1.0,0.045,25.0,1.0,0.2800000000000002,1.757125728902393e-05,nominal_vdd,model_nominal_vdd,1.0,simulation,ngspice,c9ed2e513523c57a76912a35b2860cb85e4aaa3402b69757d84efa9cc2fb8410,data/raw/ptm45_hp_vds_1v_raw.txt
PTM,NMOS,45,HP,1.0,0.045,25.0,1.0,0.2850000000000003,1.936530070408136e-05,nominal_vdd,model_nominal_vdd,1.0,simulation,ngspice,c9ed2e513523c57a76912a35b2860cb85e4aaa3402b69757d84efa9cc2fb8410,data/raw/ptm45_hp_vds_1v_raw.txt
PTM,NMOS,45,HP,1.0,0.045,25.0,1.0,0.2900000000000003,2.131388284702994e-05,nominal_vdd,model_nominal_vdd,1.0,simulation,ngspice,c9ed2e513523c57a76912a35b2860cb85e4aaa3402b69757d84efa9cc2fb8410,data/raw/ptm45_hp_vds_1v_raw.txt
PTM,NMOS,45,HP,1.0,0.045,25.0,1.0,0.2950000000000003,2.342623717936441e-05,nominal_vdd,model_nominal_vdd,1.0,simulation,ngspice,c9ed2e513523c57a76912a35b2860cb85e4aaa3402b69757d84efa9cc2fb8410,data/raw/ptm45_hp_vds_1v_raw.txt
PTM,NMOS,45,HP,1.0,0.045,25.0,1.0,0.3000000000000003,2.571157210198044e-05,nominal_vdd,model_nominal_vdd,1.0,simulation,ngspice,c9ed2e513523c57a76912a35b2860cb85e4aaa3402b69757d84efa9cc2fb8410,data/raw/ptm45_hp_vds_1v_raw.txt
PTM,NMOS,45,HP,1.0,0.045,25.0,1.0,0.3050000000000003,2.817898270898211e-05,nominal_vdd,model_nominal_vdd,1.0,simulation,ngspice,c9ed2e513523c57a76912a35b2860cb85e4aaa3402b69757d84efa9cc2fb8410,data/raw/ptm45_hp_vds_1v_raw.txt
PTM,NMOS,45,HP,1.0,0.045,25.0,1.0,0.3100000000000003,3.083735676314168e-05,nominal_vdd,model_nominal_vdd,1.0,simulation,ngspice,c9ed2e513523c57a76912a35b2860cb85e4aaa3402b69757d84efa9cc2fb8410,data/raw/ptm45_hp_vds_1v_raw.txt
PTM,NMOS,45,HP,1.0,0.045,25.0,1.0,0.3150000000000003,3.369527674635232e-05,nominal_vdd,model_nominal_vdd,1.0,simulation,ngspice,c9ed2e513523c57a76912a35b2860cb85e4aaa3402b69757d84efa9cc2fb8410,data/raw/ptm45_hp_vds_1v_raw.txt
PTM,NMOS,45,HP,1.0,0.045,25.0,1.0,0.3200000000000003,3.676092014167665e-05,nominal_vdd,model_nominal_vdd,1.0,simulation,ngspice,c9ed2e513523c57a76912a35b2860cb85e4aaa3402b69757d84efa9cc2fb8410,data/raw/ptm45_hp_vds_1v_raw.txt
PTM,NMOS,45,HP,1.0,0.045,25.0,1.0,0.3250000000000003,4.004196032855737e-05,nominal_vdd,model_nominal_vdd,1.0,simulation,ngspice,c9ed2e513523c57a76912a35b2860cb85e4aaa3402b69757d84efa9cc2fb8410,data/raw/ptm45_hp_vds_1v_raw.txt
PTM,NMOS,45,HP,1.0,0.045,25.0,1.0,0.3300000000000003,4.354547060036462e-05,nominal_vdd,model_nominal_vdd,1.0,simulation,ngspice,c9ed2e513523c57a76912a35b2860cb85e4aaa3402b69757d84efa9cc2fb8410,data/raw/ptm45_hp_vds_1v_raw.txt
PTM,NMOS,45,HP,1.0,0.045,25.0,1.0,0.3350000000000003,4.727783383069106e-05,nominal_vdd,model_nominal_vdd,1.0,simulation,ngspice,c9ed2e513523c57a76912a35b2860cb85e4aaa3402b69757d84efa9cc2fb8410,data/raw/ptm45_hp_vds_1v_raw.txt
PTM,NMOS,45,HP,1.0,0.045,25.0,1.0,0.3400000000000003,5.124466021618722e-05,nominal_vdd,model_nominal_vdd,1.0,simulation,ngspice,c9ed2e513523c57a76912a35b2860cb85e4aaa3402b69757d84efa9cc2fb8410,data/raw/ptm45_hp_vds_1v_raw.txt
PTM,NMOS,45,HP,1.0,0.045,25.0,1.0,0.3450000000000003,5.545071531203118e-05,nominal_vdd,model_nominal_vdd,1.0,simulation,ngspice,c9ed2e513523c57a76912a35b2860cb85e4aaa3402b69757d84efa9cc2fb8410,data/raw/ptm45_hp_vds_1v_raw.txt
PTM,NMOS,45,HP,1.0,0.045,25.0,1.0,0.3500000000000003,5.989985871927532e-05,nominal_vdd,model_nominal_vdd,1.0,simulation,ngspice,c9ed2e513523c57a76912a35b2860cb85e4aaa3402b69757d84efa9cc2fb8410,data/raw/ptm45_hp_vds_1v_raw.txt
PTM,NMOS,45,HP,1.0,0.045,25.0,1.0,0.3550000000000003,6.459499292622616e-05,nominal_vdd,model_nominal_vdd,1.0,simulation,ngspice,c9ed2e513523c57a76912a35b2860cb85e4aaa3402b69757d84efa9cc2fb8410,data/raw/ptm45_hp_vds_1v_raw.txt
PTM,NMOS,45,HP,1.0,0.045,25.0,1.0,0.3600000000000003,6.953804419494139e-05,nominal_vdd,model_nominal_vdd,1.0,simulation,ngspice,c9ed2e513523c57a76912a35b2860cb85e4aaa3402b69757d84efa9cc2fb8410,data/raw/ptm45_hp_vds_1v_raw.txt
PTM,NMOS,45,HP,1.0,0.045,25.0,1.0,0.3650000000000003,7.472994188711403e-05,nominal_vdd,model_nominal_vdd,1.0,simulation,ngspice,c9ed2e513523c57a76912a35b2860cb85e4aaa3402b69757d84efa9cc2fb8410,data/raw/ptm45_hp_vds_1v_raw.txt
PTM,NMOS,45,HP,1.0,0.045,25.0,1.0,0.3700000000000003,8.017061685238506e-05,nominal_vdd,model_nominal_vdd,1.0,simulation,ngspice,c9ed2e513523c57a76912a35b2860cb85e4aaa3402b69757d84efa9cc2fb8410,data/raw/ptm45_hp_vds_1v_raw.txt
PTM,NMOS,45,HP,1.0,0.045,25.0,1.0,0.3750000000000003,8.58590156844166e-05,nominal_vdd,model_nominal_vdd,1.0,simulation,ngspice,c9ed2e513523c57a76912a35b2860cb85e4aaa3402b69757d84efa9cc2fb8410,data/raw/ptm45_hp_vds_1v_raw.txt
PTM,NMOS,45,HP,1.0,0.045,25.0,1.0,0.3800000000000003,9.179312903434035e-05,nominal_vdd,model_nominal_vdd,1.0,simulation,ngspice,c9ed2e513523c57a76912a35b2860cb85e4aaa3402b69757d84efa9cc2fb8410,data/raw/ptm45_hp_vds_1v_raw.txt
PTM,NMOS,45,HP,1.0,0.045,25.0,1.0,0.3850000000000003,9.797003274654929e-05,nominal_vdd,model_nominal_vdd,1.0,simulation,ngspice,c9ed2e513523c57a76912a35b2860cb85e4aaa3402b69757d84efa9cc2fb8410,data/raw/ptm45_hp_vds_1v_raw.txt
PTM,NMOS,45,HP,1.0,0.045,25.0,1.0,0.3900000000000003,0.0001043859402847839,nominal_vdd,model_nominal_vdd,1.0,simulation,ngspice,c9ed2e513523c57a76912a35b2860cb85e4aaa3402b69757d84efa9cc2fb8410,data/raw/ptm45_hp_vds_1v_raw.txt
PTM,NMOS,45,HP,1.0,0.045,25.0,1.0,0.3950000000000004,0.0001110362647021781,nominal_vdd,model_nominal_vdd,1.0,simulation,ngspice,c9ed2e513523c57a76912a35b2860cb85e4aaa3402b69757d84efa9cc2fb8410,data/raw/ptm45_hp_vds_1v_raw.txt
PTM,NMOS,45,HP,1.0,0.045,25.0,1.0,0.4000000000000004,0.0001178020821920154,nominal_vdd,model_nominal_vdd,1.0,simulation,ngspice,c9ed2e513523c57a76912a35b2860cb85e4aaa3402b69757d84efa9cc2fb8410,data/raw/ptm45_hp_vds_1v_raw.txt
PTM,NMOS,45,HP,1.0,0.045,25.0,1.0,0.4050000000000004,0.000124907721098907,nominal_vdd,model_nominal_vdd,1.0,simulation,ngspice,c9ed2e513523c57a76912a35b2860cb85e4aaa3402b69757d84efa9cc2fb8410,data/raw/ptm45_hp_vds_1v_raw.txt
PTM,NMOS,45,HP,1.0,0.045,25.0,1.0,0.4100000000000004,0.000132230211420627,nominal_vdd,model_nominal_vdd,1.0,simulation,ngspice,c9ed2e513523c57a76912a35b2860cb85e4aaa3402b69757d84efa9cc2fb8410,data/raw/ptm45_hp_vds_1v_raw.txt
PTM,NMOS,45,HP,1.0,0.045,25.0,1.0,0.4150000000000004,0.0001397624681243832,nominal_vdd,model_nominal_vdd,1.0,simulation,ngspice,c9ed2e513523c57a76912a35b2860cb85e4aaa3402b69757d84efa9cc2fb8410,data/raw/ptm45_hp_vds_1v_raw.txt
PTM,NMOS,45,HP,1.0,0.045,25.0,1.0,0.4200000000000004,0.0001474969929286206,nominal_vdd,model_nominal_vdd,1.0,simulation,ngspice,c9ed2e513523c57a76912a35b2860cb85e4aaa3402b69757d84efa9cc2fb8410,data/raw/ptm45_hp_vds_1v_raw.txt
PTM,NMOS,45,HP,1.0,0.045,25.0,1.0,0.4250000000000004,0.0001554259554536689,nominal_vdd,model_nominal_vdd,1.0,simulation,ngspice,c9ed2e513523c57a76912a35b2860cb85e4aaa3402b69757d84efa9cc2fb8410,data/raw/ptm45_hp_vds_1v_raw.txt
PTM,NMOS,45,HP,1.0,0.045,25.0,1.0,0.4300000000000004,0.0001635412718062476,nominal_vdd,model_nominal_vdd,1.0,simulation,ngspice,c9ed2e513523c57a76912a35b2860cb85e4aaa3402b69757d84efa9cc2fb8410,data/raw/ptm45_hp_vds_1v_raw.txt
PTM,NMOS,45,HP,1.0,0.045,25.0,1.0,0.4350000000000004,0.0001718346795011256,nominal_vdd,model_nominal_vdd,1.0,simulation,ngspice,c9ed2e513523c57a76912a35b2860cb85e4aaa3402b69757d84efa9cc2fb8410,data/raw/ptm45_hp_vds_1v_raw.txt
PTM,NMOS,45,HP,1.0,0.045,25.0,1.0,0.4400000000000004,0.00018029780784401,nominal_vdd,model_nominal_vdd,1.0,simulation,ngspice,c9ed2e513523c57a76912a35b2860cb85e4aaa3402b69757d84efa9cc2fb8410,data/raw/ptm45_hp_vds_1v_raw.txt
PTM,NMOS,45,HP,1.0,0.045,25.0,1.0,0.4450000000000004,0.0001889222431137748,nominal_vdd,model_nominal_vdd,1.0,simulation,ngspice,c9ed2e513523c57a76912a35b2860cb85e4aaa3402b69757d84efa9cc2fb8410,data/raw/ptm45_hp_vds_1v_raw.txt
PTM,NMOS,45,HP,1.0,0.045,25.0,1.0,0.4500000000000004,0.0001976995880832546,nominal_vdd,model_nominal_vdd,1.0,simulation,ngspice,c9ed2e513523c57a76912a35b2860cb85e4aaa3402b69757d84efa9cc2fb8410,data/raw/ptm45_hp_vds_1v_raw.txt
PTM,NMOS,45,HP,1.0,0.045,25.0,1.0,0.4550000000000004,0.0002066215156007742,nominal_vdd,model_nominal_vdd,1.0,simulation,ngspice,c9ed2e513523c57a76912a35b2860cb85e4aaa3402b69757d84efa9cc2fb8410,data/raw/ptm45_hp_vds_1v_raw.txt
PTM,NMOS,45,HP,1.0,0.045,25.0,1.0,0.4600000000000004,0.0002156798161163826,nominal_vdd,model_nominal_vdd,1.0,simulation,ngspice,c9ed2e513523c57a76912a35b2860cb85e4aaa3402b69757d84efa9cc2fb8410,data/raw/ptm45_hp_vds_1v_raw.txt
PTM,NMOS,45,HP,1.0,0.045,25.0,1.0,0.4650000000000004,0.0002248664391758099,nominal_vdd,model_nominal_vdd,1.0,simulation,ngspice,c9ed2e513523c57a76912a35b2860cb85e4aaa3402b69757d84efa9cc2fb8410,data/raw/ptm45_hp_vds_1v_raw.txt
PTM,NMOS,45,HP,1.0,0.045,25.0,1.0,0.4700000000000004,0.0002341735290210024,nominal_vdd,model_nominal_vdd,1.0,simulation,ngspice,c9ed2e513523c57a76912a35b2860cb85e4aaa3402b69757d84efa9cc2fb8410,data/raw/ptm45_hp_vds_1v_raw.txt
PTM,NMOS,45,HP,1.0,0.045,25.0,1.0,0.4750000000000004,0.0002435934545293929,nominal_vdd,model_nominal_vdd,1.0,simulation,ngspice,c9ed2e513523c57a76912a35b2860cb85e4aaa3402b69757d84efa9cc2fb8410,data/raw/ptm45_hp_vds_1v_raw.txt
PTM,NMOS,45,HP,1.0,0.045,25.0,1.0,0.4800000000000004,0.000253118833979274,nominal_vdd,model_nominal_vdd,1.0,simulation,ngspice,c9ed2e513523c57a76912a35b2860cb85e4aaa3402b69757d84efa9cc2fb8410,data/raw/ptm45_hp_vds_1v_raw.txt
PTM,NMOS,45,HP,1.0,0.045,25.0,1.0,0.4850000000000004,0.0002627425540466234,nominal_vdd,model_nominal_vdd,1.0,simulation,ngspice,c9ed2e513523c57a76912a35b2860cb85e4aaa3402b69757d84efa9cc2fb8410,data/raw/ptm45_hp_vds_1v_raw.txt
PTM,NMOS,45,HP,1.0,0.045,25.0,1.0,0.4900000000000004,0.000272457785434117,nominal_vdd,model_nominal_vdd,1.0,simulation,ngspice,c9ed2e513523c57a76912a35b2860cb85e4aaa3402b69757d84efa9cc2fb8410,data/raw/ptm45_hp_vds_1v_raw.txt
PTM,NMOS,45,HP,1.0,0.045,25.0,1.0,0.4950000000000004,0.000282257993365207,nominal_vdd,model_nominal_vdd,1.0,simulation,ngspice,c9ed2e513523c57a76912a35b2860cb85e4aaa3402b69757d84efa9cc2fb8410,data/raw/ptm45_hp_vds_1v_raw.txt
PTM,NMOS,45,HP,1.0,0.045,25.0,1.0,0.5000000000000004,0.0002921369446236649,nominal_vdd,model_nominal_vdd,1.0,simulation,ngspice,c9ed2e513523c57a76912a35b2860cb85e4aaa3402b69757d84efa9cc2fb8410,data/raw/ptm45_hp_vds_1v_raw.txt
PTM,NMOS,45,HP,1.0,0.045,25.0,1.0,0.5050000000000004,0.0003020887112043234,nominal_vdd,model_nominal_vdd,1.0,simulation,ngspice,c9ed2e513523c57a76912a35b2860cb85e4aaa3402b69757d84efa9cc2fb8410,data/raw/ptm45_hp_vds_1v_raw.txt
PTM,NMOS,45,HP,1.0,0.045,25.0,1.0,0.5100000000000005,0.0003121076710163066,nominal_vdd,model_nominal_vdd,1.0,simulation,ngspice,c9ed2e513523c57a76912a35b2860cb85e4aaa3402b69757d84efa9cc2fb8410,data/raw/ptm45_hp_vds_1v_raw.txt
PTM,NMOS,45,HP,1.0,0.045,25.0,1.0,0.5150000000000005,0.000322188506029428,nominal_vdd,model_nominal_vdd,1.0,simulation,ngspice,c9ed2e513523c57a76912a35b2860cb85e4aaa3402b69757d84efa9cc2fb8410,data/raw/ptm45_hp_vds_1v_raw.txt
PTM,NMOS,45,HP,1.0,0.045,25.0,1.0,0.5200000000000005,0.000332326198232497,nominal_vdd,model_nominal_vdd,1.0,simulation,ngspice,c9ed2e513523c57a76912a35b2860cb85e4aaa3402b69757d84efa9cc2fb8410,data/raw/ptm45_hp_vds_1v_raw.txt
PTM,NMOS,45,HP,1.0,0.045,25.0,1.0,0.5250000000000005,0.0003425160237474248,nominal_vdd,model_nominal_vdd,1.0,simulation,ngspice,c9ed2e513523c57a76912a35b2860cb85e4aaa3402b69757d84efa9cc2fb8410,data/raw/ptm45_hp_vds_1v_raw.txt
PTM,NMOS,45,HP,1.0,0.045,25.0,1.0,0.5300000000000005,0.0003527535454156162,nominal_vdd,model_nominal_vdd,1.0,simulation,ngspice,c9ed2e513523c57a76912a35b2860cb85e4aaa3402b69757d84efa9cc2fb8410,data/raw/ptm45_hp_vds_1v_raw.txt
PTM,NMOS,45,HP,1.0,0.045,25.0,1.0,0.5350000000000005,0.0003630346041452576,nominal_vdd,model_nominal_vdd,1.0,simulation,ngspice,c9ed2e513523c57a76912a35b2860cb85e4aaa3402b69757d84efa9cc2fb8410,data/raw/ptm45_hp_vds_1v_raw.txt
PTM,NMOS,45,HP,1.0,0.045,25.0,1.0,0.5400000000000005,0.0003733553092797296,nominal_vdd,model_nominal_vdd,1.0,simulation,ngspice,c9ed2e513523c57a76912a35b2860cb85e4aaa3402b69757d84efa9cc2fb8410,data/raw/ptm45_hp_vds_1v_raw.txt
PTM,NMOS,45,HP,1.0,0.045,25.0,1.0,0.5450000000000005,0.0003837120282195365,nominal_vdd,model_nominal_vdd,1.0,simulation,ngspice,c9ed2e513523c57a76912a35b2860cb85e4aaa3402b69757d84efa9cc2fb8410,data/raw/ptm45_hp_vds_1v_raw.txt
PTM,NMOS,45,HP,1.0,0.045,25.0,1.0,0.5500000000000005,0.00039410137550343,nominal_vdd,model_nominal_vdd,1.0,simulation,ngspice,c9ed2e513523c57a76912a35b2860cb85e4aaa3402b69757d84efa9cc2fb8410,data/raw/ptm45_hp_vds_1v_raw.txt
PTM,NMOS,45,HP,1.0,0.045,25.0,1.0,0.5550000000000005,0.0004045202015287588,nominal_vdd,model_nominal_vdd,1.0,simulation,ngspice,c9ed2e513523c57a76912a35b2860cb85e4aaa3402b69757d84efa9cc2fb8410,data/raw/ptm45_hp_vds_1v_raw.txt
PTM,NMOS,45,HP,1.0,0.045,25.0,1.0,0.5600000000000005,0.0004149655810673574,nominal_vdd,model_nominal_vdd,1.0,simulation,ngspice,c9ed2e513523c57a76912a35b2860cb85e4aaa3402b69757d84efa9cc2fb8410,data/raw/ptm45_hp_vds_1v_raw.txt
PTM,NMOS,45,HP,1.0,0.045,25.0,1.0,0.5650000000000005,0.0004254348017110086,nominal_vdd,model_nominal_vdd,1.0,simulation,ngspice,c9ed2e513523c57a76912a35b2860cb85e4aaa3402b69757d84efa9cc2fb8410,data/raw/ptm45_hp_vds_1v_raw.txt
PTM,NMOS,45,HP,1.0,0.045,25.0,1.0,0.5700000000000005,0.0004359253523603361,nominal_vdd,model_nominal_vdd,1.0,simulation,ngspice,c9ed2e513523c57a76912a35b2860cb85e4aaa3402b69757d84efa9cc2fb8410,data/raw/ptm45_hp_vds_1v_raw.txt
PTM,NMOS,45,HP,1.0,0.045,25.0,1.0,0.5750000000000005,0.0004464349118524752,nominal_vdd,model_nominal_vdd,1.0,simulation,ngspice,c9ed2e513523c57a76912a35b2860cb85e4aaa3402b69757d84efa9cc2fb8410,data/raw/ptm45_hp_vds_1v_raw.txt
PTM,NMOS,45,HP,1.0,0.045,25.0,1.0,0.5800000000000005,0.0004569613378062866,nominal_vdd,model_nominal_vdd,1.0,simulation,ngspice,c9ed2e513523c57a76912a35b2860cb85e4aaa3402b69757d84efa9cc2fb8410,data/raw/ptm45_hp_vds_1v_raw.txt
PTM,NMOS,45,HP,1.0,0.045,25.0,1.0,0.5850000000000005,0.000467502655749148,nominal_vdd,model_nominal_vdd,1.0,simulation,ngspice,c9ed2e513523c57a76912a35b2860cb85e4aaa3402b69757d84efa9cc2fb8410,data/raw/ptm45_hp_vds_1v_raw.txt
PTM,NMOS,45,HP,1.0,0.045,25.0,1.0,0.5900000000000005,0.0004780570485761054,nominal_vdd,model_nominal_vdd,1.0,simulation,ngspice,c9ed2e513523c57a76912a35b2860cb85e4aaa3402b69757d84efa9cc2fb8410,data/raw/ptm45_hp_vds_1v_raw.txt
PTM,NMOS,45,HP,1.0,0.045,25.0,1.0,0.5950000000000005,0.0004886228463807734,nominal_vdd,model_nominal_vdd,1.0,simulation,ngspice,c9ed2e513523c57a76912a35b2860cb85e4aaa3402b69757d84efa9cc2fb8410,data/raw/ptm45_hp_vds_1v_raw.txt
PTM,NMOS,45,HP,1.0,0.045,25.0,1.0,0.6000000000000005,0.0004991985166872548,nominal_vdd,model_nominal_vdd,1.0,simulation,ngspice,c9ed2e513523c57a76912a35b2860cb85e4aaa3402b69757d84efa9cc2fb8410,data/raw/ptm45_hp_vds_1v_raw.txt
PTM,NMOS,45,HP,1.0,0.045,25.0,1.0,0.6050000000000005,0.0005097826551036593,nominal_vdd,model_nominal_vdd,1.0,simulation,ngspice,c9ed2e513523c57a76912a35b2860cb85e4aaa3402b69757d84efa9cc2fb8410,data/raw/ptm45_hp_vds_1v_raw.txt
PTM,NMOS,45,HP,1.0,0.045,25.0,1.0,0.6100000000000005,0.0005203739764104353,nominal_vdd,model_nominal_vdd,1.0,simulation,ngspice,c9ed2e513523c57a76912a35b2860cb85e4aaa3402b69757d84efa9cc2fb8410,data/raw/ptm45_hp_vds_1v_raw.txt
PTM,NMOS,45,HP,1.0,0.045,25.0,1.0,0.6150000000000005,0.0005309713060902836,nominal_vdd,model_nominal_vdd,1.0,simulation,ngspice,c9ed2e513523c57a76912a35b2860cb85e4aaa3402b69757d84efa9cc2fb8410,data/raw/ptm45_hp_vds_1v_raw.txt
PTM,NMOS,45,HP,1.0,0.045,25.0,1.0,0.6200000000000006,0.0005415735723011926,nominal_vdd,model_nominal_vdd,1.0,simulation,ngspice,c9ed2e513523c57a76912a35b2860cb85e4aaa3402b69757d84efa9cc2fb8410,data/raw/ptm45_hp_vds_1v_raw.txt
PTM,NMOS,45,HP,1.0,0.045,25.0,1.0,0.6250000000000006,0.0005521797982896901,nominal_vdd,model_nominal_vdd,1.0,simulation,ngspice,c9ed2e513523c57a76912a35b2860cb85e4aaa3402b69757d84efa9cc2fb8410,data/raw/ptm45_hp_vds_1v_raw.txt
PTM,NMOS,45,HP,1.0,0.045,25.0,1.0,0.6300000000000006,0.0005627890952377143,nominal_vdd,model_nominal_vdd,1.0,simulation,ngspice,c9ed2e513523c57a76912a35b2860cb85e4aaa3402b69757d84efa9cc2fb8410,data/raw/ptm45_hp_vds_1v_raw.txt
PTM,NMOS,45,HP,1.0,0.045,25.0,1.0,0.6350000000000006,0.0005734006555336281,nominal_vdd,model_nominal_vdd,1.0,simulation,ngspice,c9ed2e513523c57a76912a35b2860cb85e4aaa3402b69757d84efa9cc2fb8410,data/raw/ptm45_hp_vds_1v_raw.txt
PTM,NMOS,45,HP,1.0,0.045,25.0,1.0,0.6400000000000006,0.0005840137464555226,nominal_vdd,model_nominal_vdd,1.0,simulation,ngspice,c9ed2e513523c57a76912a35b2860cb85e4aaa3402b69757d84efa9cc2fb8410,data/raw/ptm45_hp_vds_1v_raw.txt
PTM,NMOS,45,HP,1.0,0.045,25.0,1.0,0.6450000000000006,0.0005946277042531709,nominal_vdd,model_nominal_vdd,1.0,simulation,ngspice,c9ed2e513523c57a76912a35b2860cb85e4aaa3402b69757d84efa9cc2fb8410,data/raw/ptm45_hp_vds_1v_raw.txt
PTM,NMOS,45,HP,1.0,0.045,25.0,1.0,0.6500000000000006,0.0006052419286136032,nominal_vdd,model_nominal_vdd,1.0,simulation,ngspice,c9ed2e513523c57a76912a35b2860cb85e4aaa3402b69757d84efa9cc2fb8410,data/raw/ptm45_hp_vds_1v_raw.txt
PTM,NMOS,45,HP,1.0,0.045,25.0,1.0,0.6550000000000006,0.0006158558774943251,nominal_vdd,model_nominal_vdd,1.0,simulation,ngspice,c9ed2e513523c57a76912a35b2860cb85e4aaa3402b69757d84efa9cc2fb8410,data/raw/ptm45_hp_vds_1v_raw.txt
PTM,NMOS,45,HP,1.0,0.045,25.0,1.0,0.6600000000000006,0.0006264690623075753,nominal_vdd,model_nominal_vdd,1.0,simulation,ngspice,c9ed2e513523c57a76912a35b2860cb85e4aaa3402b69757d84efa9cc2fb8410,data/raw/ptm45_hp_vds_1v_raw.txt
PTM,NMOS,45,HP,1.0,0.045,25.0,1.0,0.6650000000000006,0.0006370810434385686,nominal_vdd,model_nominal_vdd,1.0,simulation,ngspice,c9ed2e513523c57a76912a35b2860cb85e4aaa3402b69757d84efa9cc2fb8410,data/raw/ptm45_hp_vds_1v_raw.txt
PTM,NMOS,45,HP,1.0,0.045,25.0,1.0,0.6700000000000006,0.0006476914260806907,nominal_vdd,model_nominal_vdd,1.0,simulation,ngspice,c9ed2e513523c57a76912a35b2860cb85e4aaa3402b69757d84efa9cc2fb8410,data/raw/ptm45_hp_vds_1v_raw.txt
PTM,NMOS,45,HP,1.0,0.045,25.0,1.0,0.6750000000000006,0.0006582998563704763,nominal_vdd,model_nominal_vdd,1.0,simulation,ngspice,c9ed2e513523c57a76912a35b2860cb85e4aaa3402b69757d84efa9cc2fb8410,data/raw/ptm45_hp_vds_1v_raw.txt
PTM,NMOS,45,HP,1.0,0.045,25.0,1.0,0.6800000000000006,0.000668906017805603,nominal_vdd,model_nominal_vdd,1.0,simulation,ngspice,c9ed2e513523c57a76912a35b2860cb85e4aaa3402b69757d84efa9cc2fb8410,data/raw/ptm45_hp_vds_1v_raw.txt
PTM,NMOS,45,HP,1.0,0.045,25.0,1.0,0.6850000000000006,0.000679509627929288,nominal_vdd,model_nominal_vdd,1.0,simulation,ngspice,c9ed2e513523c57a76912a35b2860cb85e4aaa3402b69757d84efa9cc2fb8410,data/raw/ptm45_hp_vds_1v_raw.txt
PTM,NMOS,45,HP,1.0,0.045,25.0,1.0,0.6900000000000006,0.0006901104352651224,nominal_vdd,model_nominal_vdd,1.0,simulation,ngspice,c9ed2e513523c57a76912a35b2860cb85e4aaa3402b69757d84efa9cc2fb8410,data/raw/ptm45_hp_vds_1v_raw.txt
PTM,NMOS,45,HP,1.0,0.045,25.0,1.0,0.6950000000000006,0.0007007082164866516,nominal_vdd,model_nominal_vdd,1.0,simulation,ngspice,c9ed2e513523c57a76912a35b2860cb85e4aaa3402b69757d84efa9cc2fb8410,data/raw/ptm45_hp_vds_1v_raw.txt
PTM,NMOS,45,HP,1.0,0.045,25.0,1.0,0.7000000000000006,0.0007113027738068271,nominal_vdd,model_nominal_vdd,1.0,simulation,ngspice,c9ed2e513523c57a76912a35b2860cb85e4aaa3402b69757d84efa9cc2fb8410,data/raw/ptm45_hp_vds_1v_raw.txt
PTM,NMOS,45,HP,1.0,0.045,25.0,1.0,0.7050000000000006,0.0007218939325728639,nominal_vdd,model_nominal_vdd,1.0,simulation,ngspice,c9ed2e513523c57a76912a35b2860cb85e4aaa3402b69757d84efa9cc2fb8410,data/raw/ptm45_hp_vds_1v_raw.txt
PTM,NMOS,45,HP,1.0,0.045,25.0,1.0,0.7100000000000006,0.0007324815390527922,nominal_vdd,model_nominal_vdd,1.0,simulation,ngspice,c9ed2e513523c57a76912a35b2860cb85e4aaa3402b69757d84efa9cc2fb8410,data/raw/ptm45_hp_vds_1v_raw.txt
PTM,NMOS,45,HP,1.0,0.045,25.0,1.0,0.7150000000000006,0.0007430654584006675,nominal_vdd,model_nominal_vdd,1.0,simulation,ngspice,c9ed2e513523c57a76912a35b2860cb85e4aaa3402b69757d84efa9cc2fb8410,data/raw/ptm45_hp_vds_1v_raw.txt
PTM,NMOS,45,HP,1.0,0.045,25.0,1.0,0.7200000000000006,0.0007536455727879434,nominal_vdd,model_nominal_vdd,1.0,simulation,ngspice,c9ed2e513523c57a76912a35b2860cb85e4aaa3402b69757d84efa9cc2fb8410,data/raw/ptm45_hp_vds_1v_raw.txt
PTM,NMOS,45,HP,1.0,0.045,25.0,1.0,0.7250000000000006,0.0007642217796893176,nominal_vdd,model_nominal_vdd,1.0,simulation,ngspice,c9ed2e513523c57a76912a35b2860cb85e4aaa3402b69757d84efa9cc2fb8410,data/raw/ptm45_hp_vds_1v_raw.txt
PTM,NMOS,45,HP,1.0,0.045,25.0,1.0,0.7300000000000006,0.0007747939903119339,nominal_vdd,model_nominal_vdd,1.0,simulation,ngspice,c9ed2e513523c57a76912a35b2860cb85e4aaa3402b69757d84efa9cc2fb8410,data/raw/ptm45_hp_vds_1v_raw.txt
PTM,NMOS,45,HP,1.0,0.045,25.0,1.0,0.7350000000000007,0.0007853621281574579,nominal_vdd,model_nominal_vdd,1.0,simulation,ngspice,c9ed2e513523c57a76912a35b2860cb85e4aaa3402b69757d84efa9cc2fb8410,data/raw/ptm45_hp_vds_1v_raw.txt
PTM,NMOS,45,HP,1.0,0.045,25.0,1.0,0.7400000000000007,0.0007959261277072524,nominal_vdd,model_nominal_vdd,1.0,simulation,ngspice,c9ed2e513523c57a76912a35b2860cb85e4aaa3402b69757d84efa9cc2fb8410,data/raw/ptm45_hp_vds_1v_raw.txt
PTM,NMOS,45,HP,1.0,0.045,25.0,1.0,0.7450000000000007,0.0008064859332213668,nominal_vdd,model_nominal_vdd,1.0,simulation,ngspice,c9ed2e513523c57a76912a35b2860cb85e4aaa3402b69757d84efa9cc2fb8410,data/raw/ptm45_hp_vds_1v_raw.txt
PTM,NMOS,45,HP,1.0,0.045,25.0,1.0,0.7500000000000007,0.0008170414976427304,nominal_vdd,model_nominal_vdd,1.0,simulation,ngspice,c9ed2e513523c57a76912a35b2860cb85e4aaa3402b69757d84efa9cc2fb8410,data/raw/ptm45_hp_vds_1v_raw.txt
PTM,NMOS,45,HP,1.0,0.045,25.0,1.0,0.7550000000000007,0.0008275927815984853,nominal_vdd,model_nominal_vdd,1.0,simulation,ngspice,c9ed2e513523c57a76912a35b2860cb85e4aaa3402b69757d84efa9cc2fb8410,data/raw/ptm45_hp_vds_1v_raw.txt
PTM,NMOS,45,HP,1.0,0.045,25.0,1.0,0.7600000000000007,0.0008381397524908558,nominal_vdd,model_nominal_vdd,1.0,simulation,ngspice,c9ed2e513523c57a76912a35b2860cb85e4aaa3402b69757d84efa9cc2fb8410,data/raw/ptm45_hp_vds_1v_raw.txt
PTM,NMOS,45,HP,1.0,0.045,25.0,1.0,0.7650000000000007,0.0008486823836705794,nominal_vdd,model_nominal_vdd,1.0,simulation,ngspice,c9ed2e513523c57a76912a35b2860cb85e4aaa3402b69757d84efa9cc2fb8410,data/raw/ptm45_hp_vds_1v_raw.txt
PTM,NMOS,45,HP,1.0,0.045,25.0,1.0,0.7700000000000007,0.0008592206536862912,nominal_vdd,model_nominal_vdd,1.0,simulation,ngspice,c9ed2e513523c57a76912a35b2860cb85e4aaa3402b69757d84efa9cc2fb8410,data/raw/ptm45_hp_vds_1v_raw.txt
PTM,NMOS,45,HP,1.0,0.045,25.0,1.0,0.7750000000000007,0.000869754545603814,nominal_vdd,model_nominal_vdd,1.0,simulation,ngspice,c9ed2e513523c57a76912a35b2860cb85e4aaa3402b69757d84efa9cc2fb8410,data/raw/ptm45_hp_vds_1v_raw.txt
PTM,NMOS,45,HP,1.0,0.045,25.0,1.0,0.7800000000000007,0.0008802840463896318,nominal_vdd,model_nominal_vdd,1.0,simulation,ngspice,c9ed2e513523c57a76912a35b2860cb85e4aaa3402b69757d84efa9cc2fb8410,data/raw/ptm45_hp_vds_1v_raw.txt
PTM,NMOS,45,HP,1.0,0.045,25.0,1.0,0.7850000000000007,0.0008908091463533455,nominal_vdd,model_nominal_vdd,1.0,simulation,ngspice,c9ed2e513523c57a76912a35b2860cb85e4aaa3402b69757d84efa9cc2fb8410,data/raw/ptm45_hp_vds_1v_raw.txt
PTM,NMOS,45,HP,1.0,0.045,25.0,1.0,0.7900000000000007,0.0009013298386442135,nominal_vdd,model_nominal_vdd,1.0,simulation,ngspice,c9ed2e513523c57a76912a35b2860cb85e4aaa3402b69757d84efa9cc2fb8410,data/raw/ptm45_hp_vds_1v_raw.txt
PTM,NMOS,45,HP,1.0,0.045,25.0,1.0,0.7950000000000007,0.0009118461187972297,nominal_vdd,model_nominal_vdd,1.0,simulation,ngspice,c9ed2e513523c57a76912a35b2860cb85e4aaa3402b69757d84efa9cc2fb8410,data/raw/ptm45_hp_vds_1v_raw.txt
PTM,NMOS,45,HP,1.0,0.045,25.0,1.0,0.8000000000000007,0.0009223579843246119,nominal_vdd,model_nominal_vdd,1.0,simulation,ngspice,c9ed2e513523c57a76912a35b2860cb85e4aaa3402b69757d84efa9cc2fb8410,data/raw/ptm45_hp_vds_1v_raw.txt
PTM,NMOS,45,HP,1.0,0.045,25.0,1.0,0.8050000000000007,0.0009328654343488239,nominal_vdd,model_nominal_vdd,1.0,simulation,ngspice,c9ed2e513523c57a76912a35b2860cb85e4aaa3402b69757d84efa9cc2fb8410,data/raw/ptm45_hp_vds_1v_raw.txt
PTM,NMOS,45,HP,1.0,0.045,25.0,1.0,0.8100000000000007,0.0009433684692735243,nominal_vdd,model_nominal_vdd,1.0,simulation,ngspice,c9ed2e513523c57a76912a35b2860cb85e4aaa3402b69757d84efa9cc2fb8410,data/raw/ptm45_hp_vds_1v_raw.txt
PTM,NMOS,45,HP,1.0,0.045,25.0,1.0,0.8150000000000007,0.0009538670904892137,nominal_vdd,model_nominal_vdd,1.0,simulation,ngspice,c9ed2e513523c57a76912a35b2860cb85e4aaa3402b69757d84efa9cc2fb8410,data/raw/ptm45_hp_vds_1v_raw.txt
PTM,NMOS,45,HP,1.0,0.045,25.0,1.0,0.8200000000000007,0.0009643613001104705,nominal_vdd,model_nominal_vdd,1.0,simulation,ngspice,c9ed2e513523c57a76912a35b2860cb85e4aaa3402b69757d84efa9cc2fb8410,data/raw/ptm45_hp_vds_1v_raw.txt
PTM,NMOS,45,HP,1.0,0.045,25.0,1.0,0.8250000000000007,0.0009748511007420388,nominal_vdd,model_nominal_vdd,1.0,simulation,ngspice,c9ed2e513523c57a76912a35b2860cb85e4aaa3402b69757d84efa9cc2fb8410,data/raw/ptm45_hp_vds_1v_raw.txt
PTM,NMOS,45,HP,1.0,0.045,25.0,1.0,0.8300000000000007,0.0009853364952711456,nominal_vdd,model_nominal_vdd,1.0,simulation,ngspice,c9ed2e513523c57a76912a35b2860cb85e4aaa3402b69757d84efa9cc2fb8410,data/raw/ptm45_hp_vds_1v_raw.txt
PTM,NMOS,45,HP,1.0,0.045,25.0,1.0,0.8350000000000007,0.0009958174866837135,nominal_vdd,model_nominal_vdd,1.0,simulation,ngspice,c9ed2e513523c57a76912a35b2860cb85e4aaa3402b69757d84efa9cc2fb8410,data/raw/ptm45_hp_vds_1v_raw.txt
PTM,NMOS,45,HP,1.0,0.045,25.0,1.0,0.8400000000000007,0.001006294077902229,nominal_vdd,model_nominal_vdd,1.0,simulation,ngspice,c9ed2e513523c57a76912a35b2860cb85e4aaa3402b69757d84efa9cc2fb8410,data/raw/ptm45_hp_vds_1v_raw.txt
PTM,NMOS,45,HP,1.0,0.045,25.0,1.0,0.8450000000000008,0.001016766271643333,nominal_vdd,model_nominal_vdd,1.0,simulation,ngspice,c9ed2e513523c57a76912a35b2860cb85e4aaa3402b69757d84efa9cc2fb8410,data/raw/ptm45_hp_vds_1v_raw.txt
PTM,NMOS,45,HP,1.0,0.045,25.0,1.0,0.8500000000000008,0.001027234070293259,nominal_vdd,model_nominal_vdd,1.0,simulation,ngspice,c9ed2e513523c57a76912a35b2860cb85e4aaa3402b69757d84efa9cc2fb8410,data/raw/ptm45_hp_vds_1v_raw.txt
PTM,NMOS,45,HP,1.0,0.045,25.0,1.0,0.8550000000000008,0.001037697475799404,nominal_vdd,model_nominal_vdd,1.0,simulation,ngspice,c9ed2e513523c57a76912a35b2860cb85e4aaa3402b69757d84efa9cc2fb8410,data/raw/ptm45_hp_vds_1v_raw.txt
PTM,NMOS,45,HP,1.0,0.045,25.0,1.0,0.8600000000000008,0.001048156489576517,nominal_vdd,model_nominal_vdd,1.0,simulation,ngspice,c9ed2e513523c57a76912a35b2860cb85e4aaa3402b69757d84efa9cc2fb8410,data/raw/ptm45_hp_vds_1v_raw.txt
PTM,NMOS,45,HP,1.0,0.045,25.0,1.0,0.8650000000000008,0.001058611112426121,nominal_vdd,model_nominal_vdd,1.0,simulation,ngspice,c9ed2e513523c57a76912a35b2860cb85e4aaa3402b69757d84efa9cc2fb8410,data/raw/ptm45_hp_vds_1v_raw.txt
PTM,NMOS,45,HP,1.0,0.045,25.0,1.0,0.8700000000000008,0.001069061344467763,nominal_vdd,model_nominal_vdd,1.0,simulation,ngspice,c9ed2e513523c57a76912a35b2860cb85e4aaa3402b69757d84efa9cc2fb8410,data/raw/ptm45_hp_vds_1v_raw.txt
PTM,NMOS,45,HP,1.0,0.045,25.0,1.0,0.8750000000000008,0.001079507185081012,nominal_vdd,model_nominal_vdd,1.0,simulation,ngspice,c9ed2e513523c57a76912a35b2860cb85e4aaa3402b69757d84efa9cc2fb8410,data/raw/ptm45_hp_vds_1v_raw.txt
PTM,NMOS,45,HP,1.0,0.045,25.0,1.0,0.8800000000000008,0.001089948632857063,nominal_vdd,model_nominal_vdd,1.0,simulation,ngspice,c9ed2e513523c57a76912a35b2860cb85e4aaa3402b69757d84efa9cc2fb8410,data/raw/ptm45_hp_vds_1v_raw.txt
PTM,NMOS,45,HP,1.0,0.045,25.0,1.0,0.8850000000000008,0.001100385685558967,nominal_vdd,model_nominal_vdd,1.0,simulation,ngspice,c9ed2e513523c57a76912a35b2860cb85e4aaa3402b69757d84efa9cc2fb8410,data/raw/ptm45_hp_vds_1v_raw.txt
PTM,NMOS,45,HP,1.0,0.045,25.0,1.0,0.8900000000000008,0.001110818340089577,nominal_vdd,model_nominal_vdd,1.0,simulation,ngspice,c9ed2e513523c57a76912a35b2860cb85e4aaa3402b69757d84efa9cc2fb8410,data/raw/ptm45_hp_vds_1v_raw.txt
PTM,NMOS,45,HP,1.0,0.045,25.0,1.0,0.8950000000000008,0.001121246592466391,nominal_vdd,model_nominal_vdd,1.0,simulation,ngspice,c9ed2e513523c57a76912a35b2860cb85e4aaa3402b69757d84efa9cc2fb8410,data/raw/ptm45_hp_vds_1v_raw.txt
PTM,NMOS,45,HP,1.0,0.045,25.0,1.0,0.9000000000000008,0.001131670437802516,nominal_vdd,model_nominal_vdd,1.0,simulation,ngspice,c9ed2e513523c57a76912a35b2860cb85e4aaa3402b69757d84efa9cc2fb8410,data/raw/ptm45_hp_vds_1v_raw.txt
PTM,NMOS,45,HP,1.0,0.045,25.0,1.0,0.9050000000000008,0.001142089870293109,nominal_vdd,model_nominal_vdd,1.0,simulation,ngspice,c9ed2e513523c57a76912a35b2860cb85e4aaa3402b69757d84efa9cc2fb8410,data/raw/ptm45_hp_vds_1v_raw.txt
PTM,NMOS,45,HP,1.0,0.045,25.0,1.0,0.9100000000000008,0.001152504883206628,nominal_vdd,model_nominal_vdd,1.0,simulation,ngspice,c9ed2e513523c57a76912a35b2860cb85e4aaa3402b69757d84efa9cc2fb8410,data/raw/ptm45_hp_vds_1v_raw.txt
PTM,NMOS,45,HP,1.0,0.045,25.0,1.0,0.9150000000000008,0.001162915468880342,nominal_vdd,model_nominal_vdd,1.0,simulation,ngspice,c9ed2e513523c57a76912a35b2860cb85e4aaa3402b69757d84efa9cc2fb8410,data/raw/ptm45_hp_vds_1v_raw.txt
PTM,NMOS,45,HP,1.0,0.045,25.0,1.0,0.9200000000000008,0.001173321618719588,nominal_vdd,model_nominal_vdd,1.0,simulation,ngspice,c9ed2e513523c57a76912a35b2860cb85e4aaa3402b69757d84efa9cc2fb8410,data/raw/ptm45_hp_vds_1v_raw.txt
PTM,NMOS,45,HP,1.0,0.045,25.0,1.0,0.9250000000000008,0.001183723323200299,nominal_vdd,model_nominal_vdd,1.0,simulation,ngspice,c9ed2e513523c57a76912a35b2860cb85e4aaa3402b69757d84efa9cc2fb8410,data/raw/ptm45_hp_vds_1v_raw.txt
PTM,NMOS,45,HP,1.0,0.045,25.0,1.0,0.9300000000000008,0.001194120571874382,nominal_vdd,model_nominal_vdd,1.0,simulation,ngspice,c9ed2e513523c57a76912a35b2860cb85e4aaa3402b69757d84efa9cc2fb8410,data/raw/ptm45_hp_vds_1v_raw.txt
PTM,NMOS,45,HP,1.0,0.045,25.0,1.0,0.9350000000000008,0.00120451335337756,nominal_vdd,model_nominal_vdd,1.0,simulation,ngspice,c9ed2e513523c57a76912a35b2860cb85e4aaa3402b69757d84efa9cc2fb8410,data/raw/ptm45_hp_vds_1v_raw.txt
PTM,NMOS,45,HP,1.0,0.045,25.0,1.0,0.9400000000000008,0.00121490165543932,nominal_vdd,model_nominal_vdd,1.0,simulation,ngspice,c9ed2e513523c57a76912a35b2860cb85e4aaa3402b69757d84efa9cc2fb8410,data/raw/ptm45_hp_vds_1v_raw.txt
PTM,NMOS,45,HP,1.0,0.045,25.0,1.0,0.9450000000000008,0.001225285464894685,nominal_vdd,model_nominal_vdd,1.0,simulation,ngspice,c9ed2e513523c57a76912a35b2860cb85e4aaa3402b69757d84efa9cc2fb8410,data/raw/ptm45_hp_vds_1v_raw.txt
PTM,NMOS,45,HP,1.0,0.045,25.0,1.0,0.9500000000000008,0.001235664767697483,nominal_vdd,model_nominal_vdd,1.0,simulation,ngspice,c9ed2e513523c57a76912a35b2860cb85e4aaa3402b69757d84efa9cc2fb8410,data/raw/ptm45_hp_vds_1v_raw.txt
PTM,NMOS,45,HP,1.0,0.045,25.0,1.0,0.9550000000000008,0.001246039548934875,nominal_vdd,model_nominal_vdd,1.0,simulation,ngspice,c9ed2e513523c57a76912a35b2860cb85e4aaa3402b69757d84efa9cc2fb8410,data/raw/ptm45_hp_vds_1v_raw.txt
PTM,NMOS,45,HP,1.0,0.045,25.0,1.0,0.9600000000000009,0.001256409792842924,nominal_vdd,model_nominal_vdd,1.0,simulation,ngspice,c9ed2e513523c57a76912a35b2860cb85e4aaa3402b69757d84efa9cc2fb8410,data/raw/ptm45_hp_vds_1v_raw.txt
PTM,NMOS,45,HP,1.0,0.045,25.0,1.0,0.9650000000000009,0.001266775482822979,nominal_vdd,model_nominal_vdd,1.0,simulation,ngspice,c9ed2e513523c57a76912a35b2860cb85e4aaa3402b69757d84efa9cc2fb8410,data/raw/ptm45_hp_vds_1v_raw.txt
PTM,NMOS,45,HP,1.0,0.045,25.0,1.0,0.9700000000000009,0.001277136601458703,nominal_vdd,model_nominal_vdd,1.0,simulation,ngspice,c9ed2e513523c57a76912a35b2860cb85e4aaa3402b69757d84efa9cc2fb8410,data/raw/ptm45_hp_vds_1v_raw.txt
PTM,NMOS,45,HP,1.0,0.045,25.0,1.0,0.9750000000000009,0.001287493130533544,nominal_vdd,model_nominal_vdd,1.0,simulation,ngspice,c9ed2e513523c57a76912a35b2860cb85e4aaa3402b69757d84efa9cc2fb8410,data/raw/ptm45_hp_vds_1v_raw.txt
PTM,NMOS,45,HP,1.0,0.045,25.0,1.0,0.9800000000000009,0.001297845051048551,nominal_vdd,model_nominal_vdd,1.0,simulation,ngspice,c9ed2e513523c57a76912a35b2860cb85e4aaa3402b69757d84efa9cc2fb8410,data/raw/ptm45_hp_vds_1v_raw.txt
PTM,NMOS,45,HP,1.0,0.045,25.0,1.0,0.9850000000000009,0.001308192343240366,nominal_vdd,model_nominal_vdd,1.0,simulation,ngspice,c9ed2e513523c57a76912a35b2860cb85e4aaa3402b69757d84efa9cc2fb8410,data/raw/ptm45_hp_vds_1v_raw.txt
PTM,NMOS,45,HP,1.0,0.045,25.0,1.0,0.9900000000000009,0.00131853498659927,nominal_vdd,model_nominal_vdd,1.0,simulation,ngspice,c9ed2e513523c57a76912a35b2860cb85e4aaa3402b69757d84efa9cc2fb8410,data/raw/ptm45_hp_vds_1v_raw.txt
PTM,NMOS,45,HP,1.0,0.045,25.0,1.0,0.9950000000000009,0.001328872959887199,nominal_vdd,model_nominal_vdd,1.0,simulation,ngspice,c9ed2e513523c57a76912a35b2860cb85e4aaa3402b69757d84efa9cc2fb8410,data/raw/ptm45_hp_vds_1v_raw.txt
PTM,NMOS,45,HP,1.0,0.045,25.0,1.0,1.000000000000001,0.001339206241155616,nominal_vdd,model_nominal_vdd,1.0,simulation,ngspice,c9ed2e513523c57a76912a35b2860cb85e4aaa3402b69757d84efa9cc2fb8410,data/raw/ptm45_hp_vds_1v_raw.txt
PTM,NMOS,45,LP,1.0,0.045,25.0,0.05,-0.2,7.395875460396777e-14,low_vds,low_drain_bias,1.1,simulation,ngspice,397141eb8a813045075ac2be3098d3b136ebaf4d597c08fca627922a75e443b7,data/raw/ptm45_lp_vds_0p05v_raw.txt
PTM,NMOS,45,LP,1.0,0.045,25.0,0.05,-0.195,7.601454251612677e-14,low_vds,low_drain_bias,1.1,simulation,ngspice,397141eb8a813045075ac2be3098d3b136ebaf4d597c08fca627922a75e443b7,data/raw/ptm45_lp_vds_0p05v_raw.txt
PTM,NMOS,45,LP,1.0,0.045,25.0,0.05,-0.19,7.850783667536664e-14,low_vds,low_drain_bias,1.1,simulation,ngspice,397141eb8a813045075ac2be3098d3b136ebaf4d597c08fca627922a75e443b7,data/raw/ptm45_lp_vds_0p05v_raw.txt
PTM,NMOS,45,LP,1.0,0.045,25.0,0.05,-0.185,8.135751620383013e-14,low_vds,low_drain_bias,1.1,simulation,ngspice,397141eb8a813045075ac2be3098d3b136ebaf4d597c08fca627922a75e443b7,data/raw/ptm45_lp_vds_0p05v_raw.txt
PTM,NMOS,45,LP,1.0,0.045,25.0,0.05,-0.18,8.461451989416025e-14,low_vds,low_drain_bias,1.1,simulation,ngspice,397141eb8a813045075ac2be3098d3b136ebaf4d597c08fca627922a75e443b7,data/raw/ptm45_lp_vds_0p05v_raw.txt
PTM,NMOS,45,LP,1.0,0.045,25.0,0.05,-0.175,8.833706685786712e-14,low_vds,low_drain_bias,1.1,simulation,ngspice,397141eb8a813045075ac2be3098d3b136ebaf4d597c08fca627922a75e443b7,data/raw/ptm45_lp_vds_0p05v_raw.txt
PTM,NMOS,45,LP,1.0,0.045,25.0,0.05,-0.17,9.259169694949073e-14,low_vds,low_drain_bias,1.1,simulation,ngspice,397141eb8a813045075ac2be3098d3b136ebaf4d597c08fca627922a75e443b7,data/raw/ptm45_lp_vds_0p05v_raw.txt
PTM,NMOS,45,LP,1.0,0.045,25.0,0.05,-0.165,9.745445985747446e-14,low_vds,low_drain_bias,1.1,simulation,ngspice,397141eb8a813045075ac2be3098d3b136ebaf4d597c08fca627922a75e443b7,data/raw/ptm45_lp_vds_0p05v_raw.txt
PTM,NMOS,45,LP,1.0,0.045,25.0,0.05,-0.16,1.030122740929751e-13,low_vds,low_drain_bias,1.1,simulation,ngspice,397141eb8a813045075ac2be3098d3b136ebaf4d597c08fca627922a75e443b7,data/raw/ptm45_lp_vds_0p05v_raw.txt
PTM,NMOS,45,LP,1.0,0.045,25.0,0.05,-0.155,1.09364480156364e-13,low_vds,low_drain_bias,1.1,simulation,ngspice,397141eb8a813045075ac2be3098d3b136ebaf4d597c08fca627922a75e443b7,data/raw/ptm45_lp_vds_0p05v_raw.txt
PTM,NMOS,45,LP,1.0,0.045,25.0,0.05,-0.15,1.166246156059891e-13,low_vds,low_drain_bias,1.1,simulation,ngspice,397141eb8a813045075ac2be3098d3b136ebaf4d597c08fca627922a75e443b7,data/raw/ptm45_lp_vds_0p05v_raw.txt
PTM,NMOS,45,LP,1.0,0.045,25.0,0.05,-0.145,1.249224437386227e-13,low_vds,low_drain_bias,1.1,simulation,ngspice,397141eb8a813045075ac2be3098d3b136ebaf4d597c08fca627922a75e443b7,data/raw/ptm45_lp_vds_0p05v_raw.txt
PTM,NMOS,45,LP,1.0,0.045,25.0,0.05,-0.14,1.34406272092415e-13,low_vds,low_drain_bias,1.1,simulation,ngspice,397141eb8a813045075ac2be3098d3b136ebaf4d597c08fca627922a75e443b7,data/raw/ptm45_lp_vds_0p05v_raw.txt
PTM,NMOS,45,LP,1.0,0.045,25.0,0.05,-0.135,1.452456021733825e-13,low_vds,low_drain_bias,1.1,simulation,ngspice,397141eb8a813045075ac2be3098d3b136ebaf4d597c08fca627922a75e443b7,data/raw/ptm45_lp_vds_0p05v_raw.txt
PTM,NMOS,45,LP,1.0,0.045,25.0,0.05,-0.1299999999999999,1.576341577000058e-13,low_vds,low_drain_bias,1.1,simulation,ngspice,397141eb8a813045075ac2be3098d3b136ebaf4d597c08fca627922a75e443b7,data/raw/ptm45_lp_vds_0p05v_raw.txt
PTM,NMOS,45,LP,1.0,0.045,25.0,0.05,-0.1249999999999999,1.717933454327264e-13,low_vds,low_drain_bias,1.1,simulation,ngspice,397141eb8a813045075ac2be3098d3b136ebaf4d597c08fca627922a75e443b7,data/raw/ptm45_lp_vds_0p05v_raw.txt
PTM,NMOS,45,LP,1.0,0.045,25.0,0.05,-0.1199999999999999,1.879762103396908e-13,low_vds,low_drain_bias,1.1,simulation,ngspice,397141eb8a813045075ac2be3098d3b136ebaf4d597c08fca627922a75e443b7,data/raw/ptm45_lp_vds_0p05v_raw.txt
PTM,NMOS,45,LP,1.0,0.045,25.0,0.05,-0.1149999999999999,2.064719556977238e-13,low_vds,low_drain_bias,1.1,simulation,ngspice,397141eb8a813045075ac2be3098d3b136ebaf4d597c08fca627922a75e443b7,data/raw/ptm45_lp_vds_0p05v_raw.txt
PTM,NMOS,45,LP,1.0,0.045,25.0,0.05,-0.1099999999999999,2.276111087748233e-13,low_vds,low_drain_bias,1.1,simulation,ngspice,397141eb8a813045075ac2be3098d3b136ebaf4d597c08fca627922a75e443b7,data/raw/ptm45_lp_vds_0p05v_raw.txt
PTM,NMOS,45,LP,1.0,0.045,25.0,0.05,-0.1049999999999999,2.517714242670328e-13,low_vds,low_drain_bias,1.1,simulation,ngspice,397141eb8a813045075ac2be3098d3b136ebaf4d597c08fca627922a75e443b7,data/raw/ptm45_lp_vds_0p05v_raw.txt
PTM,NMOS,45,LP,1.0,0.045,25.0,0.05,-0.09999999999999992,2.793846307853277e-13,low_vds,low_drain_bias,1.1,simulation,ngspice,397141eb8a813045075ac2be3098d3b136ebaf4d597c08fca627922a75e443b7,data/raw/ptm45_lp_vds_0p05v_raw.txt
PTM,NMOS,45,LP,1.0,0.045,25.0,0.05,-0.09499999999999992,3.10944140741686e-13,low_vds,low_drain_bias,1.1,simulation,ngspice,397141eb8a813045075ac2be3098d3b136ebaf4d597c08fca627922a75e443b7,data/raw/ptm45_lp_vds_0p05v_raw.txt
PTM,NMOS,45,LP,1.0,0.045,25.0,0.05,-0.08999999999999991,3.470138611172444e-13,low_vds,low_drain_bias,1.1,simulation,ngspice,397141eb8a813045075ac2be3098d3b136ebaf4d597c08fca627922a75e443b7,data/raw/ptm45_lp_vds_0p05v_raw.txt
PTM,NMOS,45,LP,1.0,0.045,25.0,0.05,-0.08499999999999991,3.882382622197583e-13,low_vds,low_drain_bias,1.1,simulation,ngspice,397141eb8a813045075ac2be3098d3b136ebaf4d597c08fca627922a75e443b7,data/raw/ptm45_lp_vds_0p05v_raw.txt
PTM,NMOS,45,LP,1.0,0.045,25.0,0.05,-0.0799999999999999,4.353538839185174e-13,low_vds,low_drain_bias,1.1,simulation,ngspice,397141eb8a813045075ac2be3098d3b136ebaf4d597c08fca627922a75e443b7,data/raw/ptm45_lp_vds_0p05v_raw.txt
PTM,NMOS,45,LP,1.0,0.045,25.0,0.05,-0.0749999999999999,4.892024844485102e-13,low_vds,low_drain_bias,1.1,simulation,ngspice,397141eb8a813045075ac2be3098d3b136ebaf4d597c08fca627922a75e443b7,data/raw/ptm45_lp_vds_0p05v_raw.txt
PTM,NMOS,45,LP,1.0,0.045,25.0,0.05,-0.0699999999999999,5.507460661046448e-13,low_vds,low_drain_bias,1.1,simulation,ngspice,397141eb8a813045075ac2be3098d3b136ebaf4d597c08fca627922a75e443b7,data/raw/ptm45_lp_vds_0p05v_raw.txt
PTM,NMOS,45,LP,1.0,0.045,25.0,0.05,-0.06499999999999989,6.210840455007625e-13,low_vds,low_drain_bias,1.1,simulation,ngspice,397141eb8a813045075ac2be3098d3b136ebaf4d597c08fca627922a75e443b7,data/raw/ptm45_lp_vds_0p05v_raw.txt
PTM,NMOS,45,LP,1.0,0.045,25.0,0.05,-0.05999999999999989,7.014728742536475e-13,low_vds,low_drain_bias,1.1,simulation,ngspice,397141eb8a813045075ac2be3098d3b136ebaf4d597c08fca627922a75e443b7,data/raw/ptm45_lp_vds_0p05v_raw.txt
PTM,NMOS,45,LP,1.0,0.045,25.0,0.05,-0.0549999999999999,7.933484594838286e-13,low_vds,low_drain_bias,1.1,simulation,ngspice,397141eb8a813045075ac2be3098d3b136ebaf4d597c08fca627922a75e443b7,data/raw/ptm45_lp_vds_0p05v_raw.txt
PTM,NMOS,45,LP,1.0,0.045,25.0,0.05,-0.0499999999999999,8.983517832673063e-13,low_vds,low_drain_bias,1.1,simulation,ngspice,397141eb8a813045075ac2be3098d3b136ebaf4d597c08fca627922a75e443b7,data/raw/ptm45_lp_vds_0p05v_raw.txt
PTM,NMOS,45,LP,1.0,0.045,25.0,0.05,-0.0449999999999999,1.01835817701383e-12,low_vds,low_drain_bias,1.1,simulation,ngspice,397141eb8a813045075ac2be3098d3b136ebaf4d597c08fca627922a75e443b7,data/raw/ptm45_lp_vds_0p05v_raw.txt
PTM,NMOS,45,LP,1.0,0.045,25.0,0.05,-0.0399999999999999,1.155510771630305e-12,low_vds,low_drain_bias,1.1,simulation,ngspice,397141eb8a813045075ac2be3098d3b136ebaf4d597c08fca627922a75e443b7,data/raw/ptm45_lp_vds_0p05v_raw.txt
PTM,NMOS,45,LP,1.0,0.045,25.0,0.05,-0.03499999999999991,1.312258718417095e-12,low_vds,low_drain_bias,1.1,simulation,ngspice,397141eb8a813045075ac2be3098d3b136ebaf4d597c08fca627922a75e443b7,data/raw/ptm45_lp_vds_0p05v_raw.txt
PTM,NMOS,45,LP,1.0,0.045,25.0,0.05,-0.02999999999999991,1.491400860282069e-12,low_vds,low_drain_bias,1.1,simulation,ngspice,397141eb8a813045075ac2be3098d3b136ebaf4d597c08fca627922a75e443b7,data/raw/ptm45_lp_vds_0p05v_raw.txt
PTM,NMOS,45,LP,1.0,0.045,25.0,0.05,-0.0249999999999999,1.696135629485605e-12,low_vds,low_drain_bias,1.1,simulation,ngspice,397141eb8a813045075ac2be3098d3b136ebaf4d597c08fca627922a75e443b7,data/raw/ptm45_lp_vds_0p05v_raw.txt
PTM,NMOS,45,LP,1.0,0.045,25.0,0.05,-0.0199999999999999,1.93011805838471e-12,low_vds,low_drain_bias,1.1,simulation,ngspice,397141eb8a813045075ac2be3098d3b136ebaf4d597c08fca627922a75e443b7,data/raw/ptm45_lp_vds_0p05v_raw.txt
PTM,NMOS,45,LP,1.0,0.045,25.0,0.05,-0.0149999999999999,2.197524915686957e-12,low_vds,low_drain_bias,1.1,simulation,ngspice,397141eb8a813045075ac2be3098d3b136ebaf4d597c08fca627922a75e443b7,data/raw/ptm45_lp_vds_0p05v_raw.txt
PTM,NMOS,45,LP,1.0,0.045,25.0,0.05,-0.009999999999999901,2.503129124444736e-12,low_vds,low_drain_bias,1.1,simulation,ngspice,397141eb8a813045075ac2be3098d3b136ebaf4d597c08fca627922a75e443b7,data/raw/ptm45_lp_vds_0p05v_raw.txt
PTM,NMOS,45,LP,1.0,0.045,25.0,0.05,-0.004999999999999901,2.85238478210448e-12,low_vds,low_drain_bias,1.1,simulation,ngspice,397141eb8a813045075ac2be3098d3b136ebaf4d597c08fca627922a75e443b7,data/raw/ptm45_lp_vds_0p05v_raw.txt
PTM,NMOS,45,LP,1.0,0.045,25.0,0.05,9.8879238130678e-17,3.251524290405956e-12,low_vds,low_drain_bias,1.1,simulation,ngspice,397141eb8a813045075ac2be3098d3b136ebaf4d597c08fca627922a75e443b7,data/raw/ptm45_lp_vds_0p05v_raw.txt
PTM,NMOS,45,LP,1.0,0.045,25.0,0.05,0.005000000000000099,3.707669316523959e-12,low_vds,low_drain_bias,1.1,simulation,ngspice,397141eb8a813045075ac2be3098d3b136ebaf4d597c08fca627922a75e443b7,data/raw/ptm45_lp_vds_0p05v_raw.txt
PTM,NMOS,45,LP,1.0,0.045,25.0,0.05,0.0100000000000001,4.228957551063623e-12,low_vds,low_drain_bias,1.1,simulation,ngspice,397141eb8a813045075ac2be3098d3b136ebaf4d597c08fca627922a75e443b7,data/raw/ptm45_lp_vds_0p05v_raw.txt
PTM,NMOS,45,LP,1.0,0.045,25.0,0.05,0.0150000000000001,4.824687506685198e-12,low_vds,low_drain_bias,1.1,simulation,ngspice,397141eb8a813045075ac2be3098d3b136ebaf4d597c08fca627922a75e443b7,data/raw/ptm45_lp_vds_0p05v_raw.txt
PTM,NMOS,45,LP,1.0,0.045,25.0,0.05,0.0200000000000001,5.505483919056862e-12,low_vds,low_drain_bias,1.1,simulation,ngspice,397141eb8a813045075ac2be3098d3b136ebaf4d597c08fca627922a75e443b7,data/raw/ptm45_lp_vds_0p05v_raw.txt
PTM,NMOS,45,LP,1.0,0.045,25.0,0.05,0.0250000000000001,6.283486673927796e-12,low_vds,low_drain_bias,1.1,simulation,ngspice,397141eb8a813045075ac2be3098d3b136ebaf4d597c08fca627922a75e443b7,data/raw/ptm45_lp_vds_0p05v_raw.txt
PTM,NMOS,45,LP,1.0,0.045,25.0,0.05,0.0300000000000001,7.172566597765344e-12,low_vds,low_drain_bias,1.1,simulation,ngspice,397141eb8a813045075ac2be3098d3b136ebaf4d597c08fca627922a75e443b7,data/raw/ptm45_lp_vds_0p05v_raw.txt
PTM,NMOS,45,LP,1.0,0.045,25.0,0.05,0.0350000000000001,8.188571920535385e-12,low_vds,low_drain_bias,1.1,simulation,ngspice,397141eb8a813045075ac2be3098d3b136ebaf4d597c08fca627922a75e443b7,data/raw/ptm45_lp_vds_0p05v_raw.txt
PTM,NMOS,45,LP,1.0,0.045,25.0,0.05,0.0400000000000001,9.34960975708919e-12,low_vds,low_drain_bias,1.1,simulation,ngspice,397141eb8a813045075ac2be3098d3b136ebaf4d597c08fca627922a75e443b7,data/raw/ptm45_lp_vds_0p05v_raw.txt
PTM,NMOS,45,LP,1.0,0.045,25.0,0.05,0.0450000000000001,1.067636756637527e-11,low_vds,low_drain_bias,1.1,simulation,ngspice,397141eb8a813045075ac2be3098d3b136ebaf4d597c08fca627922a75e443b7,data/raw/ptm45_lp_vds_0p05v_raw.txt
PTM,NMOS,45,LP,1.0,0.045,25.0,0.05,0.05000000000000009,1.219248024650123e-11,low_vds,low_drain_bias,1.1,simulation,ngspice,397141eb8a813045075ac2be3098d3b136ebaf4d597c08fca627922a75e443b7,data/raw/ptm45_lp_vds_0p05v_raw.txt
PTM,NMOS,45,LP,1.0,0.045,25.0,0.05,0.05500000000000009,1.392494932025244e-11,low_vds,low_drain_bias,1.1,simulation,ngspice,397141eb8a813045075ac2be3098d3b136ebaf4d597c08fca627922a75e443b7,data/raw/ptm45_lp_vds_0p05v_raw.txt
PTM,NMOS,45,LP,1.0,0.045,25.0,0.05,0.06000000000000009,1.590462157302586e-11,low_vds,low_drain_bias,1.1,simulation,ngspice,397141eb8a813045075ac2be3098d3b136ebaf4d597c08fca627922a75e443b7,data/raw/ptm45_lp_vds_0p05v_raw.txt
PTM,NMOS,45,LP,1.0,0.045,25.0,0.05,0.06500000000000009,1.816673553939301e-11,low_vds,low_drain_bias,1.1,simulation,ngspice,397141eb8a813045075ac2be3098d3b136ebaf4d597c08fca627922a75e443b7,data/raw/ptm45_lp_vds_0p05v_raw.txt
PTM,NMOS,45,LP,1.0,0.045,25.0,0.05,0.07000000000000009,2.075154541235166e-11,low_vds,low_drain_bias,1.1,simulation,ngspice,397141eb8a813045075ac2be3098d3b136ebaf4d597c08fca627922a75e443b7,data/raw/ptm45_lp_vds_0p05v_raw.txt
PTM,NMOS,45,LP,1.0,0.045,25.0,0.05,0.0750000000000001,2.370503329073288e-11,low_vds,low_drain_bias,1.1,simulation,ngspice,397141eb8a813045075ac2be3098d3b136ebaf4d597c08fca627922a75e443b7,data/raw/ptm45_lp_vds_0p05v_raw.txt
PTM,NMOS,45,LP,1.0,0.045,25.0,0.05,0.0800000000000001,2.707972220754011e-11,low_vds,low_drain_bias,1.1,simulation,ngspice,397141eb8a813045075ac2be3098d3b136ebaf4d597c08fca627922a75e443b7,data/raw/ptm45_lp_vds_0p05v_raw.txt
PTM,NMOS,45,LP,1.0,0.045,25.0,0.05,0.0850000000000001,3.093560412048254e-11,low_vds,low_drain_bias,1.1,simulation,ngspice,397141eb8a813045075ac2be3098d3b136ebaf4d597c08fca627922a75e443b7,data/raw/ptm45_lp_vds_0p05v_raw.txt
PTM,NMOS,45,LP,1.0,0.045,25.0,0.05,0.09000000000000011,3.534119902427172e-11,low_vds,low_drain_bias,1.1,simulation,ngspice,397141eb8a813045075ac2be3098d3b136ebaf4d597c08fca627922a75e443b7,data/raw/ptm45_lp_vds_0p05v_raw.txt
PTM,NMOS,45,LP,1.0,0.045,25.0,0.05,0.09500000000000011,4.037476359469622e-11,low_vds,low_drain_bias,1.1,simulation,ngspice,397141eb8a813045075ac2be3098d3b136ebaf4d597c08fca627922a75e443b7,data/raw/ptm45_lp_vds_0p05v_raw.txt
PTM,NMOS,45,LP,1.0,0.045,25.0,0.05,0.1000000000000001,4.612567033390442e-11,low_vds,low_drain_bias,1.1,simulation,ngspice,397141eb8a813045075ac2be3098d3b136ebaf4d597c08fca627922a75e443b7,data/raw/ptm45_lp_vds_0p05v_raw.txt
PTM,NMOS,45,LP,1.0,0.045,25.0,0.05,0.1050000000000001,5.269598109588379e-11,low_vds,low_drain_bias,1.1,simulation,ngspice,397141eb8a813045075ac2be3098d3b136ebaf4d597c08fca627922a75e443b7,data/raw/ptm45_lp_vds_0p05v_raw.txt
PTM,NMOS,45,LP,1.0,0.045,25.0,0.05,0.1100000000000001,6.02022421779107e-11,low_vds,low_drain_bias,1.1,simulation,ngspice,397141eb8a813045075ac2be3098d3b136ebaf4d597c08fca627922a75e443b7,data/raw/ptm45_lp_vds_0p05v_raw.txt
PTM,NMOS,45,LP,1.0,0.045,25.0,0.05,0.1150000000000001,6.877753191989786e-11,low_vds,low_drain_bias,1.1,simulation,ngspice,397141eb8a813045075ac2be3098d3b136ebaf4d597c08fca627922a75e443b7,data/raw/ptm45_lp_vds_0p05v_raw.txt
PTM,NMOS,45,LP,1.0,0.045,25.0,0.05,0.1200000000000001,7.857379601905267e-11,low_vds,low_drain_bias,1.1,simulation,ngspice,397141eb8a813045075ac2be3098d3b136ebaf4d597c08fca627922a75e443b7,data/raw/ptm45_lp_vds_0p05v_raw.txt
PTM,NMOS,45,LP,1.0,0.045,25.0,0.05,0.1250000000000001,8.97645106087618e-11,low_vds,low_drain_bias,1.1,simulation,ngspice,397141eb8a813045075ac2be3098d3b136ebaf4d597c08fca627922a75e443b7,data/raw/ptm45_lp_vds_0p05v_raw.txt
PTM,NMOS,45,LP,1.0,0.045,25.0,0.05,0.1300000000000001,1.025477186426968e-10,low_vds,low_drain_bias,1.1,simulation,ngspice,397141eb8a813045075ac2be3098d3b136ebaf4d597c08fca627922a75e443b7,data/raw/ptm45_lp_vds_0p05v_raw.txt
PTM,NMOS,45,LP,1.0,0.045,25.0,0.05,0.1350000000000001,1.171494913534426e-10,low_vds,low_drain_bias,1.1,simulation,ngspice,397141eb8a813045075ac2be3098d3b136ebaf4d597c08fca627922a75e443b7,data/raw/ptm45_lp_vds_0p05v_raw.txt
PTM,NMOS,45,LP,1.0,0.045,25.0,0.05,0.1400000000000002,1.338278736128726e-10,low_vds,low_drain_bias,1.1,simulation,ngspice,397141eb8a813045075ac2be3098d3b136ebaf4d597c08fca627922a75e443b7,data/raw/ptm45_lp_vds_0p05v_raw.txt
PTM,NMOS,45,LP,1.0,0.045,25.0,0.05,0.1450000000000002,1.541253242753934e-10,low_vds,low_drain_bias,1.1,simulation,ngspice,397141eb8a813045075ac2be3098d3b136ebaf4d597c08fca627922a75e443b7,data/raw/ptm45_lp_vds_0p05v_raw.txt
PTM,NMOS,45,LP,1.0,0.045,25.0,0.05,0.1500000000000002,1.760589134757979e-10,low_vds,low_drain_bias,1.1,simulation,ngspice,397141eb8a813045075ac2be3098d3b136ebaf4d597c08fca627922a75e443b7,data/raw/ptm45_lp_vds_0p05v_raw.txt
PTM,NMOS,45,LP,1.0,0.045,25.0,0.05,0.1550000000000002,2.011082143159288e-10,low_vds,low_drain_bias,1.1,simulation,ngspice,397141eb8a813045075ac2be3098d3b136ebaf4d597c08fca627922a75e443b7,data/raw/ptm45_lp_vds_0p05v_raw.txt
PTM,NMOS,45,LP,1.0,0.045,25.0,0.05,0.1600000000000002,2.297143284907887e-10,low_vds,low_drain_bias,1.1,simulation,ngspice,397141eb8a813045075ac2be3098d3b136ebaf4d597c08fca627922a75e443b7,data/raw/ptm45_lp_vds_0p05v_raw.txt
PTM,NMOS,45,LP,1.0,0.045,25.0,0.05,0.1650000000000002,2.623804818400946e-10,low_vds,low_drain_bias,1.1,simulation,ngspice,397141eb8a813045075ac2be3098d3b136ebaf4d597c08fca627922a75e443b7,data/raw/ptm45_lp_vds_0p05v_raw.txt
PTM,NMOS,45,LP,1.0,0.045,25.0,0.05,0.1700000000000002,2.996807036446583e-10,low_vds,low_drain_bias,1.1,simulation,ngspice,397141eb8a813045075ac2be3098d3b136ebaf4d597c08fca627922a75e443b7,data/raw/ptm45_lp_vds_0p05v_raw.txt
PTM,NMOS,45,LP,1.0,0.045,25.0,0.05,0.1750000000000002,3.42269703363827e-10,low_vds,low_drain_bias,1.1,simulation,ngspice,397141eb8a813045075ac2be3098d3b136ebaf4d597c08fca627922a75e443b7,data/raw/ptm45_lp_vds_0p05v_raw.txt
PTM,NMOS,45,LP,1.0,0.045,25.0,0.05,0.1800000000000002,3.908941067719115e-10,low_vds,low_drain_bias,1.1,simulation,ngspice,397141eb8a813045075ac2be3098d3b136ebaf4d597c08fca627922a75e443b7,data/raw/ptm45_lp_vds_0p05v_raw.txt
PTM,NMOS,45,LP,1.0,0.045,25.0,0.05,0.1850000000000002,4.46405234663526e-10,low_vds,low_drain_bias,1.1,simulation,ngspice,397141eb8a813045075ac2be3098d3b136ebaf4d597c08fca627922a75e443b7,data/raw/ptm45_lp_vds_0p05v_raw.txt
PTM,NMOS,45,LP,1.0,0.045,25.0,0.05,0.1900000000000002,5.097736311418667e-10,low_vds,low_drain_bias,1.1,simulation,ngspice,397141eb8a813045075ac2be3098d3b136ebaf4d597c08fca627922a75e443b7,data/raw/ptm45_lp_vds_0p05v_raw.txt
PTM,NMOS,45,LP,1.0,0.045,25.0,0.05,0.1950000000000002,5.821055752734242e-10,low_vds,low_drain_bias,1.1,simulation,ngspice,397141eb8a813045075ac2be3098d3b136ebaf4d597c08fca627922a75e443b7,data/raw/ptm45_lp_vds_0p05v_raw.txt
PTM,NMOS,45,LP,1.0,0.045,25.0,0.05,0.2000000000000002,6.646618399110087e-10,low_vds,low_drain_bias,1.1,simulation,ngspice,397141eb8a813045075ac2be3098d3b136ebaf4d597c08fca627922a75e443b7,data/raw/ptm45_lp_vds_0p05v_raw.txt
PTM,NMOS,45,LP,1.0,0.045,25.0,0.05,0.2050000000000002,7.58878995102323e-10,low_vds,low_drain_bias,1.1,simulation,ngspice,397141eb8a813045075ac2be3098d3b136ebaf4d597c08fca627922a75e443b7,data/raw/ptm45_lp_vds_0p05v_raw.txt
PTM,NMOS,45,LP,1.0,0.045,25.0,0.05,0.2100000000000002,8.663935910913856e-10,low_vds,low_drain_bias,1.1,simulation,ngspice,397141eb8a813045075ac2be3098d3b136ebaf4d597c08fca627922a75e443b7,data/raw/ptm45_lp_vds_0p05v_raw.txt
PTM,NMOS,45,LP,1.0,0.045,25.0,0.05,0.2150000000000002,9.890695978891435e-10,low_vds,low_drain_bias,1.1,simulation,ngspice,397141eb8a813045075ac2be3098d3b136ebaf4d597c08fca627922a75e443b7,data/raw/ptm45_lp_vds_0p05v_raw.txt
PTM,NMOS,45,LP,1.0,0.045,25.0,0.05,0.2200000000000002,1.129029525172248e-09,low_vds,low_drain_bias,1.1,simulation,ngspice,397141eb8a813045075ac2be3098d3b136ebaf4d597c08fca627922a75e443b7,data/raw/ptm45_lp_vds_0p05v_raw.txt
PTM,NMOS,45,LP,1.0,0.045,25.0,0.05,0.2250000000000002,1.288689698322777e-09,low_vds,low_drain_bias,1.1,simulation,ngspice,397141eb8a813045075ac2be3098d3b136ebaf4d597c08fca627922a75e443b7,data/raw/ptm45_lp_vds_0p05v_raw.txt
PTM,NMOS,45,LP,1.0,0.045,25.0,0.05,0.2300000000000002,1.470800224230529e-09,low_vds,low_drain_bias,1.1,simulation,ngspice,397141eb8a813045075ac2be3098d3b136ebaf4d597c08fca627922a75e443b7,data/raw/ptm45_lp_vds_0p05v_raw.txt
PTM,NMOS,45,LP,1.0,0.045,25.0,0.05,0.2350000000000002,1.678490244548671e-09,low_vds,low_drain_bias,1.1,simulation,ngspice,397141eb8a813045075ac2be3098d3b136ebaf4d597c08fca627922a75e443b7,data/raw/ptm45_lp_vds_0p05v_raw.txt
PTM,NMOS,45,LP,1.0,0.045,25.0,0.05,0.2400000000000002,1.915319144944605e-09,low_vds,low_drain_bias,1.1,simulation,ngspice,397141eb8a813045075ac2be3098d3b136ebaf4d597c08fca627922a75e443b7,data/raw/ptm45_lp_vds_0p05v_raw.txt
PTM,NMOS,45,LP,1.0,0.045,25.0,0.05,0.2450000000000002,2.185334467049588e-09,low_vds,low_drain_bias,1.1,simulation,ngspice,397141eb8a813045075ac2be3098d3b136ebaf4d597c08fca627922a75e443b7,data/raw/ptm45_lp_vds_0p05v_raw.txt
PTM,NMOS,45,LP,1.0,0.045,25.0,0.05,0.2500000000000002,2.493137355818687e-09,low_vds,low_drain_bias,1.1,simulation,ngspice,397141eb8a813045075ac2be3098d3b136ebaf4d597c08fca627922a75e443b7,data/raw/ptm45_lp_vds_0p05v_raw.txt
PTM,NMOS,45,LP,1.0,0.045,25.0,0.05,0.2550000000000002,2.843956469396631e-09,low_vds,low_drain_bias,1.1,simulation,ngspice,397141eb8a813045075ac2be3098d3b136ebaf4d597c08fca627922a75e443b7,data/raw/ptm45_lp_vds_0p05v_raw.txt
PTM,NMOS,45,LP,1.0,0.045,25.0,0.05,0.2600000000000002,3.243731381840048e-09,low_vds,low_drain_bias,1.1,simulation,ngspice,397141eb8a813045075ac2be3098d3b136ebaf4d597c08fca627922a75e443b7,data/raw/ptm45_lp_vds_0p05v_raw.txt
PTM,NMOS,45,LP,1.0,0.045,25.0,0.05,0.2650000000000002,3.699206621660583e-09,low_vds,low_drain_bias,1.1,simulation,ngspice,397141eb8a813045075ac2be3098d3b136ebaf4d597c08fca627922a75e443b7,data/raw/ptm45_lp_vds_0p05v_raw.txt
PTM,NMOS,45,LP,1.0,0.045,25.0,0.05,0.2700000000000002,4.218037611527368e-09,low_vds,low_drain_bias,1.1,simulation,ngspice,397141eb8a813045075ac2be3098d3b136ebaf4d597c08fca627922a75e443b7,data/raw/ptm45_lp_vds_0p05v_raw.txt
PTM,NMOS,45,LP,1.0,0.045,25.0,0.05,0.2750000000000002,4.808909906961059e-09,low_vds,low_drain_bias,1.1,simulation,ngspice,397141eb8a813045075ac2be3098d3b136ebaf4d597c08fca627922a75e443b7,data/raw/ptm45_lp_vds_0p05v_raw.txt
PTM,NMOS,45,LP,1.0,0.045,25.0,0.05,0.2800000000000002,5.481673274709095e-09,low_vds,low_drain_bias,1.1,simulation,ngspice,397141eb8a813045075ac2be3098d3b136ebaf4d597c08fca627922a75e443b7,data/raw/ptm45_lp_vds_0p05v_raw.txt
PTM,NMOS,45,LP,1.0,0.045,25.0,0.05,0.2850000000000003,6.247492304837046e-09,low_vds,low_drain_bias,1.1,simulation,ngspice,397141eb8a813045075ac2be3098d3b136ebaf4d597c08fca627922a75e443b7,data/raw/ptm45_lp_vds_0p05v_raw.txt
PTM,NMOS,45,LP,1.0,0.045,25.0,0.05,0.2900000000000003,7.119015414392598e-09,low_vds,low_drain_bias,1.1,simulation,ngspice,397141eb8a813045075ac2be3098d3b136ebaf4d597c08fca627922a75e443b7,data/raw/ptm45_lp_vds_0p05v_raw.txt
PTM,NMOS,45,LP,1.0,0.045,25.0,0.05,0.2950000000000003,8.110564274577018e-09,low_vds,low_drain_bias,1.1,simulation,ngspice,397141eb8a813045075ac2be3098d3b136ebaf4d597c08fca627922a75e443b7,data/raw/ptm45_lp_vds_0p05v_raw.txt
PTM,NMOS,45,LP,1.0,0.045,25.0,0.05,0.3000000000000003,9.238345877294907e-09,low_vds,low_drain_bias,1.1,simulation,ngspice,397141eb8a813045075ac2be3098d3b136ebaf4d597c08fca627922a75e443b7,data/raw/ptm45_lp_vds_0p05v_raw.txt
PTM,NMOS,45,LP,1.0,0.045,25.0,0.05,0.3050000000000003,1.052068965007405e-08,low_vds,low_drain_bias,1.1,simulation,ngspice,397141eb8a813045075ac2be3098d3b136ebaf4d597c08fca627922a75e443b7,data/raw/ptm45_lp_vds_0p05v_raw.txt
PTM,NMOS,45,LP,1.0,0.045,25.0,0.05,0.3100000000000003,1.197831222973496e-08,low_vds,low_drain_bias,1.1,simulation,ngspice,397141eb8a813045075ac2be3098d3b136ebaf4d597c08fca627922a75e443b7,data/raw/ptm45_lp_vds_0p05v_raw.txt
PTM,NMOS,45,LP,1.0,0.045,25.0,0.05,0.3150000000000003,1.363461271360835e-08,low_vds,low_drain_bias,1.1,simulation,ngspice,397141eb8a813045075ac2be3098d3b136ebaf4d597c08fca627922a75e443b7,data/raw/ptm45_lp_vds_0p05v_raw.txt
PTM,NMOS,45,LP,1.0,0.045,25.0,0.05,0.3200000000000003,1.551600142100748e-08,low_vds,low_drain_bias,1.1,simulation,ngspice,397141eb8a813045075ac2be3098d3b136ebaf4d597c08fca627922a75e443b7,data/raw/ptm45_lp_vds_0p05v_raw.txt
PTM,NMOS,45,LP,1.0,0.045,25.0,0.05,0.3250000000000003,1.765226541520319e-08,low_vds,low_drain_bias,1.1,simulation,ngspice,397141eb8a813045075ac2be3098d3b136ebaf4d597c08fca627922a75e443b7,data/raw/ptm45_lp_vds_0p05v_raw.txt
PTM,NMOS,45,LP,1.0,0.045,25.0,0.05,0.3300000000000003,2.00769742551071e-08,low_vds,low_drain_bias,1.1,simulation,ngspice,397141eb8a813045075ac2be3098d3b136ebaf4d597c08fca627922a75e443b7,data/raw/ptm45_lp_vds_0p05v_raw.txt
PTM,NMOS,45,LP,1.0,0.045,25.0,0.05,0.3350000000000003,2.282792966379158e-08,low_vds,low_drain_bias,1.1,simulation,ngspice,397141eb8a813045075ac2be3098d3b136ebaf4d597c08fca627922a75e443b7,data/raw/ptm45_lp_vds_0p05v_raw.txt
PTM,NMOS,45,LP,1.0,0.045,25.0,0.05,0.3400000000000003,2.594766301505618e-08,low_vds,low_drain_bias,1.1,simulation,ngspice,397141eb8a813045075ac2be3098d3b136ebaf4d597c08fca627922a75e443b7,data/raw/ptm45_lp_vds_0p05v_raw.txt
PTM,NMOS,45,LP,1.0,0.045,25.0,0.05,0.3450000000000003,2.948398474657207e-08,low_vds,low_drain_bias,1.1,simulation,ngspice,397141eb8a813045075ac2be3098d3b136ebaf4d597c08fca627922a75e443b7,data/raw/ptm45_lp_vds_0p05v_raw.txt
PTM,NMOS,45,LP,1.0,0.045,25.0,0.05,0.3500000000000003,3.349058931206693e-08,low_vds,low_drain_bias,1.1,simulation,ngspice,397141eb8a813045075ac2be3098d3b136ebaf4d597c08fca627922a75e443b7,data/raw/ptm45_lp_vds_0p05v_raw.txt
PTM,NMOS,45,LP,1.0,0.045,25.0,0.05,0.3550000000000003,3.802771883703065e-08,low_vds,low_drain_bias,1.1,simulation,ngspice,397141eb8a813045075ac2be3098d3b136ebaf4d597c08fca627922a75e443b7,data/raw/ptm45_lp_vds_0p05v_raw.txt
PTM,NMOS,45,LP,1.0,0.045,25.0,0.05,0.3600000000000003,4.316289994553782e-08,low_vds,low_drain_bias,1.1,simulation,ngspice,397141eb8a813045075ac2be3098d3b136ebaf4d597c08fca627922a75e443b7,data/raw/ptm45_lp_vds_0p05v_raw.txt
PTM,NMOS,45,LP,1.0,0.045,25.0,0.05,0.3650000000000003,4.89717439185264e-08,low_vds,low_drain_bias,1.1,simulation,ngspice,397141eb8a813045075ac2be3098d3b136ebaf4d597c08fca627922a75e443b7,data/raw/ptm45_lp_vds_0p05v_raw.txt
PTM,NMOS,45,LP,1.0,0.045,25.0,0.05,0.3700000000000003,5.553882326565451e-08,low_vds,low_drain_bias,1.1,simulation,ngspice,397141eb8a813045075ac2be3098d3b136ebaf4d597c08fca627922a75e443b7,data/raw/ptm45_lp_vds_0p05v_raw.txt
PTM,NMOS,45,LP,1.0,0.045,25.0,0.05,0.3750000000000003,6.295862884976257e-08,low_vds,low_drain_bias,1.1,simulation,ngspice,397141eb8a813045075ac2be3098d3b136ebaf4d597c08fca627922a75e443b7,data/raw/ptm45_lp_vds_0p05v_raw.txt
PTM,NMOS,45,LP,1.0,0.045,25.0,0.05,0.3800000000000003,7.133661228844433e-08,low_vds,low_drain_bias,1.1,simulation,ngspice,397141eb8a813045075ac2be3098d3b136ebaf4d597c08fca627922a75e443b7,data/raw/ptm45_lp_vds_0p05v_raw.txt
PTM,NMOS,45,LP,1.0,0.045,25.0,0.05,0.3850000000000003,8.079031880995757e-08,low_vds,low_drain_bias,1.1,simulation,ngspice,397141eb8a813045075ac2be3098d3b136ebaf4d597c08fca627922a75e443b7,data/raw/ptm45_lp_vds_0p05v_raw.txt
PTM,NMOS,45,LP,1.0,0.045,25.0,0.05,0.3900000000000003,9.145061576946838e-08,low_vds,low_drain_bias,1.1,simulation,ngspice,397141eb8a813045075ac2be3098d3b136ebaf4d597c08fca627922a75e443b7,data/raw/ptm45_lp_vds_0p05v_raw.txt
PTM,NMOS,45,LP,1.0,0.045,25.0,0.05,0.3950000000000004,1.034630220329183e-07,low_vds,low_drain_bias,1.1,simulation,ngspice,397141eb8a813045075ac2be3098d3b136ebaf4d597c08fca627922a75e443b7,data/raw/ptm45_lp_vds_0p05v_raw.txt
PTM,NMOS,45,LP,1.0,0.045,25.0,0.05,0.4000000000000004,1.169891434073012e-07,low_vds,low_drain_bias,1.1,simulation,ngspice,397141eb8a813045075ac2be3098d3b136ebaf4d597c08fca627922a75e443b7,data/raw/ptm45_lp_vds_0p05v_raw.txt
PTM,NMOS,45,LP,1.0,0.045,25.0,0.05,0.4050000000000004,1.322082192337008e-07,low_vds,low_drain_bias,1.1,simulation,ngspice,397141eb8a813045075ac2be3098d3b136ebaf4d597c08fca627922a75e443b7,data/raw/ptm45_lp_vds_0p05v_raw.txt
PTM,NMOS,45,LP,1.0,0.045,25.0,0.05,0.4100000000000004,1.493187851546932e-07,low_vds,low_drain_bias,1.1,simulation,ngspice,397141eb8a813045075ac2be3098d3b136ebaf4d597c08fca627922a75e443b7,data/raw/ptm45_lp_vds_0p05v_raw.txt
PTM,NMOS,45,LP,1.0,0.045,25.0,0.05,0.4150000000000004,1.685404569066141e-07,low_vds,low_drain_bias,1.1,simulation,ngspice,397141eb8a813045075ac2be3098d3b136ebaf4d597c08fca627922a75e443b7,data/raw/ptm45_lp_vds_0p05v_raw.txt
PTM,NMOS,45,LP,1.0,0.045,25.0,0.05,0.4200000000000004,1.901158397465179e-07,low_vds,low_drain_bias,1.1,simulation,ngspice,397141eb8a813045075ac2be3098d3b136ebaf4d597c08fca627922a75e443b7,data/raw/ptm45_lp_vds_0p05v_raw.txt
PTM,NMOS,45,LP,1.0,0.045,25.0,0.05,0.4250000000000004,2.143125677680449e-07,low_vds,low_drain_bias,1.1,simulation,ngspice,397141eb8a813045075ac2be3098d3b136ebaf4d597c08fca627922a75e443b7,data/raw/ptm45_lp_vds_0p05v_raw.txt
PTM,NMOS,45,LP,1.0,0.045,25.0,0.05,0.4300000000000004,2.414254768380302e-07,low_vds,low_drain_bias,1.1,simulation,ngspice,397141eb8a813045075ac2be3098d3b136ebaf4d597c08fca627922a75e443b7,data/raw/ptm45_lp_vds_0p05v_raw.txt
PTM,NMOS,45,LP,1.0,0.045,25.0,0.05,0.4350000000000004,2.717789141237522e-07,low_vds,low_drain_bias,1.1,simulation,ngspice,397141eb8a813045075ac2be3098d3b136ebaf4d597c08fca627922a75e443b7,data/raw/ptm45_lp_vds_0p05v_raw.txt
PTM,NMOS,45,LP,1.0,0.045,25.0,0.05,0.4400000000000004,3.057291860809059e-07,low_vds,low_drain_bias,1.1,simulation,ngspice,397141eb8a813045075ac2be3098d3b136ebaf4d597c08fca627922a75e443b7,data/raw/ptm45_lp_vds_0p05v_raw.txt
PTM,NMOS,45,LP,1.0,0.045,25.0,0.05,0.4450000000000004,3.436671452061365e-07,low_vds,low_drain_bias,1.1,simulation,ngspice,397141eb8a813045075ac2be3098d3b136ebaf4d597c08fca627922a75e443b7,data/raw/ptm45_lp_vds_0p05v_raw.txt
PTM,NMOS,45,LP,1.0,0.045,25.0,0.05,0.4500000000000004,3.860209136629703e-07,low_vds,low_drain_bias,1.1,simulation,ngspice,397141eb8a813045075ac2be3098d3b136ebaf4d597c08fca627922a75e443b7,data/raw/ptm45_lp_vds_0p05v_raw.txt
PTM,NMOS,45,LP,1.0,0.045,25.0,0.05,0.4550000000000004,4.332587388677696e-07,low_vds,low_drain_bias,1.1,simulation,ngspice,397141eb8a813045075ac2be3098d3b136ebaf4d597c08fca627922a75e443b7,data/raw/ptm45_lp_vds_0p05v_raw.txt
PTM,NMOS,45,LP,1.0,0.045,25.0,0.05,0.4600000000000004,4.858919720391194e-07,low_vds,low_drain_bias,1.1,simulation,ngspice,397141eb8a813045075ac2be3098d3b136ebaf4d597c08fca627922a75e443b7,data/raw/ptm45_lp_vds_0p05v_raw.txt
PTM,NMOS,45,LP,1.0,0.045,25.0,0.05,0.4650000000000004,5.444781553040899e-07,low_vds,low_drain_bias,1.1,simulation,ngspice,397141eb8a813045075ac2be3098d3b136ebaf4d597c08fca627922a75e443b7,data/raw/ptm45_lp_vds_0p05v_raw.txt
PTM,NMOS,45,LP,1.0,0.045,25.0,0.05,0.4700000000000004,6.096241959300719e-07,low_vds,low_drain_bias,1.1,simulation,ngspice,397141eb8a813045075ac2be3098d3b136ebaf4d597c08fca627922a75e443b7,data/raw/ptm45_lp_vds_0p05v_raw.txt
PTM,NMOS,45,LP,1.0,0.045,25.0,0.05,0.4750000000000004,6.819895973162571e-07,low_vds,low_drain_bias,1.1,simulation,ngspice,397141eb8a813045075ac2be3098d3b136ebaf4d597c08fca627922a75e443b7,data/raw/ptm45_lp_vds_0p05v_raw.txt
PTM,NMOS,45,LP,1.0,0.045,25.0,0.05,0.4800000000000004,7.622897052536524e-07,low_vds,low_drain_bias,1.1,simulation,ngspice,397141eb8a813045075ac2be3098d3b136ebaf4d597c08fca627922a75e443b7,data/raw/ptm45_lp_vds_0p05v_raw.txt
PTM,NMOS,45,LP,1.0,0.045,25.0,0.05,0.4850000000000004,8.512989144139302e-07,low_vds,low_drain_bias,1.1,simulation,ngspice,397141eb8a813045075ac2be3098d3b136ebaf4d597c08fca627922a75e443b7,data/raw/ptm45_lp_vds_0p05v_raw.txt
PTM,NMOS,45,LP,1.0,0.045,25.0,0.05,0.4900000000000004,9.498537639072341e-07,low_vds,low_drain_bias,1.1,simulation,ngspice,397141eb8a813045075ac2be3098d3b136ebaf4d597c08fca627922a75e443b7,data/raw/ptm45_lp_vds_0p05v_raw.txt
PTM,NMOS,45,LP,1.0,0.045,25.0,0.05,0.4950000000000004,1.058855832045724e-06,low_vds,low_drain_bias,1.1,simulation,ngspice,397141eb8a813045075ac2be3098d3b136ebaf4d597c08fca627922a75e443b7,data/raw/ptm45_lp_vds_0p05v_raw.txt
PTM,NMOS,45,LP,1.0,0.045,25.0,0.05,0.5000000000000004,1.179274319339864e-06,low_vds,low_drain_bias,1.1,simulation,ngspice,397141eb8a813045075ac2be3098d3b136ebaf4d597c08fca627922a75e443b7,data/raw/ptm45_lp_vds_0p05v_raw.txt
PTM,NMOS,45,LP,1.0,0.045,25.0,0.05,0.5050000000000004,1.312148185668279e-06,low_vds,low_drain_bias,1.1,simulation,ngspice,397141eb8a813045075ac2be3098d3b136ebaf4d597c08fca627922a75e443b7,data/raw/ptm45_lp_vds_0p05v_raw.txt
PTM,NMOS,45,LP,1.0,0.045,25.0,0.05,0.5100000000000005,1.458587683238821e-06,low_vds,low_drain_bias,1.1,simulation,ngspice,397141eb8a813045075ac2be3098d3b136ebaf4d597c08fca627922a75e443b7,data/raw/ptm45_lp_vds_0p05v_raw.txt
PTM,NMOS,45,LP,1.0,0.045,25.0,0.05,0.5150000000000005,1.61977510250753e-06,low_vds,low_drain_bias,1.1,simulation,ngspice,397141eb8a813045075ac2be3098d3b136ebaf4d597c08fca627922a75e443b7,data/raw/ptm45_lp_vds_0p05v_raw.txt
PTM,NMOS,45,LP,1.0,0.045,25.0,0.05,0.5200000000000005,1.796964525159802e-06,low_vds,low_drain_bias,1.1,simulation,ngspice,397141eb8a813045075ac2be3098d3b136ebaf4d597c08fca627922a75e443b7,data/raw/ptm45_lp_vds_0p05v_raw.txt
PTM,NMOS,45,LP,1.0,0.045,25.0,0.05,0.5250000000000005,1.991480358530374e-06,low_vds,low_drain_bias,1.1,simulation,ngspice,397141eb8a813045075ac2be3098d3b136ebaf4d597c08fca627922a75e443b7,data/raw/ptm45_lp_vds_0p05v_raw.txt
PTM,NMOS,45,LP,1.0,0.045,25.0,0.05,0.5300000000000005,2.204714411803858e-06,low_vds,low_drain_bias,1.1,simulation,ngspice,397141eb8a813045075ac2be3098d3b136ebaf4d597c08fca627922a75e443b7,data/raw/ptm45_lp_vds_0p05v_raw.txt
PTM,NMOS,45,LP,1.0,0.045,25.0,0.05,0.5350000000000005,2.438121268702138e-06,low_vds,low_drain_bias,1.1,simulation,ngspice,397141eb8a813045075ac2be3098d3b136ebaf4d597c08fca627922a75e443b7,data/raw/ptm45_lp_vds_0p05v_raw.txt
PTM,NMOS,45,LP,1.0,0.045,25.0,0.05,0.5400000000000005,2.693211717061741e-06,low_vds,low_drain_bias,1.1,simulation,ngspice,397141eb8a813045075ac2be3098d3b136ebaf4d597c08fca627922a75e443b7,data/raw/ptm45_lp_vds_0p05v_raw.txt
PTM,NMOS,45,LP,1.0,0.045,25.0,0.05,0.5450000000000005,2.971544015698264e-06,low_vds,low_drain_bias,1.1,simulation,ngspice,397141eb8a813045075ac2be3098d3b136ebaf4d597c08fca627922a75e443b7,data/raw/ptm45_lp_vds_0p05v_raw.txt
PTM,NMOS,45,LP,1.0,0.045,25.0,0.05,0.5500000000000005,3.274712815971822e-06,low_vds,low_drain_bias,1.1,simulation,ngspice,397141eb8a813045075ac2be3098d3b136ebaf4d597c08fca627922a75e443b7,data/raw/ptm45_lp_vds_0p05v_raw.txt
PTM,NMOS,45,LP,1.0,0.045,25.0,0.05,0.5550000000000005,3.604335611652703e-06,low_vds,low_drain_bias,1.1,simulation,ngspice,397141eb8a813045075ac2be3098d3b136ebaf4d597c08fca627922a75e443b7,data/raw/ptm45_lp_vds_0p05v_raw.txt
PTM,NMOS,45,LP,1.0,0.045,25.0,0.05,0.5600000000000005,3.962036667196897e-06,low_vds,low_drain_bias,1.1,simulation,ngspice,397141eb8a813045075ac2be3098d3b136ebaf4d597c08fca627922a75e443b7,data/raw/ptm45_lp_vds_0p05v_raw.txt
PTM,NMOS,45,LP,1.0,0.045,25.0,0.05,0.5650000000000005,4.349428471117106e-06,low_vds,low_drain_bias,1.1,simulation,ngspice,397141eb8a813045075ac2be3098d3b136ebaf4d597c08fca627922a75e443b7,data/raw/ptm45_lp_vds_0p05v_raw.txt
PTM,NMOS,45,LP,1.0,0.045,25.0,0.05,0.5700000000000005,4.768090875685468e-06,low_vds,low_drain_bias,1.1,simulation,ngspice,397141eb8a813045075ac2be3098d3b136ebaf4d597c08fca627922a75e443b7,data/raw/ptm45_lp_vds_0p05v_raw.txt
PTM,NMOS,45,LP,1.0,0.045,25.0,0.05,0.5750000000000005,5.219548212497711e-06,low_vds,low_drain_bias,1.1,simulation,ngspice,397141eb8a813045075ac2be3098d3b136ebaf4d597c08fca627922a75e443b7,data/raw/ptm45_lp_vds_0p05v_raw.txt
PTM,NMOS,45,LP,1.0,0.045,25.0,0.05,0.5800000000000005,5.705244808932533e-06,low_vds,low_drain_bias,1.1,simulation,ngspice,397141eb8a813045075ac2be3098d3b136ebaf4d597c08fca627922a75e443b7,data/raw/ptm45_lp_vds_0p05v_raw.txt
PTM,NMOS,45,LP,1.0,0.045,25.0,0.05,0.5850000000000005,6.226519464573341e-06,low_vds,low_drain_bias,1.1,simulation,ngspice,397141eb8a813045075ac2be3098d3b136ebaf4d597c08fca627922a75e443b7,data/raw/ptm45_lp_vds_0p05v_raw.txt
PTM,NMOS,45,LP,1.0,0.045,25.0,0.05,0.5900000000000005,6.784579568812331e-06,low_vds,low_drain_bias,1.1,simulation,ngspice,397141eb8a813045075ac2be3098d3b136ebaf4d597c08fca627922a75e443b7,data/raw/ptm45_lp_vds_0p05v_raw.txt
PTM,NMOS,45,LP,1.0,0.045,25.0,0.05,0.5950000000000005,7.380475639850019e-06,low_vds,low_drain_bias,1.1,simulation,ngspice,397141eb8a813045075ac2be3098d3b136ebaf4d597c08fca627922a75e443b7,data/raw/ptm45_lp_vds_0p05v_raw.txt
PTM,NMOS,45,LP,1.0,0.045,25.0,0.05,0.6000000000000005,8.01507713011461e-06,low_vds,low_drain_bias,1.1,simulation,ngspice,397141eb8a813045075ac2be3098d3b136ebaf4d597c08fca627922a75e443b7,data/raw/ptm45_lp_vds_0p05v_raw.txt
PTM,NMOS,45,LP,1.0,0.045,25.0,0.05,0.6050000000000005,8.689050364373426e-06,low_vds,low_drain_bias,1.1,simulation,ngspice,397141eb8a813045075ac2be3098d3b136ebaf4d597c08fca627922a75e443b7,data/raw/ptm45_lp_vds_0p05v_raw.txt
PTM,NMOS,45,LP,1.0,0.045,25.0,0.05,0.6100000000000005,9.402839448164454e-06,low_vds,low_drain_bias,1.1,simulation,ngspice,397141eb8a813045075ac2be3098d3b136ebaf4d597c08fca627922a75e443b7,data/raw/ptm45_lp_vds_0p05v_raw.txt
PTM,NMOS,45,LP,1.0,0.045,25.0,0.05,0.6150000000000005,1.015665090350655e-05,low_vds,low_drain_bias,1.1,simulation,ngspice,397141eb8a813045075ac2be3098d3b136ebaf4d597c08fca627922a75e443b7,data/raw/ptm45_lp_vds_0p05v_raw.txt
PTM,NMOS,45,LP,1.0,0.045,25.0,0.05,0.6200000000000006,1.095044265897604e-05,low_vds,low_drain_bias,1.1,simulation,ngspice,397141eb8a813045075ac2be3098d3b136ebaf4d597c08fca627922a75e443b7,data/raw/ptm45_lp_vds_0p05v_raw.txt
PTM,NMOS,45,LP,1.0,0.045,25.0,0.05,0.6250000000000006,1.178391784993869e-05,low_vds,low_drain_bias,1.1,simulation,ngspice,397141eb8a813045075ac2be3098d3b136ebaf4d597c08fca627922a75e443b7,data/raw/ptm45_lp_vds_0p05v_raw.txt
PTM,NMOS,45,LP,1.0,0.045,25.0,0.05,0.6300000000000006,1.265652368409278e-05,low_vds,low_drain_bias,1.1,simulation,ngspice,397141eb8a813045075ac2be3098d3b136ebaf4d597c08fca627922a75e443b7,data/raw/ptm45_lp_vds_0p05v_raw.txt
PTM,NMOS,45,LP,1.0,0.045,25.0,0.05,0.6350000000000006,1.356745541251599e-05,low_vds,low_drain_bias,1.1,simulation,ngspice,397141eb8a813045075ac2be3098d3b136ebaf4d597c08fca627922a75e443b7,data/raw/ptm45_lp_vds_0p05v_raw.txt
PTM,NMOS,45,LP,1.0,0.045,25.0,0.05,0.6400000000000006,1.451566523329176e-05,low_vds,low_drain_bias,1.1,simulation,ngspice,397141eb8a813045075ac2be3098d3b136ebaf4d597c08fca627922a75e443b7,data/raw/ptm45_lp_vds_0p05v_raw.txt
PTM,NMOS,45,LP,1.0,0.045,25.0,0.05,0.6450000000000006,1.549987575890701e-05,low_vds,low_drain_bias,1.1,simulation,ngspice,397141eb8a813045075ac2be3098d3b136ebaf4d597c08fca627922a75e443b7,data/raw/ptm45_lp_vds_0p05v_raw.txt
PTM,NMOS,45,LP,1.0,0.045,25.0,0.05,0.6500000000000006,1.651859751285976e-05,low_vds,low_drain_bias,1.1,simulation,ngspice,397141eb8a813045075ac2be3098d3b136ebaf4d597c08fca627922a75e443b7,data/raw/ptm45_lp_vds_0p05v_raw.txt
PTM,NMOS,45,LP,1.0,0.045,25.0,0.05,0.6550000000000006,1.755402944464193e-05,low_vds,low_drain_bias,1.1,simulation,ngspice,397141eb8a813045075ac2be3098d3b136ebaf4d597c08fca627922a75e443b7,data/raw/ptm45_lp_vds_0p05v_raw.txt
PTM,NMOS,45,LP,1.0,0.045,25.0,0.05,0.6600000000000006,1.863751392924937e-05,low_vds,low_drain_bias,1.1,simulation,ngspice,397141eb8a813045075ac2be3098d3b136ebaf4d597c08fca627922a75e443b7,data/raw/ptm45_lp_vds_0p05v_raw.txt
PTM,NMOS,45,LP,1.0,0.045,25.0,0.05,0.6650000000000006,1.975005653391982e-05,low_vds,low_drain_bias,1.1,simulation,ngspice,397141eb8a813045075ac2be3098d3b136ebaf4d597c08fca627922a75e443b7,data/raw/ptm45_lp_vds_0p05v_raw.txt
PTM,NMOS,45,LP,1.0,0.045,25.0,0.05,0.6700000000000006,2.088953710705114e-05,low_vds,low_drain_bias,1.1,simulation,ngspice,397141eb8a813045075ac2be3098d3b136ebaf4d597c08fca627922a75e443b7,data/raw/ptm45_lp_vds_0p05v_raw.txt
PTM,NMOS,45,LP,1.0,0.045,25.0,0.05,0.6750000000000006,2.205374617925336e-05,low_vds,low_drain_bias,1.1,simulation,ngspice,397141eb8a813045075ac2be3098d3b136ebaf4d597c08fca627922a75e443b7,data/raw/ptm45_lp_vds_0p05v_raw.txt
PTM,NMOS,45,LP,1.0,0.045,25.0,0.05,0.6800000000000006,2.324041167363014e-05,low_vds,low_drain_bias,1.1,simulation,ngspice,397141eb8a813045075ac2be3098d3b136ebaf4d597c08fca627922a75e443b7,data/raw/ptm45_lp_vds_0p05v_raw.txt
PTM,NMOS,45,LP,1.0,0.045,25.0,0.05,0.6850000000000006,2.44472246458905e-05,low_vds,low_drain_bias,1.1,simulation,ngspice,397141eb8a813045075ac2be3098d3b136ebaf4d597c08fca627922a75e443b7,data/raw/ptm45_lp_vds_0p05v_raw.txt
PTM,NMOS,45,LP,1.0,0.045,25.0,0.05,0.6900000000000006,2.567186356572378e-05,low_vds,low_drain_bias,1.1,simulation,ngspice,397141eb8a813045075ac2be3098d3b136ebaf4d597c08fca627922a75e443b7,data/raw/ptm45_lp_vds_0p05v_raw.txt
PTM,NMOS,45,LP,1.0,0.045,25.0,0.05,0.6950000000000006,2.691201675775121e-05,low_vds,low_drain_bias,1.1,simulation,ngspice,397141eb8a813045075ac2be3098d3b136ebaf4d597c08fca627922a75e443b7,data/raw/ptm45_lp_vds_0p05v_raw.txt
PTM,NMOS,45,LP,1.0,0.045,25.0,0.05,0.7000000000000006,2.816540272514744e-05,low_vds,low_drain_bias,1.1,simulation,ngspice,397141eb8a813045075ac2be3098d3b136ebaf4d597c08fca627922a75e443b7,data/raw/ptm45_lp_vds_0p05v_raw.txt
PTM,NMOS,45,LP,1.0,0.045,25.0,0.05,0.7050000000000006,2.94297881770546e-05,low_vds,low_drain_bias,1.1,simulation,ngspice,397141eb8a813045075ac2be3098d3b136ebaf4d597c08fca627922a75e443b7,data/raw/ptm45_lp_vds_0p05v_raw.txt
PTM,NMOS,45,LP,1.0,0.045,25.0,0.05,0.7100000000000006,3.07030036690272e-05,low_vds,low_drain_bias,1.1,simulation,ngspice,397141eb8a813045075ac2be3098d3b136ebaf4d597c08fca627922a75e443b7,data/raw/ptm45_lp_vds_0p05v_raw.txt
PTM,NMOS,45,LP,1.0,0.045,25.0,0.05,0.7150000000000006,3.198295684199327e-05,low_vds,low_drain_bias,1.1,simulation,ngspice,397141eb8a813045075ac2be3098d3b136ebaf4d597c08fca627922a75e443b7,data/raw/ptm45_lp_vds_0p05v_raw.txt
PTM,NMOS,45,LP,1.0,0.045,25.0,0.05,0.7200000000000006,3.326764330877721e-05,low_vds,low_drain_bias,1.1,simulation,ngspice,397141eb8a813045075ac2be3098d3b136ebaf4d597c08fca627922a75e443b7,data/raw/ptm45_lp_vds_0p05v_raw.txt
PTM,NMOS,45,LP,1.0,0.045,25.0,0.05,0.7250000000000006,3.45551552880842e-05,low_vds,low_drain_bias,1.1,simulation,ngspice,397141eb8a813045075ac2be3098d3b136ebaf4d597c08fca627922a75e443b7,data/raw/ptm45_lp_vds_0p05v_raw.txt
PTM,NMOS,45,LP,1.0,0.045,25.0,0.05,0.7300000000000006,3.584368812460031e-05,low_vds,low_drain_bias,1.1,simulation,ngspice,397141eb8a813045075ac2be3098d3b136ebaf4d597c08fca627922a75e443b7,data/raw/ptm45_lp_vds_0p05v_raw.txt
PTM,NMOS,45,LP,1.0,0.045,25.0,0.05,0.7350000000000007,3.713154486154289e-05,low_vds,low_drain_bias,1.1,simulation,ngspice,397141eb8a813045075ac2be3098d3b136ebaf4d597c08fca627922a75e443b7,data/raw/ptm45_lp_vds_0p05v_raw.txt
PTM,NMOS,45,LP,1.0,0.045,25.0,0.05,0.7400000000000007,3.841713904985946e-05,low_vds,low_drain_bias,1.1,simulation,ngspice,397141eb8a813045075ac2be3098d3b136ebaf4d597c08fca627922a75e443b7,data/raw/ptm45_lp_vds_0p05v_raw.txt
PTM,NMOS,45,LP,1.0,0.045,25.0,0.05,0.7450000000000007,3.969899598773648e-05,low_vds,low_drain_bias,1.1,simulation,ngspice,397141eb8a813045075ac2be3098d3b136ebaf4d597c08fca627922a75e443b7,data/raw/ptm45_lp_vds_0p05v_raw.txt
PTM,NMOS,45,LP,1.0,0.045,25.0,0.05,0.7500000000000007,4.097575258652217e-05,low_vds,low_drain_bias,1.1,simulation,ngspice,397141eb8a813045075ac2be3098d3b136ebaf4d597c08fca627922a75e443b7,data/raw/ptm45_lp_vds_0p05v_raw.txt
PTM,NMOS,45,LP,1.0,0.045,25.0,0.05,0.7550000000000007,4.224615605599088e-05,low_vds,low_drain_bias,1.1,simulation,ngspice,397141eb8a813045075ac2be3098d3b136ebaf4d597c08fca627922a75e443b7,data/raw/ptm45_lp_vds_0p05v_raw.txt
PTM,NMOS,45,LP,1.0,0.045,25.0,0.05,0.7600000000000007,4.350906159430894e-05,low_vds,low_drain_bias,1.1,simulation,ngspice,397141eb8a813045075ac2be3098d3b136ebaf4d597c08fca627922a75e443b7,data/raw/ptm45_lp_vds_0p05v_raw.txt
PTM,NMOS,45,LP,1.0,0.045,25.0,0.05,0.7650000000000007,4.476342925726677e-05,low_vds,low_drain_bias,1.1,simulation,ngspice,397141eb8a813045075ac2be3098d3b136ebaf4d597c08fca627922a75e443b7,data/raw/ptm45_lp_vds_0p05v_raw.txt
PTM,NMOS,45,LP,1.0,0.045,25.0,0.05,0.7700000000000007,4.600832016830028e-05,low_vds,low_drain_bias,1.1,simulation,ngspice,397141eb8a813045075ac2be3098d3b136ebaf4d597c08fca627922a75e443b7,data/raw/ptm45_lp_vds_0p05v_raw.txt
PTM,NMOS,45,LP,1.0,0.045,25.0,0.05,0.7750000000000007,4.724289221638087e-05,low_vds,low_drain_bias,1.1,simulation,ngspice,397141eb8a813045075ac2be3098d3b136ebaf4d597c08fca627922a75e443b7,data/raw/ptm45_lp_vds_0p05v_raw.txt
PTM,NMOS,45,LP,1.0,0.045,25.0,0.05,0.7800000000000007,4.846639537371238e-05,low_vds,low_drain_bias,1.1,simulation,ngspice,397141eb8a813045075ac2be3098d3b136ebaf4d597c08fca627922a75e443b7,data/raw/ptm45_lp_vds_0p05v_raw.txt
PTM,NMOS,45,LP,1.0,0.045,25.0,0.05,0.7850000000000007,4.967816674990147e-05,low_vds,low_drain_bias,1.1,simulation,ngspice,397141eb8a813045075ac2be3098d3b136ebaf4d597c08fca627922a75e443b7,data/raw/ptm45_lp_vds_0p05v_raw.txt
PTM,NMOS,45,LP,1.0,0.045,25.0,0.05,0.7900000000000007,5.087762548429546e-05,low_vds,low_drain_bias,1.1,simulation,ngspice,397141eb8a813045075ac2be3098d3b136ebaf4d597c08fca627922a75e443b7,data/raw/ptm45_lp_vds_0p05v_raw.txt
PTM,NMOS,45,LP,1.0,0.045,25.0,0.05,0.7950000000000007,5.206426756385194e-05,low_vds,low_drain_bias,1.1,simulation,ngspice,397141eb8a813045075ac2be3098d3b136ebaf4d597c08fca627922a75e443b7,data/raw/ptm45_lp_vds_0p05v_raw.txt
PTM,NMOS,45,LP,1.0,0.045,25.0,0.05,0.8000000000000007,5.323766064044846e-05,low_vds,low_drain_bias,1.1,simulation,ngspice,397141eb8a813045075ac2be3098d3b136ebaf4d597c08fca627922a75e443b7,data/raw/ptm45_lp_vds_0p05v_raw.txt
PTM,NMOS,45,LP,1.0,0.045,25.0,0.05,0.8050000000000007,5.439743890911452e-05,low_vds,low_drain_bias,1.1,simulation,ngspice,397141eb8a813045075ac2be3098d3b136ebaf4d597c08fca627922a75e443b7,data/raw/ptm45_lp_vds_0p05v_raw.txt
PTM,NMOS,45,LP,1.0,0.045,25.0,0.05,0.8100000000000007,5.554329809735988e-05,low_vds,low_drain_bias,1.1,simulation,ngspice,397141eb8a813045075ac2be3098d3b136ebaf4d597c08fca627922a75e443b7,data/raw/ptm45_lp_vds_0p05v_raw.txt
PTM,NMOS,45,LP,1.0,0.045,25.0,0.05,0.8150000000000007,5.667499060563409e-05,low_vds,low_drain_bias,1.1,simulation,ngspice,397141eb8a813045075ac2be3098d3b136ebaf4d597c08fca627922a75e443b7,data/raw/ptm45_lp_vds_0p05v_raw.txt
PTM,NMOS,45,LP,1.0,0.045,25.0,0.05,0.8200000000000007,5.779232082995852e-05,low_vds,low_drain_bias,1.1,simulation,ngspice,397141eb8a813045075ac2be3098d3b136ebaf4d597c08fca627922a75e443b7,data/raw/ptm45_lp_vds_0p05v_raw.txt
PTM,NMOS,45,LP,1.0,0.045,25.0,0.05,0.8250000000000007,5.889514068990647e-05,low_vds,low_drain_bias,1.1,simulation,ngspice,397141eb8a813045075ac2be3098d3b136ebaf4d597c08fca627922a75e443b7,data/raw/ptm45_lp_vds_0p05v_raw.txt
PTM,NMOS,45,LP,1.0,0.045,25.0,0.05,0.8300000000000007,5.998334537830786e-05,low_vds,low_drain_bias,1.1,simulation,ngspice,397141eb8a813045075ac2be3098d3b136ebaf4d597c08fca627922a75e443b7,data/raw/ptm45_lp_vds_0p05v_raw.txt
PTM,NMOS,45,LP,1.0,0.045,25.0,0.05,0.8350000000000007,6.105686934324171e-05,low_vds,low_drain_bias,1.1,simulation,ngspice,397141eb8a813045075ac2be3098d3b136ebaf4d597c08fca627922a75e443b7,data/raw/ptm45_lp_vds_0p05v_raw.txt
PTM,NMOS,45,LP,1.0,0.045,25.0,0.05,0.8400000000000007,6.211568250798344e-05,low_vds,low_drain_bias,1.1,simulation,ngspice,397141eb8a813045075ac2be3098d3b136ebaf4d597c08fca627922a75e443b7,data/raw/ptm45_lp_vds_0p05v_raw.txt
PTM,NMOS,45,LP,1.0,0.045,25.0,0.05,0.8450000000000008,6.315978673050478e-05,low_vds,low_drain_bias,1.1,simulation,ngspice,397141eb8a813045075ac2be3098d3b136ebaf4d597c08fca627922a75e443b7,data/raw/ptm45_lp_vds_0p05v_raw.txt
PTM,NMOS,45,LP,1.0,0.045,25.0,0.05,0.8500000000000008,6.418921250078371e-05,low_vds,low_drain_bias,1.1,simulation,ngspice,397141eb8a813045075ac2be3098d3b136ebaf4d597c08fca627922a75e443b7,data/raw/ptm45_lp_vds_0p05v_raw.txt
PTM,NMOS,45,LP,1.0,0.045,25.0,0.05,0.8550000000000008,6.520401587150437e-05,low_vds,low_drain_bias,1.1,simulation,ngspice,397141eb8a813045075ac2be3098d3b136ebaf4d597c08fca627922a75e443b7,data/raw/ptm45_lp_vds_0p05v_raw.txt
PTM,NMOS,45,LP,1.0,0.045,25.0,0.05,0.8600000000000008,6.620427561561368e-05,low_vds,low_drain_bias,1.1,simulation,ngspice,397141eb8a813045075ac2be3098d3b136ebaf4d597c08fca627922a75e443b7,data/raw/ptm45_lp_vds_0p05v_raw.txt
PTM,NMOS,45,LP,1.0,0.045,25.0,0.05,0.8650000000000008,6.719009060258334e-05,low_vds,low_drain_bias,1.1,simulation,ngspice,397141eb8a813045075ac2be3098d3b136ebaf4d597c08fca627922a75e443b7,data/raw/ptm45_lp_vds_0p05v_raw.txt
PTM,NMOS,45,LP,1.0,0.045,25.0,0.05,0.8700000000000008,6.816157738403268e-05,low_vds,low_drain_bias,1.1,simulation,ngspice,397141eb8a813045075ac2be3098d3b136ebaf4d597c08fca627922a75e443b7,data/raw/ptm45_lp_vds_0p05v_raw.txt
PTM,NMOS,45,LP,1.0,0.045,25.0,0.05,0.8750000000000008,6.911886797853112e-05,low_vds,low_drain_bias,1.1,simulation,ngspice,397141eb8a813045075ac2be3098d3b136ebaf4d597c08fca627922a75e443b7,data/raw/ptm45_lp_vds_0p05v_raw.txt
PTM,NMOS,45,LP,1.0,0.045,25.0,0.05,0.8800000000000008,7.006210784486281e-05,low_vds,low_drain_bias,1.1,simulation,ngspice,397141eb8a813045075ac2be3098d3b136ebaf4d597c08fca627922a75e443b7,data/raw/ptm45_lp_vds_0p05v_raw.txt
PTM,NMOS,45,LP,1.0,0.045,25.0,0.05,0.8850000000000008,7.099145403275279e-05,low_vds,low_drain_bias,1.1,simulation,ngspice,397141eb8a813045075ac2be3098d3b136ebaf4d597c08fca627922a75e443b7,data/raw/ptm45_lp_vds_0p05v_raw.txt
PTM,NMOS,45,LP,1.0,0.045,25.0,0.05,0.8900000000000008,7.190707349996603e-05,low_vds,low_drain_bias,1.1,simulation,ngspice,397141eb8a813045075ac2be3098d3b136ebaf4d597c08fca627922a75e443b7,data/raw/ptm45_lp_vds_0p05v_raw.txt
PTM,NMOS,45,LP,1.0,0.045,25.0,0.05,0.8950000000000008,7.2809141584778e-05,low_vds,low_drain_bias,1.1,simulation,ngspice,397141eb8a813045075ac2be3098d3b136ebaf4d597c08fca627922a75e443b7,data/raw/ptm45_lp_vds_0p05v_raw.txt
PTM,NMOS,45,LP,1.0,0.045,25.0,0.05,0.9000000000000008,7.36978406230208e-05,low_vds,low_drain_bias,1.1,simulation,ngspice,397141eb8a813045075ac2be3098d3b136ebaf4d597c08fca627922a75e443b7,data/raw/ptm45_lp_vds_0p05v_raw.txt
PTM,NMOS,45,LP,1.0,0.045,25.0,0.05,0.9050000000000008,7.457335869922385e-05,low_vds,low_drain_bias,1.1,simulation,ngspice,397141eb8a813045075ac2be3098d3b136ebaf4d597c08fca627922a75e443b7,data/raw/ptm45_lp_vds_0p05v_raw.txt
PTM,NMOS,45,LP,1.0,0.045,25.0,0.05,0.9100000000000008,7.543588852175717e-05,low_vds,low_drain_bias,1.1,simulation,ngspice,397141eb8a813045075ac2be3098d3b136ebaf4d597c08fca627922a75e443b7,data/raw/ptm45_lp_vds_0p05v_raw.txt
PTM,NMOS,45,LP,1.0,0.045,25.0,0.05,0.9150000000000008,7.628562641231874e-05,low_vds,low_drain_bias,1.1,simulation,ngspice,397141eb8a813045075ac2be3098d3b136ebaf4d597c08fca627922a75e443b7,data/raw/ptm45_lp_vds_0p05v_raw.txt
PTM,NMOS,45,LP,1.0,0.045,25.0,0.05,0.9200000000000008,7.712277140059742e-05,low_vds,low_drain_bias,1.1,simulation,ngspice,397141eb8a813045075ac2be3098d3b136ebaf4d597c08fca627922a75e443b7,data/raw/ptm45_lp_vds_0p05v_raw.txt
PTM,NMOS,45,LP,1.0,0.045,25.0,0.05,0.9250000000000008,7.794752441543632e-05,low_vds,low_drain_bias,1.1,simulation,ngspice,397141eb8a813045075ac2be3098d3b136ebaf4d597c08fca627922a75e443b7,data/raw/ptm45_lp_vds_0p05v_raw.txt
PTM,NMOS,45,LP,1.0,0.045,25.0,0.05,0.9300000000000008,7.876008756434156e-05,low_vds,low_drain_bias,1.1,simulation,ngspice,397141eb8a813045075ac2be3098d3b136ebaf4d597c08fca627922a75e443b7,data/raw/ptm45_lp_vds_0p05v_raw.txt
PTM,NMOS,45,LP,1.0,0.045,25.0,0.05,0.9350000000000008,7.956066349368961e-05,low_vds,low_drain_bias,1.1,simulation,ngspice,397141eb8a813045075ac2be3098d3b136ebaf4d597c08fca627922a75e443b7,data/raw/ptm45_lp_vds_0p05v_raw.txt
PTM,NMOS,45,LP,1.0,0.045,25.0,0.05,0.9400000000000008,8.034945482250102e-05,low_vds,low_drain_bias,1.1,simulation,ngspice,397141eb8a813045075ac2be3098d3b136ebaf4d597c08fca627922a75e443b7,data/raw/ptm45_lp_vds_0p05v_raw.txt
PTM,NMOS,45,LP,1.0,0.045,25.0,0.05,0.9450000000000008,8.112666364314556e-05,low_vds,low_drain_bias,1.1,simulation,ngspice,397141eb8a813045075ac2be3098d3b136ebaf4d597c08fca627922a75e443b7,data/raw/ptm45_lp_vds_0p05v_raw.txt
PTM,NMOS,45,LP,1.0,0.045,25.0,0.05,0.9500000000000008,8.189249108282197e-05,low_vds,low_drain_bias,1.1,simulation,ngspice,397141eb8a813045075ac2be3098d3b136ebaf4d597c08fca627922a75e443b7,data/raw/ptm45_lp_vds_0p05v_raw.txt
PTM,NMOS,45,LP,1.0,0.045,25.0,0.05,0.9550000000000008,8.264713692012302e-05,low_vds,low_drain_bias,1.1,simulation,ngspice,397141eb8a813045075ac2be3098d3b136ebaf4d597c08fca627922a75e443b7,data/raw/ptm45_lp_vds_0p05v_raw.txt
PTM,NMOS,45,LP,1.0,0.045,25.0,0.05,0.9600000000000009,8.339079925143508e-05,low_vds,low_drain_bias,1.1,simulation,ngspice,397141eb8a813045075ac2be3098d3b136ebaf4d597c08fca627922a75e443b7,data/raw/ptm45_lp_vds_0p05v_raw.txt
PTM,NMOS,45,LP,1.0,0.045,25.0,0.05,0.9650000000000009,8.412367420234297e-05,low_vds,low_drain_bias,1.1,simulation,ngspice,397141eb8a813045075ac2be3098d3b136ebaf4d597c08fca627922a75e443b7,data/raw/ptm45_lp_vds_0p05v_raw.txt
PTM,NMOS,45,LP,1.0,0.045,25.0,0.05,0.9700000000000009,8.484595567960006e-05,low_vds,low_drain_bias,1.1,simulation,ngspice,397141eb8a813045075ac2be3098d3b136ebaf4d597c08fca627922a75e443b7,data/raw/ptm45_lp_vds_0p05v_raw.txt
PTM,NMOS,45,LP,1.0,0.045,25.0,0.05,0.9750000000000009,8.555783515959921e-05,low_vds,low_drain_bias,1.1,simulation,ngspice,397141eb8a813045075ac2be3098d3b136ebaf4d597c08fca627922a75e443b7,data/raw/ptm45_lp_vds_0p05v_raw.txt
PTM,NMOS,45,LP,1.0,0.045,25.0,0.05,0.9800000000000009,8.625950150962883e-05,low_vds,low_drain_bias,1.1,simulation,ngspice,397141eb8a813045075ac2be3098d3b136ebaf4d597c08fca627922a75e443b7,data/raw/ptm45_lp_vds_0p05v_raw.txt
PTM,NMOS,45,LP,1.0,0.045,25.0,0.05,0.9850000000000009,8.695114083851103e-05,low_vds,low_drain_bias,1.1,simulation,ngspice,397141eb8a813045075ac2be3098d3b136ebaf4d597c08fca627922a75e443b7,data/raw/ptm45_lp_vds_0p05v_raw.txt
PTM,NMOS,45,LP,1.0,0.045,25.0,0.05,0.9900000000000009,8.763293637353411e-05,low_vds,low_drain_bias,1.1,simulation,ngspice,397141eb8a813045075ac2be3098d3b136ebaf4d597c08fca627922a75e443b7,data/raw/ptm45_lp_vds_0p05v_raw.txt
PTM,NMOS,45,LP,1.0,0.045,25.0,0.05,0.9950000000000009,8.830506836085633e-05,low_vds,low_drain_bias,1.1,simulation,ngspice,397141eb8a813045075ac2be3098d3b136ebaf4d597c08fca627922a75e443b7,data/raw/ptm45_lp_vds_0p05v_raw.txt
PTM,NMOS,45,LP,1.0,0.045,25.0,0.05,1.000000000000001,8.896771398682195e-05,low_vds,low_drain_bias,1.1,simulation,ngspice,397141eb8a813045075ac2be3098d3b136ebaf4d597c08fca627922a75e443b7,data/raw/ptm45_lp_vds_0p05v_raw.txt
PTM,NMOS,45,LP,1.0,0.045,25.0,0.05,1.005000000000001,8.962104731786905e-05,low_vds,low_drain_bias,1.1,simulation,ngspice,397141eb8a813045075ac2be3098d3b136ebaf4d597c08fca627922a75e443b7,data/raw/ptm45_lp_vds_0p05v_raw.txt
PTM,NMOS,45,LP,1.0,0.045,25.0,0.05,1.010000000000001,9.026523925692038e-05,low_vds,low_drain_bias,1.1,simulation,ngspice,397141eb8a813045075ac2be3098d3b136ebaf4d597c08fca627922a75e443b7,data/raw/ptm45_lp_vds_0p05v_raw.txt
PTM,NMOS,45,LP,1.0,0.045,25.0,0.05,1.015000000000001,9.090045751435179e-05,low_vds,low_drain_bias,1.1,simulation,ngspice,397141eb8a813045075ac2be3098d3b136ebaf4d597c08fca627922a75e443b7,data/raw/ptm45_lp_vds_0p05v_raw.txt
PTM,NMOS,45,LP,1.0,0.045,25.0,0.05,1.02,9.152686659182135e-05,low_vds,low_drain_bias,1.1,simulation,ngspice,397141eb8a813045075ac2be3098d3b136ebaf4d597c08fca627922a75e443b7,data/raw/ptm45_lp_vds_0p05v_raw.txt
PTM,NMOS,45,LP,1.0,0.045,25.0,0.05,1.025,9.214462777740115e-05,low_vds,low_drain_bias,1.1,simulation,ngspice,397141eb8a813045075ac2be3098d3b136ebaf4d597c08fca627922a75e443b7,data/raw/ptm45_lp_vds_0p05v_raw.txt
PTM,NMOS,45,LP,1.0,0.045,25.0,0.05,1.03,9.275389915061201e-05,low_vds,low_drain_bias,1.1,simulation,ngspice,397141eb8a813045075ac2be3098d3b136ebaf4d597c08fca627922a75e443b7,data/raw/ptm45_lp_vds_0p05v_raw.txt
PTM,NMOS,45,LP,1.0,0.045,25.0,0.05,1.035,9.335483559610269e-05,low_vds,low_drain_bias,1.1,simulation,ngspice,397141eb8a813045075ac2be3098d3b136ebaf4d597c08fca627922a75e443b7,data/raw/ptm45_lp_vds_0p05v_raw.txt
PTM,NMOS,45,LP,1.0,0.045,25.0,0.05,1.04,9.394758882483985e-05,low_vds,low_drain_bias,1.1,simulation,ngspice,397141eb8a813045075ac2be3098d3b136ebaf4d597c08fca627922a75e443b7,data/raw/ptm45_lp_vds_0p05v_raw.txt
PTM,NMOS,45,LP,1.0,0.045,25.0,0.05,1.045,9.453230740178944e-05,low_vds,low_drain_bias,1.1,simulation,ngspice,397141eb8a813045075ac2be3098d3b136ebaf4d597c08fca627922a75e443b7,data/raw/ptm45_lp_vds_0p05v_raw.txt
PTM,NMOS,45,LP,1.0,0.045,25.0,0.05,1.05,9.510913677918286e-05,low_vds,low_drain_bias,1.1,simulation,ngspice,397141eb8a813045075ac2be3098d3b136ebaf4d597c08fca627922a75e443b7,data/raw/ptm45_lp_vds_0p05v_raw.txt
PTM,NMOS,45,LP,1.0,0.045,25.0,0.05,1.055,9.567821933454751e-05,low_vds,low_drain_bias,1.1,simulation,ngspice,397141eb8a813045075ac2be3098d3b136ebaf4d597c08fca627922a75e443b7,data/raw/ptm45_lp_vds_0p05v_raw.txt
PTM,NMOS,45,LP,1.0,0.045,25.0,0.05,1.06,9.623969441277409e-05,low_vds,low_drain_bias,1.1,simulation,ngspice,397141eb8a813045075ac2be3098d3b136ebaf4d597c08fca627922a75e443b7,data/raw/ptm45_lp_vds_0p05v_raw.txt
PTM,NMOS,45,LP,1.0,0.045,25.0,0.05,1.065,9.679369837157135e-05,low_vds,low_drain_bias,1.1,simulation,ngspice,397141eb8a813045075ac2be3098d3b136ebaf4d597c08fca627922a75e443b7,data/raw/ptm45_lp_vds_0p05v_raw.txt
PTM,NMOS,45,LP,1.0,0.045,25.0,0.05,1.069999999999999,9.734036462972615e-05,low_vds,low_drain_bias,1.1,simulation,ngspice,397141eb8a813045075ac2be3098d3b136ebaf4d597c08fca627922a75e443b7,data/raw/ptm45_lp_vds_0p05v_raw.txt
PTM,NMOS,45,LP,1.0,0.045,25.0,0.05,1.074999999999999,9.787982371765596e-05,low_vds,low_drain_bias,1.1,simulation,ngspice,397141eb8a813045075ac2be3098d3b136ebaf4d597c08fca627922a75e443b7,data/raw/ptm45_lp_vds_0p05v_raw.txt
PTM,NMOS,45,LP,1.0,0.045,25.0,0.05,1.079999999999999,9.841220332979273e-05,low_vds,low_drain_bias,1.1,simulation,ngspice,397141eb8a813045075ac2be3098d3b136ebaf4d597c08fca627922a75e443b7,data/raw/ptm45_lp_vds_0p05v_raw.txt
PTM,NMOS,45,LP,1.0,0.045,25.0,0.05,1.084999999999999,9.893762837839811e-05,low_vds,low_drain_bias,1.1,simulation,ngspice,397141eb8a813045075ac2be3098d3b136ebaf4d597c08fca627922a75e443b7,data/raw/ptm45_lp_vds_0p05v_raw.txt
PTM,NMOS,45,LP,1.0,0.045,25.0,0.05,1.089999999999999,9.945622104844606e-05,low_vds,low_drain_bias,1.1,simulation,ngspice,397141eb8a813045075ac2be3098d3b136ebaf4d597c08fca627922a75e443b7,data/raw/ptm45_lp_vds_0p05v_raw.txt
PTM,NMOS,45,LP,1.0,0.045,25.0,0.05,1.094999999999999,9.996810085326323e-05,low_vds,low_drain_bias,1.1,simulation,ngspice,397141eb8a813045075ac2be3098d3b136ebaf4d597c08fca627922a75e443b7,data/raw/ptm45_lp_vds_0p05v_raw.txt
PTM,NMOS,45,LP,1.0,0.045,25.0,0.05,1.099999999999999,0.0001004733846906427,low_vds,low_drain_bias,1.1,simulation,ngspice,397141eb8a813045075ac2be3098d3b136ebaf4d597c08fca627922a75e443b7,data/raw/ptm45_lp_vds_0p05v_raw.txt
PTM,NMOS,45,LP,1.0,0.045,25.0,1.1,-0.2,3.843157657541054e-12,nominal_vdd,model_nominal_vdd,1.1,simulation,ngspice,397141eb8a813045075ac2be3098d3b136ebaf4d597c08fca627922a75e443b7,data/raw/ptm45_lp_vds_1p1v_raw.txt
PTM,NMOS,45,LP,1.0,0.045,25.0,1.1,-0.195,3.239107945031578e-12,nominal_vdd,model_nominal_vdd,1.1,simulation,ngspice,397141eb8a813045075ac2be3098d3b136ebaf4d597c08fca627922a75e443b7,data/raw/ptm45_lp_vds_1p1v_raw.txt
PTM,NMOS,45,LP,1.0,0.045,25.0,1.1,-0.19,2.823537168074477e-12,nominal_vdd,model_nominal_vdd,1.1,simulation,ngspice,397141eb8a813045075ac2be3098d3b136ebaf4d597c08fca627922a75e443b7,data/raw/ptm45_lp_vds_1p1v_raw.txt
PTM,NMOS,45,LP,1.0,0.045,25.0,1.1,-0.185,2.499074399119393e-12,nominal_vdd,model_nominal_vdd,1.1,simulation,ngspice,397141eb8a813045075ac2be3098d3b136ebaf4d597c08fca627922a75e443b7,data/raw/ptm45_lp_vds_1p1v_raw.txt
PTM,NMOS,45,LP,1.0,0.045,25.0,1.1,-0.18,2.249450196503867e-12,nominal_vdd,model_nominal_vdd,1.1,simulation,ngspice,397141eb8a813045075ac2be3098d3b136ebaf4d597c08fca627922a75e443b7,data/raw/ptm45_lp_vds_1p1v_raw.txt
PTM,NMOS,45,LP,1.0,0.045,25.0,1.1,-0.175,2.061314211635574e-12,nominal_vdd,model_nominal_vdd,1.1,simulation,ngspice,397141eb8a813045075ac2be3098d3b136ebaf4d597c08fca627922a75e443b7,data/raw/ptm45_lp_vds_1p1v_raw.txt
PTM,NMOS,45,LP,1.0,0.045,25.0,1.1,-0.17,1.923802525103569e-12,nominal_vdd,model_nominal_vdd,1.1,simulation,ngspice,397141eb8a813045075ac2be3098d3b136ebaf4d597c08fca627922a75e443b7,data/raw/ptm45_lp_vds_1p1v_raw.txt
PTM,NMOS,45,LP,1.0,0.045,25.0,1.1,-0.165,1.82816483061093e-12,nominal_vdd,model_nominal_vdd,1.1,simulation,ngspice,397141eb8a813045075ac2be3098d3b136ebaf4d597c08fca627922a75e443b7,data/raw/ptm45_lp_vds_1p1v_raw.txt
PTM,NMOS,45,LP,1.0,0.045,25.0,1.1,-0.16,1.767445218589546e-12,nominal_vdd,model_nominal_vdd,1.1,simulation,ngspice,397141eb8a813045075ac2be3098d3b136ebaf4d597c08fca627922a75e443b7,data/raw/ptm45_lp_vds_1p1v_raw.txt
PTM,NMOS,45,LP,1.0,0.045,25.0,1.1,-0.155,1.7362108361767e-12,nominal_vdd,model_nominal_vdd,1.1,simulation,ngspice,397141eb8a813045075ac2be3098d3b136ebaf4d597c08fca627922a75e443b7,data/raw/ptm45_lp_vds_1p1v_raw.txt
PTM,NMOS,45,LP,1.0,0.045,25.0,1.1,-0.15,1.730323212993311e-12,nominal_vdd,model_nominal_vdd,1.1,simulation,ngspice,397141eb8a813045075ac2be3098d3b136ebaf4d597c08fca627922a75e443b7,data/raw/ptm45_lp_vds_1p1v_raw.txt
PTM,NMOS,45,LP,1.0,0.045,25.0,1.1,-0.145,1.746747541110623e-12,nominal_vdd,model_nominal_vdd,1.1,simulation,ngspice,397141eb8a813045075ac2be3098d3b136ebaf4d597c08fca627922a75e443b7,data/raw/ptm45_lp_vds_1p1v_raw.txt
PTM,NMOS,45,LP,1.0,0.045,25.0,1.1,-0.14,1.783395681303645e-12,nominal_vdd,model_nominal_vdd,1.1,simulation,ngspice,397141eb8a813045075ac2be3098d3b136ebaf4d597c08fca627922a75e443b7,data/raw/ptm45_lp_vds_1p1v_raw.txt
PTM,NMOS,45,LP,1.0,0.045,25.0,1.1,-0.135,1.838999135065929e-12,nominal_vdd,model_nominal_vdd,1.1,simulation,ngspice,397141eb8a813045075ac2be3098d3b136ebaf4d597c08fca627922a75e443b7,data/raw/ptm45_lp_vds_1p1v_raw.txt
PTM,NMOS,45,LP,1.0,0.045,25.0,1.1,-0.1299999999999999,1.913008672374398e-12,nominal_vdd,model_nominal_vdd,1.1,simulation,ngspice,397141eb8a813045075ac2be3098d3b136ebaf4d597c08fca627922a75e443b7,data/raw/ptm45_lp_vds_1p1v_raw.txt
PTM,NMOS,45,LP,1.0,0.045,25.0,1.1,-0.1249999999999999,2.005517738374246e-12,nominal_vdd,model_nominal_vdd,1.1,simulation,ngspice,397141eb8a813045075ac2be3098d3b136ebaf4d597c08fca627922a75e443b7,data/raw/ptm45_lp_vds_1p1v_raw.txt
PTM,NMOS,45,LP,1.0,0.045,25.0,1.1,-0.1199999999999999,2.117207178314939e-12,nominal_vdd,model_nominal_vdd,1.1,simulation,ngspice,397141eb8a813045075ac2be3098d3b136ebaf4d597c08fca627922a75e443b7,data/raw/ptm45_lp_vds_1p1v_raw.txt
PTM,NMOS,45,LP,1.0,0.045,25.0,1.1,-0.1149999999999999,2.249309219672026e-12,nominal_vdd,model_nominal_vdd,1.1,simulation,ngspice,397141eb8a813045075ac2be3098d3b136ebaf4d597c08fca627922a75e443b7,data/raw/ptm45_lp_vds_1p1v_raw.txt
PTM,NMOS,45,LP,1.0,0.045,25.0,1.1,-0.1099999999999999,2.403589034480301e-12,nominal_vdd,model_nominal_vdd,1.1,simulation,ngspice,397141eb8a813045075ac2be3098d3b136ebaf4d597c08fca627922a75e443b7,data/raw/ptm45_lp_vds_1p1v_raw.txt
PTM,NMOS,45,LP,1.0,0.045,25.0,1.1,-0.1049999999999999,2.582342574834395e-12,nominal_vdd,model_nominal_vdd,1.1,simulation,ngspice,397141eb8a813045075ac2be3098d3b136ebaf4d597c08fca627922a75e443b7,data/raw/ptm45_lp_vds_1p1v_raw.txt
PTM,NMOS,45,LP,1.0,0.045,25.0,1.1,-0.09999999999999992,2.788409732228717e-12,nominal_vdd,model_nominal_vdd,1.1,simulation,ngspice,397141eb8a813045075ac2be3098d3b136ebaf4d597c08fca627922a75e443b7,data/raw/ptm45_lp_vds_1p1v_raw.txt
PTM,NMOS,45,LP,1.0,0.045,25.0,1.1,-0.09499999999999992,3.025202219214049e-12,nominal_vdd,model_nominal_vdd,1.1,simulation,ngspice,397141eb8a813045075ac2be3098d3b136ebaf4d597c08fca627922a75e443b7,data/raw/ptm45_lp_vds_1p1v_raw.txt
PTM,NMOS,45,LP,1.0,0.045,25.0,1.1,-0.08999999999999991,3.296745912414954e-12,nominal_vdd,model_nominal_vdd,1.1,simulation,ngspice,397141eb8a813045075ac2be3098d3b136ebaf4d597c08fca627922a75e443b7,data/raw/ptm45_lp_vds_1p1v_raw.txt
PTM,NMOS,45,LP,1.0,0.045,25.0,1.1,-0.08499999999999991,3.607737732628669e-12,nominal_vdd,model_nominal_vdd,1.1,simulation,ngspice,397141eb8a813045075ac2be3098d3b136ebaf4d597c08fca627922a75e443b7,data/raw/ptm45_lp_vds_1p1v_raw.txt
PTM,NMOS,45,LP,1.0,0.045,25.0,1.1,-0.0799999999999999,3.96361747410582e-12,nominal_vdd,model_nominal_vdd,1.1,simulation,ngspice,397141eb8a813045075ac2be3098d3b136ebaf4d597c08fca627922a75e443b7,data/raw/ptm45_lp_vds_1p1v_raw.txt
PTM,NMOS,45,LP,1.0,0.045,25.0,1.1,-0.0749999999999999,4.370655335506483e-12,nominal_vdd,model_nominal_vdd,1.1,simulation,ngspice,397141eb8a813045075ac2be3098d3b136ebaf4d597c08fca627922a75e443b7,data/raw/ptm45_lp_vds_1p1v_raw.txt
PTM,NMOS,45,LP,1.0,0.045,25.0,1.1,-0.0699999999999999,4.836056253937878e-12,nominal_vdd,model_nominal_vdd,1.1,simulation,ngspice,397141eb8a813045075ac2be3098d3b136ebaf4d597c08fca627922a75e443b7,data/raw/ptm45_lp_vds_1p1v_raw.txt
PTM,NMOS,45,LP,1.0,0.045,25.0,1.1,-0.06499999999999989,5.368082506314197e-12,nominal_vdd,model_nominal_vdd,1.1,simulation,ngspice,397141eb8a813045075ac2be3098d3b136ebaf4d597c08fca627922a75e443b7,data/raw/ptm45_lp_vds_1p1v_raw.txt
PTM,NMOS,45,LP,1.0,0.045,25.0,1.1,-0.05999999999999989,5.976196424746568e-12,nominal_vdd,model_nominal_vdd,1.1,simulation,ngspice,397141eb8a813045075ac2be3098d3b136ebaf4d597c08fca627922a75e443b7,data/raw/ptm45_lp_vds_1p1v_raw.txt
PTM,NMOS,45,LP,1.0,0.045,25.0,1.1,-0.0549999999999999,6.671225481172963e-12,nominal_vdd,model_nominal_vdd,1.1,simulation,ngspice,397141eb8a813045075ac2be3098d3b136ebaf4d597c08fca627922a75e443b7,data/raw/ptm45_lp_vds_1p1v_raw.txt
PTM,NMOS,45,LP,1.0,0.045,25.0,1.1,-0.0499999999999999,7.465552438123434e-12,nominal_vdd,model_nominal_vdd,1.1,simulation,ngspice,397141eb8a813045075ac2be3098d3b136ebaf4d597c08fca627922a75e443b7,data/raw/ptm45_lp_vds_1p1v_raw.txt
PTM,NMOS,45,LP,1.0,0.045,25.0,1.1,-0.0449999999999999,8.373333745087742e-12,nominal_vdd,model_nominal_vdd,1.1,simulation,ngspice,397141eb8a813045075ac2be3098d3b136ebaf4d597c08fca627922a75e443b7,data/raw/ptm45_lp_vds_1p1v_raw.txt
PTM,NMOS,45,LP,1.0,0.045,25.0,1.1,-0.0399999999999999,9.41074989241523e-12,nominal_vdd,model_nominal_vdd,1.1,simulation,ngspice,397141eb8a813045075ac2be3098d3b136ebaf4d597c08fca627922a75e443b7,data/raw/ptm45_lp_vds_1p1v_raw.txt
PTM,NMOS,45,LP,1.0,0.045,25.0,1.1,-0.03499999999999991,1.059629202610623e-11,nominal_vdd,model_nominal_vdd,1.1,simulation,ngspice,397141eb8a813045075ac2be3098d3b136ebaf4d597c08fca627922a75e443b7,data/raw/ptm45_lp_vds_1p1v_raw.txt
PTM,NMOS,45,LP,1.0,0.045,25.0,1.1,-0.02999999999999991,1.195108978834799e-11,nominal_vdd,model_nominal_vdd,1.1,simulation,ngspice,397141eb8a813045075ac2be3098d3b136ebaf4d597c08fca627922a75e443b7,data/raw/ptm45_lp_vds_1p1v_raw.txt
PTM,NMOS,45,LP,1.0,0.045,25.0,1.1,-0.0249999999999999,1.349928609217955e-11,nominal_vdd,model_nominal_vdd,1.1,simulation,ngspice,397141eb8a813045075ac2be3098d3b136ebaf4d597c08fca627922a75e443b7,data/raw/ptm45_lp_vds_1p1v_raw.txt
PTM,NMOS,45,LP,1.0,0.045,25.0,1.1,-0.0199999999999999,1.526846537685952e-11,nominal_vdd,model_nominal_vdd,1.1,simulation,ngspice,397141eb8a813045075ac2be3098d3b136ebaf4d597c08fca627922a75e443b7,data/raw/ptm45_lp_vds_1p1v_raw.txt
PTM,NMOS,45,LP,1.0,0.045,25.0,1.1,-0.0149999999999999,1.729014283899696e-11,nominal_vdd,model_nominal_vdd,1.1,simulation,ngspice,397141eb8a813045075ac2be3098d3b136ebaf4d597c08fca627922a75e443b7,data/raw/ptm45_lp_vds_1p1v_raw.txt
PTM,NMOS,45,LP,1.0,0.045,25.0,1.1,-0.009999999999999901,1.960032320926043e-11,nominal_vdd,model_nominal_vdd,1.1,simulation,ngspice,397141eb8a813045075ac2be3098d3b136ebaf4d597c08fca627922a75e443b7,data/raw/ptm45_lp_vds_1p1v_raw.txt
PTM,NMOS,45,LP,1.0,0.045,25.0,1.1,-0.004999999999999901,2.224013886466606e-11,nominal_vdd,model_nominal_vdd,1.1,simulation,ngspice,397141eb8a813045075ac2be3098d3b136ebaf4d597c08fca627922a75e443b7,data/raw/ptm45_lp_vds_1p1v_raw.txt
PTM,NMOS,45,LP,1.0,0.045,25.0,1.1,9.8879238130678e-17,2.525657845269592e-11,nominal_vdd,model_nominal_vdd,1.1,simulation,ngspice,397141eb8a813045075ac2be3098d3b136ebaf4d597c08fca627922a75e443b7,data/raw/ptm45_lp_vds_1p1v_raw.txt
PTM,NMOS,45,LP,1.0,0.045,25.0,1.1,0.005000000000000099,2.870331877956923e-11,nominal_vdd,model_nominal_vdd,1.1,simulation,ngspice,397141eb8a813045075ac2be3098d3b136ebaf4d597c08fca627922a75e443b7,data/raw/ptm45_lp_vds_1p1v_raw.txt
PTM,NMOS,45,LP,1.0,0.045,25.0,1.1,0.0100000000000001,3.26416745078129e-11,nominal_vdd,model_nominal_vdd,1.1,simulation,ngspice,397141eb8a813045075ac2be3098d3b136ebaf4d597c08fca627922a75e443b7,data/raw/ptm45_lp_vds_1p1v_raw.txt
PTM,NMOS,45,LP,1.0,0.045,25.0,1.1,0.0150000000000001,3.714168224776992e-11,nominal_vdd,model_nominal_vdd,1.1,simulation,ngspice,397141eb8a813045075ac2be3098d3b136ebaf4d597c08fca627922a75e443b7,data/raw/ptm45_lp_vds_1p1v_raw.txt
PTM,NMOS,45,LP,1.0,0.045,25.0,1.1,0.0200000000000001,4.228333794754982e-11,nominal_vdd,model_nominal_vdd,1.1,simulation,ngspice,397141eb8a813045075ac2be3098d3b136ebaf4d597c08fca627922a75e443b7,data/raw/ptm45_lp_vds_1p1v_raw.txt
PTM,NMOS,45,LP,1.0,0.045,25.0,1.1,0.0250000000000001,4.815800912533127e-11,nominal_vdd,model_nominal_vdd,1.1,simulation,ngspice,397141eb8a813045075ac2be3098d3b136ebaf4d597c08fca627922a75e443b7,data/raw/ptm45_lp_vds_1p1v_raw.txt
PTM,NMOS,45,LP,1.0,0.045,25.0,1.1,0.0300000000000001,5.487004648969664e-11,nominal_vdd,model_nominal_vdd,1.1,simulation,ngspice,397141eb8a813045075ac2be3098d3b136ebaf4d597c08fca627922a75e443b7,data/raw/ptm45_lp_vds_1p1v_raw.txt
PTM,NMOS,45,LP,1.0,0.045,25.0,1.1,0.0350000000000001,6.253862290649033e-11,nominal_vdd,model_nominal_vdd,1.1,simulation,ngspice,397141eb8a813045075ac2be3098d3b136ebaf4d597c08fca627922a75e443b7,data/raw/ptm45_lp_vds_1p1v_raw.txt
PTM,NMOS,45,LP,1.0,0.045,25.0,1.1,0.0400000000000001,7.129983155135615e-11,nominal_vdd,model_nominal_vdd,1.1,simulation,ngspice,397141eb8a813045075ac2be3098d3b136ebaf4d597c08fca627922a75e443b7,data/raw/ptm45_lp_vds_1p1v_raw.txt
PTM,NMOS,45,LP,1.0,0.045,25.0,1.1,0.0450000000000001,8.130907949548519e-11,nominal_vdd,model_nominal_vdd,1.1,simulation,ngspice,397141eb8a813045075ac2be3098d3b136ebaf4d597c08fca627922a75e443b7,data/raw/ptm45_lp_vds_1p1v_raw.txt
PTM,NMOS,45,LP,1.0,0.045,25.0,1.1,0.05000000000000009,9.274381798127062e-11,nominal_vdd,model_nominal_vdd,1.1,simulation,ngspice,397141eb8a813045075ac2be3098d3b136ebaf4d597c08fca627922a75e443b7,data/raw/ptm45_lp_vds_1p1v_raw.txt
PTM,NMOS,45,LP,1.0,0.045,25.0,1.1,0.05500000000000009,1.0580665633197e-10,nominal_vdd,model_nominal_vdd,1.1,simulation,ngspice,397141eb8a813045075ac2be3098d3b136ebaf4d597c08fca627922a75e443b7,data/raw/ptm45_lp_vds_1p1v_raw.txt
PTM,NMOS,45,LP,1.0,0.045,25.0,1.1,0.06000000000000009,1.207289128942808e-10,nominal_vdd,model_nominal_vdd,1.1,simulation,ngspice,397141eb8a813045075ac2be3098d3b136ebaf4d597c08fca627922a75e443b7,data/raw/ptm45_lp_vds_1p1v_raw.txt
PTM,NMOS,45,LP,1.0,0.045,25.0,1.1,0.06500000000000009,1.37774663736592e-10,nominal_vdd,model_nominal_vdd,1.1,simulation,ngspice,397141eb8a813045075ac2be3098d3b136ebaf4d597c08fca627922a75e443b7,data/raw/ptm45_lp_vds_1p1v_raw.txt
PTM,NMOS,45,LP,1.0,0.045,25.0,1.1,0.07000000000000009,1.585216998157635e-10,nominal_vdd,model_nominal_vdd,1.1,simulation,ngspice,397141eb8a813045075ac2be3098d3b136ebaf4d597c08fca627922a75e443b7,data/raw/ptm45_lp_vds_1p1v_raw.txt
PTM,NMOS,45,LP,1.0,0.045,25.0,1.1,0.0750000000000001,1.809424851015831e-10,nominal_vdd,model_nominal_vdd,1.1,simulation,ngspice,397141eb8a813045075ac2be3098d3b136ebaf4d597c08fca627922a75e443b7,data/raw/ptm45_lp_vds_1p1v_raw.txt
PTM,NMOS,45,LP,1.0,0.045,25.0,1.1,0.0800000000000001,2.065505901062768e-10,nominal_vdd,model_nominal_vdd,1.1,simulation,ngspice,397141eb8a813045075ac2be3098d3b136ebaf4d597c08fca627922a75e443b7,data/raw/ptm45_lp_vds_1p1v_raw.txt
PTM,NMOS,45,LP,1.0,0.045,25.0,1.1,0.0850000000000001,2.357977775928182e-10,nominal_vdd,model_nominal_vdd,1.1,simulation,ngspice,397141eb8a813045075ac2be3098d3b136ebaf4d597c08fca627922a75e443b7,data/raw/ptm45_lp_vds_1p1v_raw.txt
PTM,NMOS,45,LP,1.0,0.045,25.0,1.1,0.09000000000000011,2.691995497575157e-10,nominal_vdd,model_nominal_vdd,1.1,simulation,ngspice,397141eb8a813045075ac2be3098d3b136ebaf4d597c08fca627922a75e443b7,data/raw/ptm45_lp_vds_1p1v_raw.txt
PTM,NMOS,45,LP,1.0,0.045,25.0,1.1,0.09500000000000011,3.073440778839492e-10,nominal_vdd,model_nominal_vdd,1.1,simulation,ngspice,397141eb8a813045075ac2be3098d3b136ebaf4d597c08fca627922a75e443b7,data/raw/ptm45_lp_vds_1p1v_raw.txt
PTM,NMOS,45,LP,1.0,0.045,25.0,1.1,0.1000000000000001,3.509023693204519e-10,nominal_vdd,model_nominal_vdd,1.1,simulation,ngspice,397141eb8a813045075ac2be3098d3b136ebaf4d597c08fca627922a75e443b7,data/raw/ptm45_lp_vds_1p1v_raw.txt
PTM,NMOS,45,LP,1.0,0.045,25.0,1.1,0.1050000000000001,4.006398402871378e-10,nominal_vdd,model_nominal_vdd,1.1,simulation,ngspice,397141eb8a813045075ac2be3098d3b136ebaf4d597c08fca627922a75e443b7,data/raw/ptm45_lp_vds_1p1v_raw.txt
PTM,NMOS,45,LP,1.0,0.045,25.0,1.1,0.1100000000000001,4.57429485336704e-10,nominal_vdd,model_nominal_vdd,1.1,simulation,ngspice,397141eb8a813045075ac2be3098d3b136ebaf4d597c08fca627922a75e443b7,data/raw/ptm45_lp_vds_1p1v_raw.txt
PTM,NMOS,45,LP,1.0,0.045,25.0,1.1,0.1150000000000001,5.222668594351717e-10,nominal_vdd,model_nominal_vdd,1.1,simulation,ngspice,397141eb8a813045075ac2be3098d3b136ebaf4d597c08fca627922a75e443b7,data/raw/ptm45_lp_vds_1p1v_raw.txt
PTM,NMOS,45,LP,1.0,0.045,25.0,1.1,0.1200000000000001,5.962871169211643e-10,nominal_vdd,model_nominal_vdd,1.1,simulation,ngspice,397141eb8a813045075ac2be3098d3b136ebaf4d597c08fca627922a75e443b7,data/raw/ptm45_lp_vds_1p1v_raw.txt
PTM,NMOS,45,LP,1.0,0.045,25.0,1.1,0.1250000000000001,6.807843834058545e-10,nominal_vdd,model_nominal_vdd,1.1,simulation,ngspice,397141eb8a813045075ac2be3098d3b136ebaf4d597c08fca627922a75e443b7,data/raw/ptm45_lp_vds_1p1v_raw.txt
PTM,NMOS,45,LP,1.0,0.045,25.0,1.1,0.1300000000000001,7.772337723879825e-10,nominal_vdd,model_nominal_vdd,1.1,simulation,ngspice,397141eb8a813045075ac2be3098d3b136ebaf4d597c08fca627922a75e443b7,data/raw/ptm45_lp_vds_1p1v_raw.txt
PTM,NMOS,45,LP,1.0,0.045,25.0,1.1,0.1350000000000001,8.873163984055151e-10,nominal_vdd,model_nominal_vdd,1.1,simulation,ngspice,397141eb8a813045075ac2be3098d3b136ebaf4d597c08fca627922a75e443b7,data/raw/ptm45_lp_vds_1p1v_raw.txt
PTM,NMOS,45,LP,1.0,0.045,25.0,1.1,0.1400000000000002,1.012947783400383e-09,nominal_vdd,model_nominal_vdd,1.1,simulation,ngspice,397141eb8a813045075ac2be3098d3b136ebaf4d597c08fca627922a75e443b7,data/raw/ptm45_lp_vds_1p1v_raw.txt
PTM,NMOS,45,LP,1.0,0.045,25.0,1.1,0.1450000000000002,1.156310103137022e-09,nominal_vdd,model_nominal_vdd,1.1,simulation,ngspice,397141eb8a813045075ac2be3098d3b136ebaf4d597c08fca627922a75e443b7,data/raw/ptm45_lp_vds_1p1v_raw.txt
PTM,NMOS,45,LP,1.0,0.045,25.0,1.1,0.1500000000000002,1.319888776535494e-09,nominal_vdd,model_nominal_vdd,1.1,simulation,ngspice,397141eb8a813045075ac2be3098d3b136ebaf4d597c08fca627922a75e443b7,data/raw/ptm45_lp_vds_1p1v_raw.txt
PTM,NMOS,45,LP,1.0,0.045,25.0,1.1,0.1550000000000002,1.506513963238775e-09,nominal_vdd,model_nominal_vdd,1.1,simulation,ngspice,397141eb8a813045075ac2be3098d3b136ebaf4d597c08fca627922a75e443b7,data/raw/ptm45_lp_vds_1p1v_raw.txt
PTM,NMOS,45,LP,1.0,0.045,25.0,1.1,0.1600000000000002,1.719407604246529e-09,nominal_vdd,model_nominal_vdd,1.1,simulation,ngspice,397141eb8a813045075ac2be3098d3b136ebaf4d597c08fca627922a75e443b7,data/raw/ptm45_lp_vds_1p1v_raw.txt
PTM,NMOS,45,LP,1.0,0.045,25.0,1.1,0.1650000000000002,1.962236717675959e-09,nominal_vdd,model_nominal_vdd,1.1,simulation,ngspice,397141eb8a813045075ac2be3098d3b136ebaf4d597c08fca627922a75e443b7,data/raw/ptm45_lp_vds_1p1v_raw.txt
PTM,NMOS,45,LP,1.0,0.045,25.0,1.1,0.1700000000000002,2.23917374732487e-09,nominal_vdd,model_nominal_vdd,1.1,simulation,ngspice,397141eb8a813045075ac2be3098d3b136ebaf4d597c08fca627922a75e443b7,data/raw/ptm45_lp_vds_1p1v_raw.txt
PTM,NMOS,45,LP,1.0,0.045,25.0,1.1,0.1750000000000002,2.554964856443207e-09,nominal_vdd,model_nominal_vdd,1.1,simulation,ngspice,397141eb8a813045075ac2be3098d3b136ebaf4d597c08fca627922a75e443b7,data/raw/ptm45_lp_vds_1p1v_raw.txt
PTM,NMOS,45,LP,1.0,0.045,25.0,1.1,0.1800000000000002,2.91500716366909e-09,nominal_vdd,model_nominal_vdd,1.1,simulation,ngspice,397141eb8a813045075ac2be3098d3b136ebaf4d597c08fca627922a75e443b7,data/raw/ptm45_lp_vds_1p1v_raw.txt
PTM,NMOS,45,LP,1.0,0.045,25.0,1.1,0.1850000000000002,3.325436033215461e-09,nominal_vdd,model_nominal_vdd,1.1,simulation,ngspice,397141eb8a813045075ac2be3098d3b136ebaf4d597c08fca627922a75e443b7,data/raw/ptm45_lp_vds_1p1v_raw.txt
PTM,NMOS,45,LP,1.0,0.045,25.0,1.1,0.1900000000000002,3.793223657822332e-09,nominal_vdd,model_nominal_vdd,1.1,simulation,ngspice,397141eb8a813045075ac2be3098d3b136ebaf4d597c08fca627922a75e443b7,data/raw/ptm45_lp_vds_1p1v_raw.txt
PTM,NMOS,45,LP,1.0,0.045,25.0,1.1,0.1950000000000002,4.326290311436928e-09,nominal_vdd,model_nominal_vdd,1.1,simulation,ngspice,397141eb8a813045075ac2be3098d3b136ebaf4d597c08fca627922a75e443b7,data/raw/ptm45_lp_vds_1p1v_raw.txt
PTM,NMOS,45,LP,1.0,0.045,25.0,1.1,0.2000000000000002,4.933629799736076e-09,nominal_vdd,model_nominal_vdd,1.1,simulation,ngspice,397141eb8a813045075ac2be3098d3b136ebaf4d597c08fca627922a75e443b7,data/raw/ptm45_lp_vds_1p1v_raw.txt
PTM,NMOS,45,LP,1.0,0.045,25.0,1.1,0.2050000000000002,5.625450801088216e-09,nominal_vdd,model_nominal_vdd,1.1,simulation,ngspice,397141eb8a813045075ac2be3098d3b136ebaf4d597c08fca627922a75e443b7,data/raw/ptm45_lp_vds_1p1v_raw.txt
PTM,NMOS,45,LP,1.0,0.045,25.0,1.1,0.2100000000000002,6.413335968902241e-09,nominal_vdd,model_nominal_vdd,1.1,simulation,ngspice,397141eb8a813045075ac2be3098d3b136ebaf4d597c08fca627922a75e443b7,data/raw/ptm45_lp_vds_1p1v_raw.txt
PTM,NMOS,45,LP,1.0,0.045,25.0,1.1,0.2150000000000002,7.310420858999445e-09,nominal_vdd,model_nominal_vdd,1.1,simulation,ngspice,397141eb8a813045075ac2be3098d3b136ebaf4d597c08fca627922a75e443b7,data/raw/ptm45_lp_vds_1p1v_raw.txt
PTM,NMOS,45,LP,1.0,0.045,25.0,1.1,0.2200000000000002,8.33159495295967e-09,nominal_vdd,model_nominal_vdd,1.1,simulation,ngspice,397141eb8a813045075ac2be3098d3b136ebaf4d597c08fca627922a75e443b7,data/raw/ptm45_lp_vds_1p1v_raw.txt
PTM,NMOS,45,LP,1.0,0.045,25.0,1.1,0.2250000000000002,9.493727270480415e-09,nominal_vdd,model_nominal_vdd,1.1,simulation,ngspice,397141eb8a813045075ac2be3098d3b136ebaf4d597c08fca627922a75e443b7,data/raw/ptm45_lp_vds_1p1v_raw.txt
PTM,NMOS,45,LP,1.0,0.045,25.0,1.1,0.2300000000000002,1.081591930063999e-08,nominal_vdd,model_nominal_vdd,1.1,simulation,ngspice,397141eb8a813045075ac2be3098d3b136ebaf4d597c08fca627922a75e443b7,data/raw/ptm45_lp_vds_1p1v_raw.txt
PTM,NMOS,45,LP,1.0,0.045,25.0,1.1,0.2350000000000002,1.231978823325394e-08,nominal_vdd,model_nominal_vdd,1.1,simulation,ngspice,397141eb8a813045075ac2be3098d3b136ebaf4d597c08fca627922a75e443b7,data/raw/ptm45_lp_vds_1p1v_raw.txt
PTM,NMOS,45,LP,1.0,0.045,25.0,1.1,0.2400000000000002,1.402978373678025e-08,nominal_vdd,model_nominal_vdd,1.1,simulation,ngspice,397141eb8a813045075ac2be3098d3b136ebaf4d597c08fca627922a75e443b7,data/raw/ptm45_lp_vds_1p1v_raw.txt
PTM,NMOS,45,LP,1.0,0.045,25.0,1.1,0.2450000000000002,1.597354180763647e-08,nominal_vdd,model_nominal_vdd,1.1,simulation,ngspice,397141eb8a813045075ac2be3098d3b136ebaf4d597c08fca627922a75e443b7,data/raw/ptm45_lp_vds_1p1v_raw.txt
PTM,NMOS,45,LP,1.0,0.045,25.0,1.1,0.2500000000000002,1.818227950631262e-08,nominal_vdd,model_nominal_vdd,1.1,simulation,ngspice,397141eb8a813045075ac2be3098d3b136ebaf4d597c08fca627922a75e443b7,data/raw/ptm45_lp_vds_1p1v_raw.txt
PTM,NMOS,45,LP,1.0,0.045,25.0,1.1,0.2550000000000002,2.069123469688041e-08,nominal_vdd,model_nominal_vdd,1.1,simulation,ngspice,397141eb8a813045075ac2be3098d3b136ebaf4d597c08fca627922a75e443b7,data/raw/ptm45_lp_vds_1p1v_raw.txt
PTM,NMOS,45,LP,1.0,0.045,25.0,1.1,0.2600000000000002,2.354015521682267e-08,nominal_vdd,model_nominal_vdd,1.1,simulation,ngspice,397141eb8a813045075ac2be3098d3b136ebaf4d597c08fca627922a75e443b7,data/raw/ptm45_lp_vds_1p1v_raw.txt
PTM,NMOS,45,LP,1.0,0.045,25.0,1.1,0.2650000000000002,2.6773842221694e-08,nominal_vdd,model_nominal_vdd,1.1,simulation,ngspice,397141eb8a813045075ac2be3098d3b136ebaf4d597c08fca627922a75e443b7,data/raw/ptm45_lp_vds_1p1v_raw.txt
PTM,NMOS,45,LP,1.0,0.045,25.0,1.1,0.2700000000000002,3.044275277190724e-08,nominal_vdd,model_nominal_vdd,1.1,simulation,ngspice,397141eb8a813045075ac2be3098d3b136ebaf4d597c08fca627922a75e443b7,data/raw/ptm45_lp_vds_1p1v_raw.txt
PTM,NMOS,45,LP,1.0,0.045,25.0,1.1,0.2750000000000002,3.460366705497732e-08,nominal_vdd,model_nominal_vdd,1.1,simulation,ngspice,397141eb8a813045075ac2be3098d3b136ebaf4d597c08fca627922a75e443b7,data/raw/ptm45_lp_vds_1p1v_raw.txt
PTM,NMOS,45,LP,1.0,0.045,25.0,1.1,0.2800000000000002,3.932042596367367e-08,nominal_vdd,model_nominal_vdd,1.1,simulation,ngspice,397141eb8a813045075ac2be3098d3b136ebaf4d597c08fca627922a75e443b7,data/raw/ptm45_lp_vds_1p1v_raw.txt
PTM,NMOS,45,LP,1.0,0.045,25.0,1.1,0.2850000000000003,4.466474507731343e-08,nominal_vdd,model_nominal_vdd,1.1,simulation,ngspice,397141eb8a813045075ac2be3098d3b136ebaf4d597c08fca627922a75e443b7,data/raw/ptm45_lp_vds_1p1v_raw.txt
PTM,NMOS,45,LP,1.0,0.045,25.0,1.1,0.2900000000000003,5.071711141833001e-08,nominal_vdd,model_nominal_vdd,1.1,simulation,ngspice,397141eb8a813045075ac2be3098d3b136ebaf4d597c08fca627922a75e443b7,data/raw/ptm45_lp_vds_1p1v_raw.txt
PTM,NMOS,45,LP,1.0,0.045,25.0,1.1,0.2950000000000003,5.756776967917311e-08,nominal_vdd,model_nominal_vdd,1.1,simulation,ngspice,397141eb8a813045075ac2be3098d3b136ebaf4d597c08fca627922a75e443b7,data/raw/ptm45_lp_vds_1p1v_raw.txt
PTM,NMOS,45,LP,1.0,0.045,25.0,1.1,0.3000000000000003,6.531780493577325e-08,nominal_vdd,model_nominal_vdd,1.1,simulation,ngspice,397141eb8a813045075ac2be3098d3b136ebaf4d597c08fca627922a75e443b7,data/raw/ptm45_lp_vds_1p1v_raw.txt
PTM,NMOS,45,LP,1.0,0.045,25.0,1.1,0.3050000000000003,7.40803291855766e-08,nominal_vdd,model_nominal_vdd,1.1,simulation,ngspice,397141eb8a813045075ac2be3098d3b136ebaf4d597c08fca627922a75e443b7,data/raw/ptm45_lp_vds_1p1v_raw.txt
PTM,NMOS,45,LP,1.0,0.045,25.0,1.1,0.3100000000000003,8.398177937379374e-08,nominal_vdd,model_nominal_vdd,1.1,simulation,ngspice,397141eb8a813045075ac2be3098d3b136ebaf4d597c08fca627922a75e443b7,data/raw/ptm45_lp_vds_1p1v_raw.txt
PTM,NMOS,45,LP,1.0,0.045,25.0,1.1,0.3150000000000003,9.516333490665304e-08,nominal_vdd,model_nominal_vdd,1.1,simulation,ngspice,397141eb8a813045075ac2be3098d3b136ebaf4d597c08fca627922a75e443b7,data/raw/ptm45_lp_vds_1p1v_raw.txt
PTM,NMOS,45,LP,1.0,0.045,25.0,1.1,0.3200000000000003,1.077824630026231e-07,nominal_vdd,model_nominal_vdd,1.1,simulation,ngspice,397141eb8a813045075ac2be3098d3b136ebaf4d597c08fca627922a75e443b7,data/raw/ptm45_lp_vds_1p1v_raw.txt
PTM,NMOS,45,LP,1.0,0.045,25.0,1.1,0.3250000000000003,1.220146006110537e-07,nominal_vdd,model_nominal_vdd,1.1,simulation,ngspice,397141eb8a813045075ac2be3098d3b136ebaf4d597c08fca627922a75e443b7,data/raw/ptm45_lp_vds_1p1v_raw.txt
PTM,NMOS,45,LP,1.0,0.045,25.0,1.1,0.3300000000000003,1.380549820437588e-07,nominal_vdd,model_nominal_vdd,1.1,simulation,ngspice,397141eb8a813045075ac2be3098d3b136ebaf4d597c08fca627922a75e443b7,data/raw/ptm45_lp_vds_1p1v_raw.txt
PTM,NMOS,45,LP,1.0,0.045,25.0,1.1,0.3350000000000003,1.561206219304292e-07,nominal_vdd,model_nominal_vdd,1.1,simulation,ngspice,397141eb8a813045075ac2be3098d3b136ebaf4d597c08fca627922a75e443b7,data/raw/ptm45_lp_vds_1p1v_raw.txt
PTM,NMOS,45,LP,1.0,0.045,25.0,1.1,0.3400000000000003,1.764524636356855e-07,nominal_vdd,model_nominal_vdd,1.1,simulation,ngspice,397141eb8a813045075ac2be3098d3b136ebaf4d597c08fca627922a75e443b7,data/raw/ptm45_lp_vds_1p1v_raw.txt
PTM,NMOS,45,LP,1.0,0.045,25.0,1.1,0.3450000000000003,1.99317703873378e-07,nominal_vdd,model_nominal_vdd,1.1,simulation,ngspice,397141eb8a813045075ac2be3098d3b136ebaf4d597c08fca627922a75e443b7,data/raw/ptm45_lp_vds_1p1v_raw.txt
PTM,NMOS,45,LP,1.0,0.045,25.0,1.1,0.3500000000000003,2.250123004987949e-07,nominal_vdd,model_nominal_vdd,1.1,simulation,ngspice,397141eb8a813045075ac2be3098d3b136ebaf4d597c08fca627922a75e443b7,data/raw/ptm45_lp_vds_1p1v_raw.txt
PTM,NMOS,45,LP,1.0,0.045,25.0,1.1,0.3550000000000003,2.538636675069257e-07,nominal_vdd,model_nominal_vdd,1.1,simulation,ngspice,397141eb8a813045075ac2be3098d3b136ebaf4d597c08fca627922a75e443b7,data/raw/ptm45_lp_vds_1p1v_raw.txt
PTM,NMOS,45,LP,1.0,0.045,25.0,1.1,0.3600000000000003,2.862336325723942e-07,nominal_vdd,model_nominal_vdd,1.1,simulation,ngspice,397141eb8a813045075ac2be3098d3b136ebaf4d597c08fca627922a75e443b7,data/raw/ptm45_lp_vds_1p1v_raw.txt
PTM,NMOS,45,LP,1.0,0.045,25.0,1.1,0.3650000000000003,3.225215767858622e-07,nominal_vdd,model_nominal_vdd,1.1,simulation,ngspice,397141eb8a813045075ac2be3098d3b136ebaf4d597c08fca627922a75e443b7,data/raw/ptm45_lp_vds_1p1v_raw.txt
PTM,NMOS,45,LP,1.0,0.045,25.0,1.1,0.3700000000000003,3.631678240515039e-07,nominal_vdd,model_nominal_vdd,1.1,simulation,ngspice,397141eb8a813045075ac2be3098d3b136ebaf4d597c08fca627922a75e443b7,data/raw/ptm45_lp_vds_1p1v_raw.txt
PTM,NMOS,45,LP,1.0,0.045,25.0,1.1,0.3750000000000003,4.08657289461529e-07,nominal_vdd,model_nominal_vdd,1.1,simulation,ngspice,397141eb8a813045075ac2be3098d3b136ebaf4d597c08fca627922a75e443b7,data/raw/ptm45_lp_vds_1p1v_raw.txt
PTM,NMOS,45,LP,1.0,0.045,25.0,1.1,0.3800000000000003,4.595233998871019e-07,nominal_vdd,model_nominal_vdd,1.1,simulation,ngspice,397141eb8a813045075ac2be3098d3b136ebaf4d597c08fca627922a75e443b7,data/raw/ptm45_lp_vds_1p1v_raw.txt
PTM,NMOS,45,LP,1.0,0.045,25.0,1.1,0.3850000000000003,5.163523026853494e-07,nominal_vdd,model_nominal_vdd,1.1,simulation,ngspice,397141eb8a813045075ac2be3098d3b136ebaf4d597c08fca627922a75e443b7,data/raw/ptm45_lp_vds_1p1v_raw.txt
PTM,NMOS,45,LP,1.0,0.045,25.0,1.1,0.3900000000000003,5.797873779366287e-07,nominal_vdd,model_nominal_vdd,1.1,simulation,ngspice,397141eb8a813045075ac2be3098d3b136ebaf4d597c08fca627922a75e443b7,data/raw/ptm45_lp_vds_1p1v_raw.txt
PTM,NMOS,45,LP,1.0,0.045,25.0,1.1,0.3950000000000004,6.505340683060344e-07,nominal_vdd,model_nominal_vdd,1.1,simulation,ngspice,397141eb8a813045075ac2be3098d3b136ebaf4d597c08fca627922a75e443b7,data/raw/ptm45_lp_vds_1p1v_raw.txt
PTM,NMOS,45,LP,1.0,0.045,25.0,1.1,0.4000000000000004,7.293650381677136e-07,nominal_vdd,model_nominal_vdd,1.1,simulation,ngspice,397141eb8a813045075ac2be3098d3b136ebaf4d597c08fca627922a75e443b7,data/raw/ptm45_lp_vds_1p1v_raw.txt
PTM,NMOS,45,LP,1.0,0.045,25.0,1.1,0.4050000000000004,8.171256697025714e-07,nominal_vdd,model_nominal_vdd,1.1,simulation,ngspice,397141eb8a813045075ac2be3098d3b136ebaf4d597c08fca627922a75e443b7,data/raw/ptm45_lp_vds_1p1v_raw.txt
PTM,NMOS,45,LP,1.0,0.045,25.0,1.1,0.4100000000000004,9.147398979045959e-07,nominal_vdd,model_nominal_vdd,1.1,simulation,ngspice,397141eb8a813045075ac2be3098d3b136ebaf4d597c08fca627922a75e443b7,data/raw/ptm45_lp_vds_1p1v_raw.txt
PTM,NMOS,45,LP,1.0,0.045,25.0,1.1,0.4150000000000004,1.023216378427474e-06,nominal_vdd,model_nominal_vdd,1.1,simulation,ngspice,397141eb8a813045075ac2be3098d3b136ebaf4d597c08fca627922a75e443b7,data/raw/ptm45_lp_vds_1p1v_raw.txt
PTM,NMOS,45,LP,1.0,0.045,25.0,1.1,0.4200000000000004,1.143654971591668e-06,nominal_vdd,model_nominal_vdd,1.1,simulation,ngspice,397141eb8a813045075ac2be3098d3b136ebaf4d597c08fca627922a75e443b7,data/raw/ptm45_lp_vds_1p1v_raw.txt
PTM,NMOS,45,LP,1.0,0.045,25.0,1.1,0.4250000000000004,1.277253512324472e-06,nominal_vdd,model_nominal_vdd,1.1,simulation,ngspice,397141eb8a813045075ac2be3098d3b136ebaf4d597c08fca627922a75e443b7,data/raw/ptm45_lp_vds_1p1v_raw.txt
PTM,NMOS,45,LP,1.0,0.045,25.0,1.1,0.4300000000000004,1.425314819067123e-06,nominal_vdd,model_nominal_vdd,1.1,simulation,ngspice,397141eb8a813045075ac2be3098d3b136ebaf4d597c08fca627922a75e443b7,data/raw/ptm45_lp_vds_1p1v_raw.txt
PTM,NMOS,45,LP,1.0,0.045,25.0,1.1,0.4350000000000004,1.589253874631965e-06,nominal_vdd,model_nominal_vdd,1.1,simulation,ngspice,397141eb8a813045075ac2be3098d3b136ebaf4d597c08fca627922a75e443b7,data/raw/ptm45_lp_vds_1p1v_raw.txt
PTM,NMOS,45,LP,1.0,0.045,25.0,1.1,0.4400000000000004,1.770605088674123e-06,nominal_vdd,model_nominal_vdd,1.1,simulation,ngspice,397141eb8a813045075ac2be3098d3b136ebaf4d597c08fca627922a75e443b7,data/raw/ptm45_lp_vds_1p1v_raw.txt
PTM,NMOS,45,LP,1.0,0.045,25.0,1.1,0.4450000000000004,1.971029525132079e-06,nominal_vdd,model_nominal_vdd,1.1,simulation,ngspice,397141eb8a813045075ac2be3098d3b136ebaf4d597c08fca627922a75e443b7,data/raw/ptm45_lp_vds_1p1v_raw.txt
PTM,NMOS,45,LP,1.0,0.045,25.0,1.1,0.4500000000000004,2.192321949224396e-06,nominal_vdd,model_nominal_vdd,1.1,simulation,ngspice,397141eb8a813045075ac2be3098d3b136ebaf4d597c08fca627922a75e443b7,data/raw/ptm45_lp_vds_1p1v_raw.txt
PTM,NMOS,45,LP,1.0,0.045,25.0,1.1,0.4550000000000004,2.436417518205541e-06,nominal_vdd,model_nominal_vdd,1.1,simulation,ngspice,397141eb8a813045075ac2be3098d3b136ebaf4d597c08fca627922a75e443b7,data/raw/ptm45_lp_vds_1p1v_raw.txt
PTM,NMOS,45,LP,1.0,0.045,25.0,1.1,0.4600000000000004,2.705397909244115e-06,nominal_vdd,model_nominal_vdd,1.1,simulation,ngspice,397141eb8a813045075ac2be3098d3b136ebaf4d597c08fca627922a75e443b7,data/raw/ptm45_lp_vds_1p1v_raw.txt
PTM,NMOS,45,LP,1.0,0.045,25.0,1.1,0.4650000000000004,3.001496647969538e-06,nominal_vdd,model_nominal_vdd,1.1,simulation,ngspice,397141eb8a813045075ac2be3098d3b136ebaf4d597c08fca627922a75e443b7,data/raw/ptm45_lp_vds_1p1v_raw.txt
PTM,NMOS,45,LP,1.0,0.045,25.0,1.1,0.4700000000000004,3.327103374210794e-06,nominal_vdd,model_nominal_vdd,1.1,simulation,ngspice,397141eb8a813045075ac2be3098d3b136ebaf4d597c08fca627922a75e443b7,data/raw/ptm45_lp_vds_1p1v_raw.txt
PTM,NMOS,45,LP,1.0,0.045,25.0,1.1,0.4750000000000004,3.684766759238578e-06,nominal_vdd,model_nominal_vdd,1.1,simulation,ngspice,397141eb8a813045075ac2be3098d3b136ebaf4d597c08fca627922a75e443b7,data/raw/ptm45_lp_vds_1p1v_raw.txt
PTM,NMOS,45,LP,1.0,0.045,25.0,1.1,0.4800000000000004,4.077195773574707e-06,nominal_vdd,model_nominal_vdd,1.1,simulation,ngspice,397141eb8a813045075ac2be3098d3b136ebaf4d597c08fca627922a75e443b7,data/raw/ptm45_lp_vds_1p1v_raw.txt
PTM,NMOS,45,LP,1.0,0.045,25.0,1.1,0.4850000000000004,4.507258998338196e-06,nominal_vdd,model_nominal_vdd,1.1,simulation,ngspice,397141eb8a813045075ac2be3098d3b136ebaf4d597c08fca627922a75e443b7,data/raw/ptm45_lp_vds_1p1v_raw.txt
PTM,NMOS,45,LP,1.0,0.045,25.0,1.1,0.4900000000000004,4.977981678238951e-06,nominal_vdd,model_nominal_vdd,1.1,simulation,ngspice,397141eb8a813045075ac2be3098d3b136ebaf4d597c08fca627922a75e443b7,data/raw/ptm45_lp_vds_1p1v_raw.txt
PTM,NMOS,45,LP,1.0,0.045,25.0,1.1,0.4950000000000004,5.49254023248731e-06,nominal_vdd,model_nominal_vdd,1.1,simulation,ngspice,397141eb8a813045075ac2be3098d3b136ebaf4d597c08fca627922a75e443b7,data/raw/ptm45_lp_vds_1p1v_raw.txt
PTM,NMOS,45,LP,1.0,0.045,25.0,1.1,0.5000000000000004,6.054253972403459e-06,nominal_vdd,model_nominal_vdd,1.1,simulation,ngspice,397141eb8a813045075ac2be3098d3b136ebaf4d597c08fca627922a75e443b7,data/raw/ptm45_lp_vds_1p1v_raw.txt
PTM,NMOS,45,LP,1.0,0.045,25.0,1.1,0.5050000000000004,6.66657382208184e-06,nominal_vdd,model_nominal_vdd,1.1,simulation,ngspice,397141eb8a813045075ac2be3098d3b136ebaf4d597c08fca627922a75e443b7,data/raw/ptm45_lp_vds_1p1v_raw.txt
PTM,NMOS,45,LP,1.0,0.045,25.0,1.1,0.5100000000000005,7.333067901033633e-06,nominal_vdd,model_nominal_vdd,1.1,simulation,ngspice,397141eb8a813045075ac2be3098d3b136ebaf4d597c08fca627922a75e443b7,data/raw/ptm45_lp_vds_1p1v_raw.txt
PTM,NMOS,45,LP,1.0,0.045,25.0,1.1,0.5150000000000005,8.057403904298377e-06,nominal_vdd,model_nominal_vdd,1.1,simulation,ngspice,397141eb8a813045075ac2be3098d3b136ebaf4d597c08fca627922a75e443b7,data/raw/ptm45_lp_vds_1p1v_raw.txt
PTM,NMOS,45,LP,1.0,0.045,25.0,1.1,0.5200000000000005,8.843328304199586e-06,nominal_vdd,model_nominal_vdd,1.1,simulation,ngspice,397141eb8a813045075ac2be3098d3b136ebaf4d597c08fca627922a75e443b7,data/raw/ptm45_lp_vds_1p1v_raw.txt
PTM,NMOS,45,LP,1.0,0.045,25.0,1.1,0.5250000000000005,9.694642495821468e-06,nominal_vdd,model_nominal_vdd,1.1,simulation,ngspice,397141eb8a813045075ac2be3098d3b136ebaf4d597c08fca627922a75e443b7,data/raw/ptm45_lp_vds_1p1v_raw.txt
PTM,NMOS,45,LP,1.0,0.045,25.0,1.1,0.5300000000000005,1.061517611167614e-05,nominal_vdd,model_nominal_vdd,1.1,simulation,ngspice,397141eb8a813045075ac2be3098d3b136ebaf4d597c08fca627922a75e443b7,data/raw/ptm45_lp_vds_1p1v_raw.txt
PTM,NMOS,45,LP,1.0,0.045,25.0,1.1,0.5350000000000005,1.160875783550123e-05,nominal_vdd,model_nominal_vdd,1.1,simulation,ngspice,397141eb8a813045075ac2be3098d3b136ebaf4d597c08fca627922a75e443b7,data/raw/ptm45_lp_vds_1p1v_raw.txt
PTM,NMOS,45,LP,1.0,0.045,25.0,1.1,0.5400000000000005,1.267918414571154e-05,nominal_vdd,model_nominal_vdd,1.1,simulation,ngspice,397141eb8a813045075ac2be3098d3b136ebaf4d597c08fca627922a75e443b7,data/raw/ptm45_lp_vds_1p1v_raw.txt
PTM,NMOS,45,LP,1.0,0.045,25.0,1.1,0.5450000000000005,1.383018651069152e-05,nominal_vdd,model_nominal_vdd,1.1,simulation,ngspice,397141eb8a813045075ac2be3098d3b136ebaf4d597c08fca627922a75e443b7,data/raw/ptm45_lp_vds_1p1v_raw.txt
PTM,NMOS,45,LP,1.0,0.045,25.0,1.1,0.5500000000000005,1.506539763586705e-05,nominal_vdd,model_nominal_vdd,1.1,simulation,ngspice,397141eb8a813045075ac2be3098d3b136ebaf4d597c08fca627922a75e443b7,data/raw/ptm45_lp_vds_1p1v_raw.txt
PTM,NMOS,45,LP,1.0,0.045,25.0,1.1,0.5550000000000005,1.638831742189884e-05,nominal_vdd,model_nominal_vdd,1.1,simulation,ngspice,397141eb8a813045075ac2be3098d3b136ebaf4d597c08fca627922a75e443b7,data/raw/ptm45_lp_vds_1p1v_raw.txt
PTM,NMOS,45,LP,1.0,0.045,25.0,1.1,0.5600000000000005,1.780227933078941e-05,nominal_vdd,model_nominal_vdd,1.1,simulation,ngspice,397141eb8a813045075ac2be3098d3b136ebaf4d597c08fca627922a75e443b7,data/raw/ptm45_lp_vds_1p1v_raw.txt
PTM,NMOS,45,LP,1.0,0.045,25.0,1.1,0.5650000000000005,1.931041786959464e-05,nominal_vdd,model_nominal_vdd,1.1,simulation,ngspice,397141eb8a813045075ac2be3098d3b136ebaf4d597c08fca627922a75e443b7,data/raw/ptm45_lp_vds_1p1v_raw.txt
PTM,NMOS,45,LP,1.0,0.045,25.0,1.1,0.5700000000000005,2.091563788860862e-05,nominal_vdd,model_nominal_vdd,1.1,simulation,ngspice,397141eb8a813045075ac2be3098d3b136ebaf4d597c08fca627922a75e443b7,data/raw/ptm45_lp_vds_1p1v_raw.txt
PTM,NMOS,45,LP,1.0,0.045,25.0,1.1,0.5750000000000005,2.262058635247078e-05,nominal_vdd,model_nominal_vdd,1.1,simulation,ngspice,397141eb8a813045075ac2be3098d3b136ebaf4d597c08fca627922a75e443b7,data/raw/ptm45_lp_vds_1p1v_raw.txt
PTM,NMOS,45,LP,1.0,0.045,25.0,1.1,0.5800000000000005,2.442762718022191e-05,nominal_vdd,model_nominal_vdd,1.1,simulation,ngspice,397141eb8a813045075ac2be3098d3b136ebaf4d597c08fca627922a75e443b7,data/raw/ptm45_lp_vds_1p1v_raw.txt
PTM,NMOS,45,LP,1.0,0.045,25.0,1.1,0.5850000000000005,2.633881966680627e-05,nominal_vdd,model_nominal_vdd,1.1,simulation,ngspice,397141eb8a813045075ac2be3098d3b136ebaf4d597c08fca627922a75e443b7,data/raw/ptm45_lp_vds_1p1v_raw.txt
PTM,NMOS,45,LP,1.0,0.045,25.0,1.1,0.5900000000000005,2.835590089781007e-05,nominal_vdd,model_nominal_vdd,1.1,simulation,ngspice,397141eb8a813045075ac2be3098d3b136ebaf4d597c08fca627922a75e443b7,data/raw/ptm45_lp_vds_1p1v_raw.txt
PTM,NMOS,45,LP,1.0,0.045,25.0,1.1,0.5950000000000005,3.048027245622834e-05,nominal_vdd,model_nominal_vdd,1.1,simulation,ngspice,397141eb8a813045075ac2be3098d3b136ebaf4d597c08fca627922a75e443b7,data/raw/ptm45_lp_vds_1p1v_raw.txt
PTM,NMOS,45,LP,1.0,0.045,25.0,1.1,0.6000000000000005,3.271299159992002e-05,nominal_vdd,model_nominal_vdd,1.1,simulation,ngspice,397141eb8a813045075ac2be3098d3b136ebaf4d597c08fca627922a75e443b7,data/raw/ptm45_lp_vds_1p1v_raw.txt
PTM,NMOS,45,LP,1.0,0.045,25.0,1.1,0.6050000000000005,3.505476696670889e-05,nominal_vdd,model_nominal_vdd,1.1,simulation,ngspice,397141eb8a813045075ac2be3098d3b136ebaf4d597c08fca627922a75e443b7,data/raw/ptm45_lp_vds_1p1v_raw.txt
PTM,NMOS,45,LP,1.0,0.045,25.0,1.1,0.6100000000000005,3.750595874587029e-05,nominal_vdd,model_nominal_vdd,1.1,simulation,ngspice,397141eb8a813045075ac2be3098d3b136ebaf4d597c08fca627922a75e443b7,data/raw/ptm45_lp_vds_1p1v_raw.txt
PTM,NMOS,45,LP,1.0,0.045,25.0,1.1,0.6150000000000005,4.006658314482937e-05,nominal_vdd,model_nominal_vdd,1.1,simulation,ngspice,397141eb8a813045075ac2be3098d3b136ebaf4d597c08fca627922a75e443b7,data/raw/ptm45_lp_vds_1p1v_raw.txt
PTM,NMOS,45,LP,1.0,0.045,25.0,1.1,0.6200000000000006,4.273632088214645e-05,nominal_vdd,model_nominal_vdd,1.1,simulation,ngspice,397141eb8a813045075ac2be3098d3b136ebaf4d597c08fca627922a75e443b7,data/raw/ptm45_lp_vds_1p1v_raw.txt
PTM,NMOS,45,LP,1.0,0.045,25.0,1.1,0.6250000000000006,4.551452935535698e-05,nominal_vdd,model_nominal_vdd,1.1,simulation,ngspice,397141eb8a813045075ac2be3098d3b136ebaf4d597c08fca627922a75e443b7,data/raw/ptm45_lp_vds_1p1v_raw.txt
PTM,NMOS,45,LP,1.0,0.045,25.0,1.1,0.6300000000000006,4.840025806687258e-05,nominal_vdd,model_nominal_vdd,1.1,simulation,ngspice,397141eb8a813045075ac2be3098d3b136ebaf4d597c08fca627922a75e443b7,data/raw/ptm45_lp_vds_1p1v_raw.txt
PTM,NMOS,45,LP,1.0,0.045,25.0,1.1,0.6350000000000006,5.139226684410133e-05,nominal_vdd,model_nominal_vdd,1.1,simulation,ngspice,397141eb8a813045075ac2be3098d3b136ebaf4d597c08fca627922a75e443b7,data/raw/ptm45_lp_vds_1p1v_raw.txt
PTM,NMOS,45,LP,1.0,0.045,25.0,1.1,0.6400000000000006,5.443693388417088e-05,nominal_vdd,model_nominal_vdd,1.1,simulation,ngspice,397141eb8a813045075ac2be3098d3b136ebaf4d597c08fca627922a75e443b7,data/raw/ptm45_lp_vds_1p1v_raw.txt
PTM,NMOS,45,LP,1.0,0.045,25.0,1.1,0.6450000000000006,5.763764526653694e-05,nominal_vdd,model_nominal_vdd,1.1,simulation,ngspice,397141eb8a813045075ac2be3098d3b136ebaf4d597c08fca627922a75e443b7,data/raw/ptm45_lp_vds_1p1v_raw.txt
PTM,NMOS,45,LP,1.0,0.045,25.0,1.1,0.6500000000000006,6.093949943826538e-05,nominal_vdd,model_nominal_vdd,1.1,simulation,ngspice,397141eb8a813045075ac2be3098d3b136ebaf4d597c08fca627922a75e443b7,data/raw/ptm45_lp_vds_1p1v_raw.txt
PTM,NMOS,45,LP,1.0,0.045,25.0,1.1,0.6550000000000006,6.434030592053848e-05,nominal_vdd,model_nominal_vdd,1.1,simulation,ngspice,397141eb8a813045075ac2be3098d3b136ebaf4d597c08fca627922a75e443b7,data/raw/ptm45_lp_vds_1p1v_raw.txt
PTM,NMOS,45,LP,1.0,0.045,25.0,1.1,0.6600000000000006,6.783770013465142e-05,nominal_vdd,model_nominal_vdd,1.1,simulation,ngspice,397141eb8a813045075ac2be3098d3b136ebaf4d597c08fca627922a75e443b7,data/raw/ptm45_lp_vds_1p1v_raw.txt
PTM,NMOS,45,LP,1.0,0.045,25.0,1.1,0.6650000000000006,7.142916834901681e-05,nominal_vdd,model_nominal_vdd,1.1,simulation,ngspice,397141eb8a813045075ac2be3098d3b136ebaf4d597c08fca627922a75e443b7,data/raw/ptm45_lp_vds_1p1v_raw.txt
PTM,NMOS,45,LP,1.0,0.045,25.0,1.1,0.6700000000000006,7.511207218639745e-05,nominal_vdd,model_nominal_vdd,1.1,simulation,ngspice,397141eb8a813045075ac2be3098d3b136ebaf4d597c08fca627922a75e443b7,data/raw/ptm45_lp_vds_1p1v_raw.txt
PTM,NMOS,45,LP,1.0,0.045,25.0,1.1,0.6750000000000006,7.888367237143239e-05,nominal_vdd,model_nominal_vdd,1.1,simulation,ngspice,397141eb8a813045075ac2be3098d3b136ebaf4d597c08fca627922a75e443b7,data/raw/ptm45_lp_vds_1p1v_raw.txt
PTM,NMOS,45,LP,1.0,0.045,25.0,1.1,0.6800000000000006,8.274115145077109e-05,nominal_vdd,model_nominal_vdd,1.1,simulation,ngspice,397141eb8a813045075ac2be3098d3b136ebaf4d597c08fca627922a75e443b7,data/raw/ptm45_lp_vds_1p1v_raw.txt
PTM,NMOS,45,LP,1.0,0.045,25.0,1.1,0.6850000000000006,8.668163527010635e-05,nominal_vdd,model_nominal_vdd,1.1,simulation,ngspice,397141eb8a813045075ac2be3098d3b136ebaf4d597c08fca627922a75e443b7,data/raw/ptm45_lp_vds_1p1v_raw.txt
PTM,NMOS,45,LP,1.0,0.045,25.0,1.1,0.6900000000000006,9.070221304262191e-05,nominal_vdd,model_nominal_vdd,1.1,simulation,ngspice,397141eb8a813045075ac2be3098d3b136ebaf4d597c08fca627922a75e443b7,data/raw/ptm45_lp_vds_1p1v_raw.txt
PTM,NMOS,45,LP,1.0,0.045,25.0,1.1,0.6950000000000006,9.479995589045445e-05,nominal_vdd,model_nominal_vdd,1.1,simulation,ngspice,397141eb8a813045075ac2be3098d3b136ebaf4d597c08fca627922a75e443b7,data/raw/ptm45_lp_vds_1p1v_raw.txt
PTM,NMOS,45,LP,1.0,0.045,25.0,1.1,0.7000000000000006,9.897193378384545e-05,nominal_vdd,model_nominal_vdd,1.1,simulation,ngspice,397141eb8a813045075ac2be3098d3b136ebaf4d597c08fca627922a75e443b7,data/raw/ptm45_lp_vds_1p1v_raw.txt
PTM,NMOS,45,LP,1.0,0.045,25.0,1.1,0.7050000000000006,0.0001032152308411885,nominal_vdd,model_nominal_vdd,1.1,simulation,ngspice,397141eb8a813045075ac2be3098d3b136ebaf4d597c08fca627922a75e443b7,data/raw/ptm45_lp_vds_1p1v_raw.txt
PTM,NMOS,45,LP,1.0,0.045,25.0,1.1,0.7100000000000006,0.0001075269589865843,nominal_vdd,model_nominal_vdd,1.1,simulation,ngspice,397141eb8a813045075ac2be3098d3b136ebaf4d597c08fca627922a75e443b7,data/raw/ptm45_lp_vds_1p1v_raw.txt
PTM,NMOS,45,LP,1.0,0.045,25.0,1.1,0.7150000000000006,0.0001119042699900652,nominal_vdd,model_nominal_vdd,1.1,simulation,ngspice,397141eb8a813045075ac2be3098d3b136ebaf4d597c08fca627922a75e443b7,data/raw/ptm45_lp_vds_1p1v_raw.txt
PTM,NMOS,45,LP,1.0,0.045,25.0,1.1,0.7200000000000006,0.0001163443659390512,nominal_vdd,model_nominal_vdd,1.1,simulation,ngspice,397141eb8a813045075ac2be3098d3b136ebaf4d597c08fca627922a75e443b7,data/raw/ptm45_lp_vds_1p1v_raw.txt
PTM,NMOS,45,LP,1.0,0.045,25.0,1.1,0.7250000000000006,0.0001208445082083672,nominal_vdd,model_nominal_vdd,1.1,simulation,ngspice,397141eb8a813045075ac2be3098d3b136ebaf4d597c08fca627922a75e443b7,data/raw/ptm45_lp_vds_1p1v_raw.txt
PTM,NMOS,45,LP,1.0,0.045,25.0,1.1,0.7300000000000006,0.0001254020250104838,nominal_vdd,model_nominal_vdd,1.1,simulation,ngspice,397141eb8a813045075ac2be3098d3b136ebaf4d597c08fca627922a75e443b7,data/raw/ptm45_lp_vds_1p1v_raw.txt
PTM,NMOS,45,LP,1.0,0.045,25.0,1.1,0.7350000000000007,0.0001300143176180472,nominal_vdd,model_nominal_vdd,1.1,simulation,ngspice,397141eb8a813045075ac2be3098d3b136ebaf4d597c08fca627922a75e443b7,data/raw/ptm45_lp_vds_1p1v_raw.txt
PTM,NMOS,45,LP,1.0,0.045,25.0,1.1,0.7400000000000007,0.0001346788653575842,nominal_vdd,model_nominal_vdd,1.1,simulation,ngspice,397141eb8a813045075ac2be3098d3b136ebaf4d597c08fca627922a75e443b7,data/raw/ptm45_lp_vds_1p1v_raw.txt
PTM,NMOS,45,LP,1.0,0.045,25.0,1.1,0.7450000000000007,0.0001393932294771137,nominal_vdd,model_nominal_vdd,1.1,simulation,ngspice,397141eb8a813045075ac2be3098d3b136ebaf4d597c08fca627922a75e443b7,data/raw/ptm45_lp_vds_1p1v_raw.txt
PTM,NMOS,45,LP,1.0,0.045,25.0,1.1,0.7500000000000007,0.0001441550559916308,nominal_vdd,model_nominal_vdd,1.1,simulation,ngspice,397141eb8a813045075ac2be3098d3b136ebaf4d597c08fca627922a75e443b7,data/raw/ptm45_lp_vds_1p1v_raw.txt
PTM,NMOS,45,LP,1.0,0.045,25.0,1.1,0.7550000000000007,0.0001489620776095081,nominal_vdd,model_nominal_vdd,1.1,simulation,ngspice,397141eb8a813045075ac2be3098d3b136ebaf4d597c08fca627922a75e443b7,data/raw/ptm45_lp_vds_1p1v_raw.txt
PTM,NMOS,45,LP,1.0,0.045,25.0,1.1,0.7600000000000007,0.000153812114840301,nominal_vdd,model_nominal_vdd,1.1,simulation,ngspice,397141eb8a813045075ac2be3098d3b136ebaf4d597c08fca627922a75e443b7,data/raw/ptm45_lp_vds_1p1v_raw.txt
PTM,NMOS,45,LP,1.0,0.045,25.0,1.1,0.7650000000000007,0.0001587030763804585,nominal_vdd,model_nominal_vdd,1.1,simulation,ngspice,397141eb8a813045075ac2be3098d3b136ebaf4d597c08fca627922a75e443b7,data/raw/ptm45_lp_vds_1p1v_raw.txt
PTM,NMOS,45,LP,1.0,0.045,25.0,1.1,0.7700000000000007,0.0001636329588685269,nominal_vdd,model_nominal_vdd,1.1,simulation,ngspice,397141eb8a813045075ac2be3098d3b136ebaf4d597c08fca627922a75e443b7,data/raw/ptm45_lp_vds_1p1v_raw.txt
PTM,NMOS,45,LP,1.0,0.045,25.0,1.1,0.7750000000000007,0.0001685998460957582,nominal_vdd,model_nominal_vdd,1.1,simulation,ngspice,397141eb8a813045075ac2be3098d3b136ebaf4d597c08fca627922a75e443b7,data/raw/ptm45_lp_vds_1p1v_raw.txt
PTM,NMOS,45,LP,1.0,0.045,25.0,1.1,0.7800000000000007,0.0001736019077519425,nominal_vdd,model_nominal_vdd,1.1,simulation,ngspice,397141eb8a813045075ac2be3098d3b136ebaf4d597c08fca627922a75e443b7,data/raw/ptm45_lp_vds_1p1v_raw.txt
PTM,NMOS,45,LP,1.0,0.045,25.0,1.1,0.7850000000000007,0.0001786373977799468,nominal_vdd,model_nominal_vdd,1.1,simulation,ngspice,397141eb8a813045075ac2be3098d3b136ebaf4d597c08fca627922a75e443b7,data/raw/ptm45_lp_vds_1p1v_raw.txt
PTM,NMOS,45,LP,1.0,0.045,25.0,1.1,0.7900000000000007,0.00018370465240598,nominal_vdd,model_nominal_vdd,1.1,simulation,ngspice,397141eb8a813045075ac2be3098d3b136ebaf4d597c08fca627922a75e443b7,data/raw/ptm45_lp_vds_1p1v_raw.txt
PTM,NMOS,45,LP,1.0,0.045,25.0,1.1,0.7950000000000007,0.0001888020879062449,nominal_vdd,model_nominal_vdd,1.1,simulation,ngspice,397141eb8a813045075ac2be3098d3b136ebaf4d597c08fca627922a75e443b7,data/raw/ptm45_lp_vds_1p1v_raw.txt
PTM,NMOS,45,LP,1.0,0.045,25.0,1.1,0.8000000000000007,0.0001939281981645185,nominal_vdd,model_nominal_vdd,1.1,simulation,ngspice,397141eb8a813045075ac2be3098d3b136ebaf4d597c08fca627922a75e443b7,data/raw/ptm45_lp_vds_1p1v_raw.txt
PTM,NMOS,45,LP,1.0,0.045,25.0,1.1,0.8050000000000007,0.0001990815520691398,nominal_vdd,model_nominal_vdd,1.1,simulation,ngspice,397141eb8a813045075ac2be3098d3b136ebaf4d597c08fca627922a75e443b7,data/raw/ptm45_lp_vds_1p1v_raw.txt
PTM,NMOS,45,LP,1.0,0.045,25.0,1.1,0.8100000000000007,0.0002042607907924118,nominal_vdd,model_nominal_vdd,1.1,simulation,ngspice,397141eb8a813045075ac2be3098d3b136ebaf4d597c08fca627922a75e443b7,data/raw/ptm45_lp_vds_1p1v_raw.txt
PTM,NMOS,45,LP,1.0,0.045,25.0,1.1,0.8150000000000007,0.0002094646249900284,nominal_vdd,model_nominal_vdd,1.1,simulation,ngspice,397141eb8a813045075ac2be3098d3b136ebaf4d597c08fca627922a75e443b7,data/raw/ptm45_lp_vds_1p1v_raw.txt
PTM,NMOS,45,LP,1.0,0.045,25.0,1.1,0.8200000000000007,0.0002146918319533532,nominal_vdd,model_nominal_vdd,1.1,simulation,ngspice,397141eb8a813045075ac2be3098d3b136ebaf4d597c08fca627922a75e443b7,data/raw/ptm45_lp_vds_1p1v_raw.txt
PTM,NMOS,45,LP,1.0,0.045,25.0,1.1,0.8250000000000007,0.0002199412527428092,nominal_vdd,model_nominal_vdd,1.1,simulation,ngspice,397141eb8a813045075ac2be3098d3b136ebaf4d597c08fca627922a75e443b7,data/raw/ptm45_lp_vds_1p1v_raw.txt
PTM,NMOS,45,LP,1.0,0.045,25.0,1.1,0.8300000000000007,0.0002252117893265782,nominal_vdd,model_nominal_vdd,1.1,simulation,ngspice,397141eb8a813045075ac2be3098d3b136ebaf4d597c08fca627922a75e443b7,data/raw/ptm45_lp_vds_1p1v_raw.txt
PTM,NMOS,45,LP,1.0,0.045,25.0,1.1,0.8350000000000007,0.0002305024017450677,nominal_vdd,model_nominal_vdd,1.1,simulation,ngspice,397141eb8a813045075ac2be3098d3b136ebaf4d597c08fca627922a75e443b7,data/raw/ptm45_lp_vds_1p1v_raw.txt
PTM,NMOS,45,LP,1.0,0.045,25.0,1.1,0.8400000000000007,0.0002358121053182578,nominal_vdd,model_nominal_vdd,1.1,simulation,ngspice,397141eb8a813045075ac2be3098d3b136ebaf4d597c08fca627922a75e443b7,data/raw/ptm45_lp_vds_1p1v_raw.txt
PTM,NMOS,45,LP,1.0,0.045,25.0,1.1,0.8450000000000008,0.0002411399679100366,nominal_vdd,model_nominal_vdd,1.1,simulation,ngspice,397141eb8a813045075ac2be3098d3b136ebaf4d597c08fca627922a75e443b7,data/raw/ptm45_lp_vds_1p1v_raw.txt
PTM,NMOS,45,LP,1.0,0.045,25.0,1.1,0.8500000000000008,0.0002464851072609993,nominal_vdd,model_nominal_vdd,1.1,simulation,ngspice,397141eb8a813045075ac2be3098d3b136ebaf4d597c08fca627922a75e443b7,data/raw/ptm45_lp_vds_1p1v_raw.txt
PTM,NMOS,45,LP,1.0,0.045,25.0,1.1,0.8550000000000008,0.0002518466883987931,nominal_vdd,model_nominal_vdd,1.1,simulation,ngspice,397141eb8a813045075ac2be3098d3b136ebaf4d597c08fca627922a75e443b7,data/raw/ptm45_lp_vds_1p1v_raw.txt
PTM,NMOS,45,LP,1.0,0.045,25.0,1.1,0.8600000000000008,0.0002572239211330581,nominal_vdd,model_nominal_vdd,1.1,simulation,ngspice,397141eb8a813045075ac2be3098d3b136ebaf4d597c08fca627922a75e443b7,data/raw/ptm45_lp_vds_1p1v_raw.txt
PTM,NMOS,45,LP,1.0,0.045,25.0,1.1,0.8650000000000008,0.0002626160577606355,nominal_vdd,model_nominal_vdd,1.1,simulation,ngspice,397141eb8a813045075ac2be3098d3b136ebaf4d597c08fca627922a75e443b7,data/raw/ptm45_lp_vds_1p1v_raw.txt
PTM,NMOS,45,LP,1.0,0.045,25.0,1.1,0.8700000000000008,0.0002680223903168005,nominal_vdd,model_nominal_vdd,1.1,simulation,ngspice,397141eb8a813045075ac2be3098d3b136ebaf4d597c08fca627922a75e443b7,data/raw/ptm45_lp_vds_1p1v_raw.txt
PTM,NMOS,45,LP,1.0,0.045,25.0,1.1,0.8750000000000008,0.000273442248904699,nominal_vdd,model_nominal_vdd,1.1,simulation,ngspice,397141eb8a813045075ac2be3098d3b136ebaf4d597c08fca627922a75e443b7,data/raw/ptm45_lp_vds_1p1v_raw.txt
PTM,NMOS,45,LP,1.0,0.045,25.0,1.1,0.8800000000000008,0.0002788749992555167,nominal_vdd,model_nominal_vdd,1.1,simulation,ngspice,397141eb8a813045075ac2be3098d3b136ebaf4d597c08fca627922a75e443b7,data/raw/ptm45_lp_vds_1p1v_raw.txt
PTM,NMOS,45,LP,1.0,0.045,25.0,1.1,0.8850000000000008,0.0002843200407592443,nominal_vdd,model_nominal_vdd,1.1,simulation,ngspice,397141eb8a813045075ac2be3098d3b136ebaf4d597c08fca627922a75e443b7,data/raw/ptm45_lp_vds_1p1v_raw.txt
PTM,NMOS,45,LP,1.0,0.045,25.0,1.1,0.8900000000000008,0.0002897768045298032,nominal_vdd,model_nominal_vdd,1.1,simulation,ngspice,397141eb8a813045075ac2be3098d3b136ebaf4d597c08fca627922a75e443b7,data/raw/ptm45_lp_vds_1p1v_raw.txt
PTM,NMOS,45,LP,1.0,0.045,25.0,1.1,0.8950000000000008,0.0002952447515655954,nominal_vdd,model_nominal_vdd,1.1,simulation,ngspice,397141eb8a813045075ac2be3098d3b136ebaf4d597c08fca627922a75e443b7,data/raw/ptm45_lp_vds_1p1v_raw.txt
PTM,NMOS,45,LP,1.0,0.045,25.0,1.1,0.9000000000000008,0.0003007233710036346,nominal_vdd,model_nominal_vdd,1.1,simulation,ngspice,397141eb8a813045075ac2be3098d3b136ebaf4d597c08fca627922a75e443b7,data/raw/ptm45_lp_vds_1p1v_raw.txt
PTM,NMOS,45,LP,1.0,0.045,25.0,1.1,0.9050000000000008,0.0003062121784650397,nominal_vdd,model_nominal_vdd,1.1,simulation,ngspice,397141eb8a813045075ac2be3098d3b136ebaf4d597c08fca627922a75e443b7,data/raw/ptm45_lp_vds_1p1v_raw.txt
PTM,NMOS,45,LP,1.0,0.045,25.0,1.1,0.9100000000000008,0.0003117107144892192,nominal_vdd,model_nominal_vdd,1.1,simulation,ngspice,397141eb8a813045075ac2be3098d3b136ebaf4d597c08fca627922a75e443b7,data/raw/ptm45_lp_vds_1p1v_raw.txt
PTM,NMOS,45,LP,1.0,0.045,25.0,1.1,0.9150000000000008,0.0003172185430539053,nominal_vdd,model_nominal_vdd,1.1,simulation,ngspice,397141eb8a813045075ac2be3098d3b136ebaf4d597c08fca627922a75e443b7,data/raw/ptm45_lp_vds_1p1v_raw.txt
PTM,NMOS,45,LP,1.0,0.045,25.0,1.1,0.9200000000000008,0.0003227352501779184,nominal_vdd,model_nominal_vdd,1.1,simulation,ngspice,397141eb8a813045075ac2be3098d3b136ebaf4d597c08fca627922a75e443b7,data/raw/ptm45_lp_vds_1p1v_raw.txt
PTM,NMOS,45,LP,1.0,0.045,25.0,1.1,0.9250000000000008,0.0003282604426034506,nominal_vdd,model_nominal_vdd,1.1,simulation,ngspice,397141eb8a813045075ac2be3098d3b136ebaf4d597c08fca627922a75e443b7,data/raw/ptm45_lp_vds_1p1v_raw.txt
PTM,NMOS,45,LP,1.0,0.045,25.0,1.1,0.9300000000000008,0.0003337937465545165,nominal_vdd,model_nominal_vdd,1.1,simulation,ngspice,397141eb8a813045075ac2be3098d3b136ebaf4d597c08fca627922a75e443b7,data/raw/ptm45_lp_vds_1p1v_raw.txt
PTM,NMOS,45,LP,1.0,0.045,25.0,1.1,0.9350000000000008,0.0003393348065682451,nominal_vdd,model_nominal_vdd,1.1,simulation,ngspice,397141eb8a813045075ac2be3098d3b136ebaf4d597c08fca627922a75e443b7,data/raw/ptm45_lp_vds_1p1v_raw.txt
PTM,NMOS,45,LP,1.0,0.045,25.0,1.1,0.9400000000000008,0.0003448832843955786,nominal_vdd,model_nominal_vdd,1.1,simulation,ngspice,397141eb8a813045075ac2be3098d3b136ebaf4d597c08fca627922a75e443b7,data/raw/ptm45_lp_vds_1p1v_raw.txt
PTM,NMOS,45,LP,1.0,0.045,25.0,1.1,0.9450000000000008,0.0003504388579680403,nominal_vdd,model_nominal_vdd,1.1,simulation,ngspice,397141eb8a813045075ac2be3098d3b136ebaf4d597c08fca627922a75e443b7,data/raw/ptm45_lp_vds_1p1v_raw.txt
PTM,NMOS,45,LP,1.0,0.045,25.0,1.1,0.9500000000000008,0.0003560012204272656,nominal_vdd,model_nominal_vdd,1.1,simulation,ngspice,397141eb8a813045075ac2be3098d3b136ebaf4d597c08fca627922a75e443b7,data/raw/ptm45_lp_vds_1p1v_raw.txt
PTM,NMOS,45,LP,1.0,0.045,25.0,1.1,0.9550000000000008,0.0003615700792139971,nominal_vdd,model_nominal_vdd,1.1,simulation,ngspice,397141eb8a813045075ac2be3098d3b136ebaf4d597c08fca627922a75e443b7,data/raw/ptm45_lp_vds_1p1v_raw.txt
PTM,NMOS,45,LP,1.0,0.045,25.0,1.1,0.9600000000000009,0.0003671451552133924,nominal_vdd,model_nominal_vdd,1.1,simulation,ngspice,397141eb8a813045075ac2be3098d3b136ebaf4d597c08fca627922a75e443b7,data/raw/ptm45_lp_vds_1p1v_raw.txt
PTM,NMOS,45,LP,1.0,0.045,25.0,1.1,0.9650000000000009,0.0003727261819535733,nominal_vdd,model_nominal_vdd,1.1,simulation,ngspice,397141eb8a813045075ac2be3098d3b136ebaf4d597c08fca627922a75e443b7,data/raw/ptm45_lp_vds_1p1v_raw.txt
PTM,NMOS,45,LP,1.0,0.045,25.0,1.1,0.9700000000000009,0.0003783129048543825,nominal_vdd,model_nominal_vdd,1.1,simulation,ngspice,397141eb8a813045075ac2be3098d3b136ebaf4d597c08fca627922a75e443b7,data/raw/ptm45_lp_vds_1p1v_raw.txt
PTM,NMOS,45,LP,1.0,0.045,25.0,1.1,0.9750000000000009,0.0003839050805235301,nominal_vdd,model_nominal_vdd,1.1,simulation,ngspice,397141eb8a813045075ac2be3098d3b136ebaf4d597c08fca627922a75e443b7,data/raw/ptm45_lp_vds_1p1v_raw.txt
PTM,NMOS,45,LP,1.0,0.045,25.0,1.1,0.9800000000000009,0.0003895024760973407,nominal_vdd,model_nominal_vdd,1.1,simulation,ngspice,397141eb8a813045075ac2be3098d3b136ebaf4d597c08fca627922a75e443b7,data/raw/ptm45_lp_vds_1p1v_raw.txt
PTM,NMOS,45,LP,1.0,0.045,25.0,1.1,0.9850000000000009,0.0003951048686234433,nominal_vdd,model_nominal_vdd,1.1,simulation,ngspice,397141eb8a813045075ac2be3098d3b136ebaf4d597c08fca627922a75e443b7,data/raw/ptm45_lp_vds_1p1v_raw.txt
PTM,NMOS,45,LP,1.0,0.045,25.0,1.1,0.9900000000000009,0.0004007120444829216,nominal_vdd,model_nominal_vdd,1.1,simulation,ngspice,397141eb8a813045075ac2be3098d3b136ebaf4d597c08fca627922a75e443b7,data/raw/ptm45_lp_vds_1p1v_raw.txt
PTM,NMOS,45,LP,1.0,0.045,25.0,1.1,0.9950000000000009,0.0004063237988494811,nominal_vdd,model_nominal_vdd,1.1,simulation,ngspice,397141eb8a813045075ac2be3098d3b136ebaf4d597c08fca627922a75e443b7,data/raw/ptm45_lp_vds_1p1v_raw.txt
PTM,NMOS,45,LP,1.0,0.045,25.0,1.1,1.000000000000001,0.0004119399351833774,nominal_vdd,model_nominal_vdd,1.1,simulation,ngspice,397141eb8a813045075ac2be3098d3b136ebaf4d597c08fca627922a75e443b7,data/raw/ptm45_lp_vds_1p1v_raw.txt
PTM,NMOS,45,LP,1.0,0.045,25.0,1.1,1.005000000000001,0.0004175602647579022,nominal_vdd,model_nominal_vdd,1.1,simulation,ngspice,397141eb8a813045075ac2be3098d3b136ebaf4d597c08fca627922a75e443b7,data/raw/ptm45_lp_vds_1p1v_raw.txt
PTM,NMOS,45,LP,1.0,0.045,25.0,1.1,1.010000000000001,0.0004231846062164169,nominal_vdd,model_nominal_vdd,1.1,simulation,ngspice,397141eb8a813045075ac2be3098d3b136ebaf4d597c08fca627922a75e443b7,data/raw/ptm45_lp_vds_1p1v_raw.txt
PTM,NMOS,45,LP,1.0,0.045,25.0,1.1,1.015000000000001,0.0004288127851579412,nominal_vdd,model_nominal_vdd,1.1,simulation,ngspice,397141eb8a813045075ac2be3098d3b136ebaf4d597c08fca627922a75e443b7,data/raw/ptm45_lp_vds_1p1v_raw.txt
PTM,NMOS,45,LP,1.0,0.045,25.0,1.1,1.02,0.0004344446337494926,nominal_vdd,model_nominal_vdd,1.1,simulation,ngspice,397141eb8a813045075ac2be3098d3b136ebaf4d597c08fca627922a75e443b7,data/raw/ptm45_lp_vds_1p1v_raw.txt
PTM,NMOS,45,LP,1.0,0.045,25.0,1.1,1.025,0.0004400799903634552,nominal_vdd,model_nominal_vdd,1.1,simulation,ngspice,397141eb8a813045075ac2be3098d3b136ebaf4d597c08fca627922a75e443b7,data/raw/ptm45_lp_vds_1p1v_raw.txt
PTM,NMOS,45,LP,1.0,0.045,25.0,1.1,1.03,0.0004457186992383044,nominal_vdd,model_nominal_vdd,1.1,simulation,ngspice,397141eb8a813045075ac2be3098d3b136ebaf4d597c08fca627922a75e443b7,data/raw/ptm45_lp_vds_1p1v_raw.txt
PTM,NMOS,45,LP,1.0,0.045,25.0,1.1,1.035,0.0004513606101611933,nominal_vdd,model_nominal_vdd,1.1,simulation,ngspice,397141eb8a813045075ac2be3098d3b136ebaf4d597c08fca627922a75e443b7,data/raw/ptm45_lp_vds_1p1v_raw.txt
PTM,NMOS,45,LP,1.0,0.045,25.0,1.1,1.04,0.0004570055781709562,nominal_vdd,model_nominal_vdd,1.1,simulation,ngspice,397141eb8a813045075ac2be3098d3b136ebaf4d597c08fca627922a75e443b7,data/raw/ptm45_lp_vds_1p1v_raw.txt
PTM,NMOS,45,LP,1.0,0.045,25.0,1.1,1.045,0.0004626534632801392,nominal_vdd,model_nominal_vdd,1.1,simulation,ngspice,397141eb8a813045075ac2be3098d3b136ebaf4d597c08fca627922a75e443b7,data/raw/ptm45_lp_vds_1p1v_raw.txt
PTM,NMOS,45,LP,1.0,0.045,25.0,1.1,1.05,0.0004683041302148402,nominal_vdd,model_nominal_vdd,1.1,simulation,ngspice,397141eb8a813045075ac2be3098d3b136ebaf4d597c08fca627922a75e443b7,data/raw/ptm45_lp_vds_1p1v_raw.txt
PTM,NMOS,45,LP,1.0,0.045,25.0,1.1,1.055,0.0004739574481711273,nominal_vdd,model_nominal_vdd,1.1,simulation,ngspice,397141eb8a813045075ac2be3098d3b136ebaf4d597c08fca627922a75e443b7,data/raw/ptm45_lp_vds_1p1v_raw.txt
PTM,NMOS,45,LP,1.0,0.045,25.0,1.1,1.06,0.0004796132905869391,nominal_vdd,model_nominal_vdd,1.1,simulation,ngspice,397141eb8a813045075ac2be3098d3b136ebaf4d597c08fca627922a75e443b7,data/raw/ptm45_lp_vds_1p1v_raw.txt
PTM,NMOS,45,LP,1.0,0.045,25.0,1.1,1.065,0.0004852715349284152,nominal_vdd,model_nominal_vdd,1.1,simulation,ngspice,397141eb8a813045075ac2be3098d3b136ebaf4d597c08fca627922a75e443b7,data/raw/ptm45_lp_vds_1p1v_raw.txt
PTM,NMOS,45,LP,1.0,0.045,25.0,1.1,1.069999999999999,0.0004909320624897039,nominal_vdd,model_nominal_vdd,1.1,simulation,ngspice,397141eb8a813045075ac2be3098d3b136ebaf4d597c08fca627922a75e443b7,data/raw/ptm45_lp_vds_1p1v_raw.txt
PTM,NMOS,45,LP,1.0,0.045,25.0,1.1,1.074999999999999,0.0004965947582052865,nominal_vdd,model_nominal_vdd,1.1,simulation,ngspice,397141eb8a813045075ac2be3098d3b136ebaf4d597c08fca627922a75e443b7,data/raw/ptm45_lp_vds_1p1v_raw.txt
PTM,NMOS,45,LP,1.0,0.045,25.0,1.1,1.079999999999999,0.0005022595104740248,nominal_vdd,model_nominal_vdd,1.1,simulation,ngspice,397141eb8a813045075ac2be3098d3b136ebaf4d597c08fca627922a75e443b7,data/raw/ptm45_lp_vds_1p1v_raw.txt
PTM,NMOS,45,LP,1.0,0.045,25.0,1.1,1.084999999999999,0.0005079262109940988,nominal_vdd,model_nominal_vdd,1.1,simulation,ngspice,397141eb8a813045075ac2be3098d3b136ebaf4d597c08fca627922a75e443b7,data/raw/ptm45_lp_vds_1p1v_raw.txt
PTM,NMOS,45,LP,1.0,0.045,25.0,1.1,1.089999999999999,0.0005135947546080881,nominal_vdd,model_nominal_vdd,1.1,simulation,ngspice,397141eb8a813045075ac2be3098d3b136ebaf4d597c08fca627922a75e443b7,data/raw/ptm45_lp_vds_1p1v_raw.txt
PTM,NMOS,45,LP,1.0,0.045,25.0,1.1,1.094999999999999,0.0005192650391575358,nominal_vdd,model_nominal_vdd,1.1,simulation,ngspice,397141eb8a813045075ac2be3098d3b136ebaf4d597c08fca627922a75e443b7,data/raw/ptm45_lp_vds_1p1v_raw.txt
PTM,NMOS,45,LP,1.0,0.045,25.0,1.1,1.099999999999999,0.0005249369653463344,nominal_vdd,model_nominal_vdd,1.1,simulation,ngspice,397141eb8a813045075ac2be3098d3b136ebaf4d597c08fca627922a75e443b7,data/raw/ptm45_lp_vds_1p1v_raw.txt
PTM,NMOS,45,LP,1.0,0.045,25.0,1.0,-0.2,1.114393572961754e-12,common_1v,common_vdd,1.1,simulation,ngspice,397141eb8a813045075ac2be3098d3b136ebaf4d597c08fca627922a75e443b7,data/raw/ptm45_lp_vds_1v_raw.txt
PTM,NMOS,45,LP,1.0,0.045,25.0,1.0,-0.195,1.124728504302294e-12,common_1v,common_vdd,1.1,simulation,ngspice,397141eb8a813045075ac2be3098d3b136ebaf4d597c08fca627922a75e443b7,data/raw/ptm45_lp_vds_1v_raw.txt
PTM,NMOS,45,LP,1.0,0.045,25.0,1.0,-0.19,1.139010516579071e-12,common_1v,common_vdd,1.1,simulation,ngspice,397141eb8a813045075ac2be3098d3b136ebaf4d597c08fca627922a75e443b7,data/raw/ptm45_lp_vds_1v_raw.txt
PTM,NMOS,45,LP,1.0,0.045,25.0,1.0,-0.185,1.155990295001871e-12,common_1v,common_vdd,1.1,simulation,ngspice,397141eb8a813045075ac2be3098d3b136ebaf4d597c08fca627922a75e443b7,data/raw/ptm45_lp_vds_1v_raw.txt
PTM,NMOS,45,LP,1.0,0.045,25.0,1.0,-0.18,1.175859685930556e-12,common_1v,common_vdd,1.1,simulation,ngspice,397141eb8a813045075ac2be3098d3b136ebaf4d597c08fca627922a75e443b7,data/raw/ptm45_lp_vds_1v_raw.txt
PTM,NMOS,45,LP,1.0,0.045,25.0,1.0,-0.175,1.198891947305063e-12,common_1v,common_vdd,1.1,simulation,ngspice,397141eb8a813045075ac2be3098d3b136ebaf4d597c08fca627922a75e443b7,data/raw/ptm45_lp_vds_1v_raw.txt
PTM,NMOS,45,LP,1.0,0.045,25.0,1.0,-0.17,1.225439278370611e-12,common_1v,common_vdd,1.1,simulation,ngspice,397141eb8a813045075ac2be3098d3b136ebaf4d597c08fca627922a75e443b7,data/raw/ptm45_lp_vds_1v_raw.txt
PTM,NMOS,45,LP,1.0,0.045,25.0,1.0,-0.165,1.255933406559433e-12,common_1v,common_vdd,1.1,simulation,ngspice,397141eb8a813045075ac2be3098d3b136ebaf4d597c08fca627922a75e443b7,data/raw/ptm45_lp_vds_1v_raw.txt
PTM,NMOS,45,LP,1.0,0.045,25.0,1.0,-0.16,1.290888916606739e-12,common_1v,common_vdd,1.1,simulation,ngspice,397141eb8a813045075ac2be3098d3b136ebaf4d597c08fca627922a75e443b7,data/raw/ptm45_lp_vds_1v_raw.txt
PTM,NMOS,45,LP,1.0,0.045,25.0,1.0,-0.155,1.330909109242401e-12,common_1v,common_vdd,1.1,simulation,ngspice,397141eb8a813045075ac2be3098d3b136ebaf4d597c08fca627922a75e443b7,data/raw/ptm45_lp_vds_1v_raw.txt
PTM,NMOS,45,LP,1.0,0.045,25.0,1.0,-0.15,1.376694269019026e-12,common_1v,common_vdd,1.1,simulation,ngspice,397141eb8a813045075ac2be3098d3b136ebaf4d597c08fca627922a75e443b7,data/raw/ptm45_lp_vds_1v_raw.txt
PTM,NMOS,45,LP,1.0,0.045,25.0,1.0,-0.145,1.429052304852317e-12,common_1v,common_vdd,1.1,simulation,ngspice,397141eb8a813045075ac2be3098d3b136ebaf4d597c08fca627922a75e443b7,data/raw/ptm45_lp_vds_1v_raw.txt
PTM,NMOS,45,LP,1.0,0.045,25.0,1.0,-0.14,1.488911804458349e-12,common_1v,common_vdd,1.1,simulation,ngspice,397141eb8a813045075ac2be3098d3b136ebaf4d597c08fca627922a75e443b7,data/raw/ptm45_lp_vds_1v_raw.txt
PTM,NMOS,45,LP,1.0,0.045,25.0,1.0,-0.135,1.557337616727506e-12,common_1v,common_vdd,1.1,simulation,ngspice,397141eb8a813045075ac2be3098d3b136ebaf4d597c08fca627922a75e443b7,data/raw/ptm45_lp_vds_1v_raw.txt
PTM,NMOS,45,LP,1.0,0.045,25.0,1.0,-0.1299999999999999,1.635549146188096e-12,common_1v,common_vdd,1.1,simulation,ngspice,397141eb8a813045075ac2be3098d3b136ebaf4d597c08fca627922a75e443b7,data/raw/ptm45_lp_vds_1v_raw.txt
PTM,NMOS,45,LP,1.0,0.045,25.0,1.0,-0.1249999999999999,1.724941612654433e-12,common_1v,common_vdd,1.1,simulation,ngspice,397141eb8a813045075ac2be3098d3b136ebaf4d597c08fca627922a75e443b7,data/raw/ptm45_lp_vds_1v_raw.txt
PTM,NMOS,45,LP,1.0,0.045,25.0,1.0,-0.1199999999999999,1.827110598673053e-12,common_1v,common_vdd,1.1,simulation,ngspice,397141eb8a813045075ac2be3098d3b136ebaf4d597c08fca627922a75e443b7,data/raw/ptm45_lp_vds_1v_raw.txt
PTM,NMOS,45,LP,1.0,0.045,25.0,1.0,-0.1149999999999999,1.943880279456145e-12,common_1v,common_vdd,1.1,simulation,ngspice,397141eb8a813045075ac2be3098d3b136ebaf4d597c08fca627922a75e443b7,data/raw/ptm45_lp_vds_1v_raw.txt
PTM,NMOS,45,LP,1.0,0.045,25.0,1.0,-0.1099999999999999,2.077335806080723e-12,common_1v,common_vdd,1.1,simulation,ngspice,397141eb8a813045075ac2be3098d3b136ebaf4d597c08fca627922a75e443b7,data/raw/ptm45_lp_vds_1v_raw.txt
PTM,NMOS,45,LP,1.0,0.045,25.0,1.0,-0.1049999999999999,2.229860394880488e-12,common_1v,common_vdd,1.1,simulation,ngspice,397141eb8a813045075ac2be3098d3b136ebaf4d597c08fca627922a75e443b7,data/raw/ptm45_lp_vds_1v_raw.txt
PTM,NMOS,45,LP,1.0,0.045,25.0,1.0,-0.09999999999999992,2.404177765986292e-12,common_1v,common_vdd,1.1,simulation,ngspice,397141eb8a813045075ac2be3098d3b136ebaf4d597c08fca627922a75e443b7,data/raw/ptm45_lp_vds_1v_raw.txt
PTM,NMOS,45,LP,1.0,0.045,25.0,1.0,-0.09499999999999992,2.60340067369274e-12,common_1v,common_vdd,1.1,simulation,ngspice,397141eb8a813045075ac2be3098d3b136ebaf4d597c08fca627922a75e443b7,data/raw/ptm45_lp_vds_1v_raw.txt
PTM,NMOS,45,LP,1.0,0.045,25.0,1.0,-0.08999999999999991,2.831086383090201e-12,common_1v,common_vdd,1.1,simulation,ngspice,397141eb8a813045075ac2be3098d3b136ebaf4d597c08fca627922a75e443b7,data/raw/ptm45_lp_vds_1v_raw.txt
PTM,NMOS,45,LP,1.0,0.045,25.0,1.0,-0.08499999999999991,3.091300073124645e-12,common_1v,common_vdd,1.1,simulation,ngspice,397141eb8a813045075ac2be3098d3b136ebaf4d597c08fca627922a75e443b7,data/raw/ptm45_lp_vds_1v_raw.txt
PTM,NMOS,45,LP,1.0,0.045,25.0,1.0,-0.0799999999999999,3.388687288649685e-12,common_1v,common_vdd,1.1,simulation,ngspice,397141eb8a813045075ac2be3098d3b136ebaf4d597c08fca627922a75e443b7,data/raw/ptm45_lp_vds_1v_raw.txt
PTM,NMOS,45,LP,1.0,0.045,25.0,1.0,-0.0749999999999999,3.728556725636688e-12,common_1v,common_vdd,1.1,simulation,ngspice,397141eb8a813045075ac2be3098d3b136ebaf4d597c08fca627922a75e443b7,data/raw/ptm45_lp_vds_1v_raw.txt
PTM,NMOS,45,LP,1.0,0.045,25.0,1.0,-0.0699999999999999,4.116974817444895e-12,common_1v,common_vdd,1.1,simulation,ngspice,397141eb8a813045075ac2be3098d3b136ebaf4d597c08fca627922a75e443b7,data/raw/ptm45_lp_vds_1v_raw.txt
PTM,NMOS,45,LP,1.0,0.045,25.0,1.0,-0.06499999999999989,4.56087379943123e-12,common_1v,common_vdd,1.1,simulation,ngspice,397141eb8a813045075ac2be3098d3b136ebaf4d597c08fca627922a75e443b7,data/raw/ptm45_lp_vds_1v_raw.txt
PTM,NMOS,45,LP,1.0,0.045,25.0,1.0,-0.05999999999999989,5.06817516782873e-12,common_1v,common_vdd,1.1,simulation,ngspice,397141eb8a813045075ac2be3098d3b136ebaf4d597c08fca627922a75e443b7,data/raw/ptm45_lp_vds_1v_raw.txt
PTM,NMOS,45,LP,1.0,0.045,25.0,1.0,-0.0549999999999999,5.647930720840611e-12,common_1v,common_vdd,1.1,simulation,ngspice,397141eb8a813045075ac2be3098d3b136ebaf4d597c08fca627922a75e443b7,data/raw/ptm45_lp_vds_1v_raw.txt
PTM,NMOS,45,LP,1.0,0.045,25.0,1.0,-0.0499999999999999,6.310483680331215e-12,common_1v,common_vdd,1.1,simulation,ngspice,397141eb8a813045075ac2be3098d3b136ebaf4d597c08fca627922a75e443b7,data/raw/ptm45_lp_vds_1v_raw.txt
PTM,NMOS,45,LP,1.0,0.045,25.0,1.0,-0.0449999999999999,7.067652746641881e-12,common_1v,common_vdd,1.1,simulation,ngspice,397141eb8a813045075ac2be3098d3b136ebaf4d597c08fca627922a75e443b7,data/raw/ptm45_lp_vds_1v_raw.txt
PTM,NMOS,45,LP,1.0,0.045,25.0,1.0,-0.0399999999999999,7.932942342892279e-12,common_1v,common_vdd,1.1,simulation,ngspice,397141eb8a813045075ac2be3098d3b136ebaf4d597c08fca627922a75e443b7,data/raw/ptm45_lp_vds_1v_raw.txt
PTM,NMOS,45,LP,1.0,0.045,25.0,1.0,-0.03499999999999991,8.921782765968998e-12,common_1v,common_vdd,1.1,simulation,ngspice,397141eb8a813045075ac2be3098d3b136ebaf4d597c08fca627922a75e443b7,data/raw/ptm45_lp_vds_1v_raw.txt
PTM,NMOS,45,LP,1.0,0.045,25.0,1.0,-0.02999999999999991,1.005180448712331e-11,common_1v,common_vdd,1.1,simulation,ngspice,397141eb8a813045075ac2be3098d3b136ebaf4d597c08fca627922a75e443b7,data/raw/ptm45_lp_vds_1v_raw.txt
PTM,NMOS,45,LP,1.0,0.045,25.0,1.0,-0.0249999999999999,1.134315144431181e-11,common_1v,common_vdd,1.1,simulation,ngspice,397141eb8a813045075ac2be3098d3b136ebaf4d597c08fca627922a75e443b7,data/raw/ptm45_lp_vds_1v_raw.txt
PTM,NMOS,45,LP,1.0,0.045,25.0,1.0,-0.0199999999999999,1.281883885238538e-11,common_1v,common_vdd,1.1,simulation,ngspice,397141eb8a813045075ac2be3098d3b136ebaf4d597c08fca627922a75e443b7,data/raw/ptm45_lp_vds_1v_raw.txt
PTM,NMOS,45,LP,1.0,0.045,25.0,1.0,-0.0149999999999999,1.450516183631683e-11,common_1v,common_vdd,1.1,simulation,ngspice,397141eb8a813045075ac2be3098d3b136ebaf4d597c08fca627922a75e443b7,data/raw/ptm45_lp_vds_1v_raw.txt
PTM,NMOS,45,LP,1.0,0.045,25.0,1.0,-0.009999999999999901,1.643216208159562e-11,common_1v,common_vdd,1.1,simulation,ngspice,397141eb8a813045075ac2be3098d3b136ebaf4d597c08fca627922a75e443b7,data/raw/ptm45_lp_vds_1v_raw.txt
PTM,NMOS,45,LP,1.0,0.045,25.0,1.0,-0.004999999999999901,1.863416070862027e-11,common_1v,common_vdd,1.1,simulation,ngspice,397141eb8a813045075ac2be3098d3b136ebaf4d597c08fca627922a75e443b7,data/raw/ptm45_lp_vds_1v_raw.txt
PTM,NMOS,45,LP,1.0,0.045,25.0,1.0,9.8879238130678e-17,2.115036673217059e-11,common_1v,common_vdd,1.1,simulation,ngspice,397141eb8a813045075ac2be3098d3b136ebaf4d597c08fca627922a75e443b7,data/raw/ptm45_lp_vds_1v_raw.txt
PTM,NMOS,45,LP,1.0,0.045,25.0,1.0,0.005000000000000099,2.402557178232038e-11,common_1v,common_vdd,1.1,simulation,ngspice,397141eb8a813045075ac2be3098d3b136ebaf4d597c08fca627922a75e443b7,data/raw/ptm45_lp_vds_1v_raw.txt
PTM,NMOS,45,LP,1.0,0.045,25.0,1.0,0.0100000000000001,2.731094326134264e-11,common_1v,common_vdd,1.1,simulation,ngspice,397141eb8a813045075ac2be3098d3b136ebaf4d597c08fca627922a75e443b7,data/raw/ptm45_lp_vds_1v_raw.txt
PTM,NMOS,45,LP,1.0,0.045,25.0,1.0,0.0150000000000001,3.106492981728692e-11,common_1v,common_vdd,1.1,simulation,ngspice,397141eb8a813045075ac2be3098d3b136ebaf4d597c08fca627922a75e443b7,data/raw/ptm45_lp_vds_1v_raw.txt
PTM,NMOS,45,LP,1.0,0.045,25.0,1.0,0.0200000000000001,3.535429495798751e-11,common_1v,common_vdd,1.1,simulation,ngspice,397141eb8a813045075ac2be3098d3b136ebaf4d597c08fca627922a75e443b7,data/raw/ptm45_lp_vds_1v_raw.txt
PTM,NMOS,45,LP,1.0,0.045,25.0,1.0,0.0250000000000001,4.02552968407003e-11,common_1v,common_vdd,1.1,simulation,ngspice,397141eb8a813045075ac2be3098d3b136ebaf4d597c08fca627922a75e443b7,data/raw/ptm45_lp_vds_1v_raw.txt
PTM,NMOS,45,LP,1.0,0.045,25.0,1.0,0.0300000000000001,4.585503478921209e-11,common_1v,common_vdd,1.1,simulation,ngspice,397141eb8a813045075ac2be3098d3b136ebaf4d597c08fca627922a75e443b7,data/raw/ptm45_lp_vds_1v_raw.txt
PTM,NMOS,45,LP,1.0,0.045,25.0,1.0,0.0350000000000001,5.225298595400275e-11,common_1v,common_vdd,1.1,simulation,ngspice,397141eb8a813045075ac2be3098d3b136ebaf4d597c08fca627922a75e443b7,data/raw/ptm45_lp_vds_1v_raw.txt
PTM,NMOS,45,LP,1.0,0.045,25.0,1.0,0.0400000000000001,5.956275878741194e-11,common_1v,common_vdd,1.1,simulation,ngspice,397141eb8a813045075ac2be3098d3b136ebaf4d597c08fca627922a75e443b7,data/raw/ptm45_lp_vds_1v_raw.txt
PTM,NMOS,45,LP,1.0,0.045,25.0,1.0,0.0450000000000001,6.791409370813256e-11,common_1v,common_vdd,1.1,simulation,ngspice,397141eb8a813045075ac2be3098d3b136ebaf4d597c08fca627922a75e443b7,data/raw/ptm45_lp_vds_1v_raw.txt
PTM,NMOS,45,LP,1.0,0.045,25.0,1.0,0.05000000000000009,7.745514553794716e-11,common_1v,common_vdd,1.1,simulation,ngspice,397141eb8a813045075ac2be3098d3b136ebaf4d597c08fca627922a75e443b7,data/raw/ptm45_lp_vds_1v_raw.txt
PTM,NMOS,45,LP,1.0,0.045,25.0,1.0,0.05500000000000009,8.835508707411417e-11,common_1v,common_vdd,1.1,simulation,ngspice,397141eb8a813045075ac2be3098d3b136ebaf4d597c08fca627922a75e443b7,data/raw/ptm45_lp_vds_1v_raw.txt
PTM,NMOS,45,LP,1.0,0.045,25.0,1.0,0.06000000000000009,1.008070785903204e-10,common_1v,common_vdd,1.1,simulation,ngspice,397141eb8a813045075ac2be3098d3b136ebaf4d597c08fca627922a75e443b7,data/raw/ptm45_lp_vds_1v_raw.txt
PTM,NMOS,45,LP,1.0,0.045,25.0,1.0,0.06500000000000009,1.150316542227206e-10,common_1v,common_vdd,1.1,simulation,ngspice,397141eb8a813045075ac2be3098d3b136ebaf4d597c08fca627922a75e443b7,data/raw/ptm45_lp_vds_1v_raw.txt
PTM,NMOS,45,LP,1.0,0.045,25.0,1.0,0.07000000000000009,1.312805831898021e-10,common_1v,common_vdd,1.1,simulation,ngspice,397141eb8a813045075ac2be3098d3b136ebaf4d597c08fca627922a75e443b7,data/raw/ptm45_lp_vds_1v_raw.txt
PTM,NMOS,45,LP,1.0,0.045,25.0,1.0,0.0750000000000001,1.510580480790582e-10,common_1v,common_vdd,1.1,simulation,ngspice,397141eb8a813045075ac2be3098d3b136ebaf4d597c08fca627922a75e443b7,data/raw/ptm45_lp_vds_1v_raw.txt
PTM,NMOS,45,LP,1.0,0.045,25.0,1.0,0.0800000000000001,1.724311914636249e-10,common_1v,common_vdd,1.1,simulation,ngspice,397141eb8a813045075ac2be3098d3b136ebaf4d597c08fca627922a75e443b7,data/raw/ptm45_lp_vds_1v_raw.txt
PTM,NMOS,45,LP,1.0,0.045,25.0,1.0,0.0850000000000001,1.968429830124888e-10,common_1v,common_vdd,1.1,simulation,ngspice,397141eb8a813045075ac2be3098d3b136ebaf4d597c08fca627922a75e443b7,data/raw/ptm45_lp_vds_1v_raw.txt
PTM,NMOS,45,LP,1.0,0.045,25.0,1.0,0.09000000000000011,2.247241698466689e-10,common_1v,common_vdd,1.1,simulation,ngspice,397141eb8a813045075ac2be3098d3b136ebaf4d597c08fca627922a75e443b7,data/raw/ptm45_lp_vds_1v_raw.txt
PTM,NMOS,45,LP,1.0,0.045,25.0,1.0,0.09500000000000011,2.5656628572766e-10,common_1v,common_vdd,1.1,simulation,ngspice,397141eb8a813045075ac2be3098d3b136ebaf4d597c08fca627922a75e443b7,data/raw/ptm45_lp_vds_1v_raw.txt
PTM,NMOS,45,LP,1.0,0.045,25.0,1.0,0.1000000000000001,2.929301697023655e-10,common_1v,common_vdd,1.1,simulation,ngspice,397141eb8a813045075ac2be3098d3b136ebaf4d597c08fca627922a75e443b7,data/raw/ptm45_lp_vds_1v_raw.txt
PTM,NMOS,45,LP,1.0,0.045,25.0,1.0,0.1050000000000001,3.344556656964746e-10,common_1v,common_vdd,1.1,simulation,ngspice,397141eb8a813045075ac2be3098d3b136ebaf4d597c08fca627922a75e443b7,data/raw/ptm45_lp_vds_1v_raw.txt
PTM,NMOS,45,LP,1.0,0.045,25.0,1.0,0.1100000000000001,3.818726640073642e-10,common_1v,common_vdd,1.1,simulation,ngspice,397141eb8a813045075ac2be3098d3b136ebaf4d597c08fca627922a75e443b7,data/raw/ptm45_lp_vds_1v_raw.txt
PTM,NMOS,45,LP,1.0,0.045,25.0,1.0,0.1150000000000001,4.360136669934508e-10,common_1v,common_vdd,1.1,simulation,ngspice,397141eb8a813045075ac2be3098d3b136ebaf4d597c08fca627922a75e443b7,data/raw/ptm45_lp_vds_1v_raw.txt
PTM,NMOS,45,LP,1.0,0.045,25.0,1.0,0.1200000000000001,4.978280853064775e-10,common_1v,common_vdd,1.1,simulation,ngspice,397141eb8a813045075ac2be3098d3b136ebaf4d597c08fca627922a75e443b7,data/raw/ptm45_lp_vds_1v_raw.txt
PTM,NMOS,45,LP,1.0,0.045,25.0,1.0,0.1250000000000001,5.683984980839916e-10,common_1v,common_vdd,1.1,simulation,ngspice,397141eb8a813045075ac2be3098d3b136ebaf4d597c08fca627922a75e443b7,data/raw/ptm45_lp_vds_1v_raw.txt
PTM,NMOS,45,LP,1.0,0.045,25.0,1.0,0.1300000000000001,6.489591409580661e-10,common_1v,common_vdd,1.1,simulation,ngspice,397141eb8a813045075ac2be3098d3b136ebaf4d597c08fca627922a75e443b7,data/raw/ptm45_lp_vds_1v_raw.txt
PTM,NMOS,45,LP,1.0,0.045,25.0,1.0,0.1350000000000001,7.409169199265799e-10,common_1v,common_vdd,1.1,simulation,ngspice,397141eb8a813045075ac2be3098d3b136ebaf4d597c08fca627922a75e443b7,data/raw/ptm45_lp_vds_1v_raw.txt
PTM,NMOS,45,LP,1.0,0.045,25.0,1.0,0.1400000000000002,8.458752874830024e-10,common_1v,common_vdd,1.1,simulation,ngspice,397141eb8a813045075ac2be3098d3b136ebaf4d597c08fca627922a75e443b7,data/raw/ptm45_lp_vds_1v_raw.txt
PTM,NMOS,45,LP,1.0,0.045,25.0,1.0,0.1450000000000002,9.656613603731478e-10,common_1v,common_vdd,1.1,simulation,ngspice,397141eb8a813045075ac2be3098d3b136ebaf4d597c08fca627922a75e443b7,data/raw/ptm45_lp_vds_1v_raw.txt
PTM,NMOS,45,LP,1.0,0.045,25.0,1.0,0.1500000000000002,1.102356706418941e-09,common_1v,common_vdd,1.1,simulation,ngspice,397141eb8a813045075ac2be3098d3b136ebaf4d597c08fca627922a75e443b7,data/raw/ptm45_lp_vds_1v_raw.txt
PTM,NMOS,45,LP,1.0,0.045,25.0,1.0,0.1550000000000002,1.258332281556775e-09,common_1v,common_vdd,1.1,simulation,ngspice,397141eb8a813045075ac2be3098d3b136ebaf4d597c08fca627922a75e443b7,data/raw/ptm45_lp_vds_1v_raw.txt
PTM,NMOS,45,LP,1.0,0.045,25.0,1.0,0.1600000000000002,1.436288058139643e-09,common_1v,common_vdd,1.1,simulation,ngspice,397141eb8a813045075ac2be3098d3b136ebaf4d597c08fca627922a75e443b7,data/raw/ptm45_lp_vds_1v_raw.txt
PTM,NMOS,45,LP,1.0,0.045,25.0,1.0,0.1650000000000002,1.639297952254774e-09,common_1v,common_vdd,1.1,simulation,ngspice,397141eb8a813045075ac2be3098d3b136ebaf4d597c08fca627922a75e443b7,data/raw/ptm45_lp_vds_1v_raw.txt
PTM,NMOS,45,LP,1.0,0.045,25.0,1.0,0.1700000000000002,1.870860731940521e-09,common_1v,common_vdd,1.1,simulation,ngspice,397141eb8a813045075ac2be3098d3b136ebaf4d597c08fca627922a75e443b7,data/raw/ptm45_lp_vds_1v_raw.txt
PTM,NMOS,45,LP,1.0,0.045,25.0,1.0,0.1750000000000002,2.134957670422552e-09,common_1v,common_vdd,1.1,simulation,ngspice,397141eb8a813045075ac2be3098d3b136ebaf4d597c08fca627922a75e443b7,data/raw/ptm45_lp_vds_1v_raw.txt
PTM,NMOS,45,LP,1.0,0.045,25.0,1.0,0.1800000000000002,2.436117799521789e-09,common_1v,common_vdd,1.1,simulation,ngspice,397141eb8a813045075ac2be3098d3b136ebaf4d597c08fca627922a75e443b7,data/raw/ptm45_lp_vds_1v_raw.txt
PTM,NMOS,45,LP,1.0,0.045,25.0,1.0,0.1850000000000002,2.77949171892227e-09,common_1v,common_vdd,1.1,simulation,ngspice,397141eb8a813045075ac2be3098d3b136ebaf4d597c08fca627922a75e443b7,data/raw/ptm45_lp_vds_1v_raw.txt
PTM,NMOS,45,LP,1.0,0.045,25.0,1.0,0.1900000000000002,3.170935027767185e-09,common_1v,common_vdd,1.1,simulation,ngspice,397141eb8a813045075ac2be3098d3b136ebaf4d597c08fca627922a75e443b7,data/raw/ptm45_lp_vds_1v_raw.txt
PTM,NMOS,45,LP,1.0,0.045,25.0,1.0,0.1950000000000002,3.617102566781934e-09,common_1v,common_vdd,1.1,simulation,ngspice,397141eb8a813045075ac2be3098d3b136ebaf4d597c08fca627922a75e443b7,data/raw/ptm45_lp_vds_1v_raw.txt
PTM,NMOS,45,LP,1.0,0.045,25.0,1.0,0.2000000000000002,4.125554792534778e-09,common_1v,common_vdd,1.1,simulation,ngspice,397141eb8a813045075ac2be3098d3b136ebaf4d597c08fca627922a75e443b7,data/raw/ptm45_lp_vds_1v_raw.txt
PTM,NMOS,45,LP,1.0,0.045,25.0,1.0,0.2050000000000002,4.704877751213881e-09,common_1v,common_vdd,1.1,simulation,ngspice,397141eb8a813045075ac2be3098d3b136ebaf4d597c08fca627922a75e443b7,data/raw/ptm45_lp_vds_1v_raw.txt
PTM,NMOS,45,LP,1.0,0.045,25.0,1.0,0.2100000000000002,5.364818278058858e-09,common_1v,common_vdd,1.1,simulation,ngspice,397141eb8a813045075ac2be3098d3b136ebaf4d597c08fca627922a75e443b7,data/raw/ptm45_lp_vds_1v_raw.txt
PTM,NMOS,45,LP,1.0,0.045,25.0,1.0,0.2150000000000002,6.116436220906963e-09,common_1v,common_vdd,1.1,simulation,ngspice,397141eb8a813045075ac2be3098d3b136ebaf4d597c08fca627922a75e443b7,data/raw/ptm45_lp_vds_1v_raw.txt
PTM,NMOS,45,LP,1.0,0.045,25.0,1.0,0.2200000000000002,6.972275672665353e-09,common_1v,common_vdd,1.1,simulation,ngspice,397141eb8a813045075ac2be3098d3b136ebaf4d597c08fca627922a75e443b7,data/raw/ptm45_lp_vds_1v_raw.txt
PTM,NMOS,45,LP,1.0,0.045,25.0,1.0,0.2250000000000002,7.94655739824618e-09,common_1v,common_vdd,1.1,simulation,ngspice,397141eb8a813045075ac2be3098d3b136ebaf4d597c08fca627922a75e443b7,data/raw/ptm45_lp_vds_1v_raw.txt
PTM,NMOS,45,LP,1.0,0.045,25.0,1.0,0.2300000000000002,9.055394856811717e-09,common_1v,common_vdd,1.1,simulation,ngspice,397141eb8a813045075ac2be3098d3b136ebaf4d597c08fca627922a75e443b7,data/raw/ptm45_lp_vds_1v_raw.txt
PTM,NMOS,45,LP,1.0,0.045,25.0,1.0,0.2350000000000002,1.031703645006383e-08,common_1v,common_vdd,1.1,simulation,ngspice,397141eb8a813045075ac2be3098d3b136ebaf4d597c08fca627922a75e443b7,data/raw/ptm45_lp_vds_1v_raw.txt
PTM,NMOS,45,LP,1.0,0.045,25.0,1.0,0.2400000000000002,1.175213687160833e-08,common_1v,common_vdd,1.1,simulation,ngspice,397141eb8a813045075ac2be3098d3b136ebaf4d597c08fca627922a75e443b7,data/raw/ptm45_lp_vds_1v_raw.txt
PTM,NMOS,45,LP,1.0,0.045,25.0,1.0,0.2450000000000002,1.338406069067664e-08,common_1v,common_vdd,1.1,simulation,ngspice,397141eb8a813045075ac2be3098d3b136ebaf4d597c08fca627922a75e443b7,data/raw/ptm45_lp_vds_1v_raw.txt
PTM,NMOS,45,LP,1.0,0.045,25.0,1.0,0.2500000000000002,1.523922157501657e-08,common_1v,common_vdd,1.1,simulation,ngspice,397141eb8a813045075ac2be3098d3b136ebaf4d597c08fca627922a75e443b7,data/raw/ptm45_lp_vds_1v_raw.txt
PTM,NMOS,45,LP,1.0,0.045,25.0,1.0,0.2550000000000002,1.734746084158979e-08,common_1v,common_vdd,1.1,simulation,ngspice,397141eb8a813045075ac2be3098d3b136ebaf4d597c08fca627922a75e443b7,data/raw/ptm45_lp_vds_1v_raw.txt
PTM,NMOS,45,LP,1.0,0.045,25.0,1.0,0.2600000000000002,1.974246931861928e-08,common_1v,common_vdd,1.1,simulation,ngspice,397141eb8a813045075ac2be3098d3b136ebaf4d597c08fca627922a75e443b7,data/raw/ptm45_lp_vds_1v_raw.txt
PTM,NMOS,45,LP,1.0,0.045,25.0,1.0,0.2650000000000002,2.246225680698722e-08,common_1v,common_vdd,1.1,simulation,ngspice,397141eb8a813045075ac2be3098d3b136ebaf4d597c08fca627922a75e443b7,data/raw/ptm45_lp_vds_1v_raw.txt
PTM,NMOS,45,LP,1.0,0.045,25.0,1.0,0.2700000000000002,2.554967374128647e-08,common_1v,common_vdd,1.1,simulation,ngspice,397141eb8a813045075ac2be3098d3b136ebaf4d597c08fca627922a75e443b7,data/raw/ptm45_lp_vds_1v_raw.txt
PTM,NMOS,45,LP,1.0,0.045,25.0,1.0,0.2750000000000002,2.905298996906685e-08,common_1v,common_vdd,1.1,simulation,ngspice,397141eb8a813045075ac2be3098d3b136ebaf4d597c08fca627922a75e443b7,data/raw/ptm45_lp_vds_1v_raw.txt
PTM,NMOS,45,LP,1.0,0.045,25.0,1.0,0.2800000000000002,3.302653588904464e-08,common_1v,common_vdd,1.1,simulation,ngspice,397141eb8a813045075ac2be3098d3b136ebaf4d597c08fca627922a75e443b7,data/raw/ptm45_lp_vds_1v_raw.txt
PTM,NMOS,45,LP,1.0,0.045,25.0,1.0,0.2850000000000003,3.753141151336801e-08,common_1v,common_vdd,1.1,simulation,ngspice,397141eb8a813045075ac2be3098d3b136ebaf4d597c08fca627922a75e443b7,data/raw/ptm45_lp_vds_1v_raw.txt
PTM,NMOS,45,LP,1.0,0.045,25.0,1.0,0.2900000000000003,4.263626934374696e-08,common_1v,common_vdd,1.1,simulation,ngspice,397141eb8a813045075ac2be3098d3b136ebaf4d597c08fca627922a75e443b7,data/raw/ptm45_lp_vds_1v_raw.txt
PTM,NMOS,45,LP,1.0,0.045,25.0,1.0,0.2950000000000003,4.841817727521243e-08,common_1v,common_vdd,1.1,simulation,ngspice,397141eb8a813045075ac2be3098d3b136ebaf4d597c08fca627922a75e443b7,data/raw/ptm45_lp_vds_1v_raw.txt
PTM,NMOS,45,LP,1.0,0.045,25.0,1.0,0.3000000000000003,5.496356806386924e-08,common_1v,common_vdd,1.1,simulation,ngspice,397141eb8a813045075ac2be3098d3b136ebaf4d597c08fca627922a75e443b7,data/raw/ptm45_lp_vds_1v_raw.txt
PTM,NMOS,45,LP,1.0,0.045,25.0,1.0,0.3050000000000003,6.236928221678175e-08,common_1v,common_vdd,1.1,simulation,ngspice,397141eb8a813045075ac2be3098d3b136ebaf4d597c08fca627922a75e443b7,data/raw/ptm45_lp_vds_1v_raw.txt
PTM,NMOS,45,LP,1.0,0.045,25.0,1.0,0.3100000000000003,7.074371148474389e-08,common_1v,common_vdd,1.1,simulation,ngspice,397141eb8a813045075ac2be3098d3b136ebaf4d597c08fca627922a75e443b7,data/raw/ptm45_lp_vds_1v_raw.txt
PTM,NMOS,45,LP,1.0,0.045,25.0,1.0,0.3150000000000003,8.020805046558592e-08,common_1v,common_vdd,1.1,simulation,ngspice,397141eb8a813045075ac2be3098d3b136ebaf4d597c08fca627922a75e443b7,data/raw/ptm45_lp_vds_1v_raw.txt
PTM,NMOS,45,LP,1.0,0.045,25.0,1.0,0.3200000000000003,9.089766416173781e-08,common_1v,common_vdd,1.1,simulation,ngspice,397141eb8a813045075ac2be3098d3b136ebaf4d597c08fca627922a75e443b7,data/raw/ptm45_lp_vds_1v_raw.txt
PTM,NMOS,45,LP,1.0,0.045,25.0,1.0,0.3250000000000003,1.029635796884623e-07,common_1v,common_vdd,1.1,simulation,ngspice,397141eb8a813045075ac2be3098d3b136ebaf4d597c08fca627922a75e443b7,data/raw/ptm45_lp_vds_1v_raw.txt
PTM,NMOS,45,LP,1.0,0.045,25.0,1.0,0.3300000000000003,1.165741107072096e-07,common_1v,common_vdd,1.1,simulation,ngspice,397141eb8a813045075ac2be3098d3b136ebaf4d597c08fca627922a75e443b7,data/raw/ptm45_lp_vds_1v_raw.txt
PTM,NMOS,45,LP,1.0,0.045,25.0,1.0,0.3350000000000003,1.319166235729035e-07,common_1v,common_vdd,1.1,simulation,ngspice,397141eb8a813045075ac2be3098d3b136ebaf4d597c08fca627922a75e443b7,data/raw/ptm45_lp_vds_1v_raw.txt
PTM,NMOS,45,LP,1.0,0.045,25.0,1.0,0.3400000000000003,1.491994546466443e-07,common_1v,common_vdd,1.1,simulation,ngspice,397141eb8a813045075ac2be3098d3b136ebaf4d597c08fca627922a75e443b7,data/raw/ptm45_lp_vds_1v_raw.txt
PTM,NMOS,45,LP,1.0,0.045,25.0,1.0,0.3450000000000003,1.686539887478547e-07,common_1v,common_vdd,1.1,simulation,ngspice,397141eb8a813045075ac2be3098d3b136ebaf4d597c08fca627922a75e443b7,data/raw/ptm45_lp_vds_1v_raw.txt
PTM,NMOS,45,LP,1.0,0.045,25.0,1.0,0.3500000000000003,1.905369055394056e-07,common_1v,common_vdd,1.1,simulation,ngspice,397141eb8a813045075ac2be3098d3b136ebaf4d597c08fca627922a75e443b7,data/raw/ptm45_lp_vds_1v_raw.txt
PTM,NMOS,45,LP,1.0,0.045,25.0,1.0,0.3550000000000003,2.15132598123149e-07,common_1v,common_vdd,1.1,simulation,ngspice,397141eb8a813045075ac2be3098d3b136ebaf4d597c08fca627922a75e443b7,data/raw/ptm45_lp_vds_1v_raw.txt
PTM,NMOS,45,LP,1.0,0.045,25.0,1.0,0.3600000000000003,2.427558290030328e-07,common_1v,common_vdd,1.1,simulation,ngspice,397141eb8a813045075ac2be3098d3b136ebaf4d597c08fca627922a75e443b7,data/raw/ptm45_lp_vds_1v_raw.txt
PTM,NMOS,45,LP,1.0,0.045,25.0,1.0,0.3650000000000003,2.737545560534216e-07,common_1v,common_vdd,1.1,simulation,ngspice,397141eb8a813045075ac2be3098d3b136ebaf4d597c08fca627922a75e443b7,data/raw/ptm45_lp_vds_1v_raw.txt
PTM,NMOS,45,LP,1.0,0.045,25.0,1.0,0.3700000000000003,3.085129870941359e-07,common_1v,common_vdd,1.1,simulation,ngspice,397141eb8a813045075ac2be3098d3b136ebaf4d597c08fca627922a75e443b7,data/raw/ptm45_lp_vds_1v_raw.txt
PTM,NMOS,45,LP,1.0,0.045,25.0,1.0,0.3750000000000003,3.474548724799429e-07,common_1v,common_vdd,1.1,simulation,ngspice,397141eb8a813045075ac2be3098d3b136ebaf4d597c08fca627922a75e443b7,data/raw/ptm45_lp_vds_1v_raw.txt
PTM,NMOS,45,LP,1.0,0.045,25.0,1.0,0.3800000000000003,3.91047048787814e-07,common_1v,common_vdd,1.1,simulation,ngspice,397141eb8a813045075ac2be3098d3b136ebaf4d597c08fca627922a75e443b7,data/raw/ptm45_lp_vds_1v_raw.txt
PTM,NMOS,45,LP,1.0,0.045,25.0,1.0,0.3850000000000003,4.398032494401846e-07,common_1v,common_vdd,1.1,simulation,ngspice,397141eb8a813045075ac2be3098d3b136ebaf4d597c08fca627922a75e443b7,data/raw/ptm45_lp_vds_1v_raw.txt
PTM,NMOS,45,LP,1.0,0.045,25.0,1.0,0.3900000000000003,4.942881983435589e-07,common_1v,common_vdd,1.1,simulation,ngspice,397141eb8a813045075ac2be3098d3b136ebaf4d597c08fca627922a75e443b7,data/raw/ptm45_lp_vds_1v_raw.txt
PTM,NMOS,45,LP,1.0,0.045,25.0,1.0,0.3950000000000004,5.551220023358563e-07,common_1v,common_vdd,1.1,simulation,ngspice,397141eb8a813045075ac2be3098d3b136ebaf4d597c08fca627922a75e443b7,data/raw/ptm45_lp_vds_1v_raw.txt
PTM,NMOS,45,LP,1.0,0.045,25.0,1.0,0.4000000000000004,6.229848571863765e-07,common_1v,common_vdd,1.1,simulation,ngspice,397141eb8a813045075ac2be3098d3b136ebaf4d597c08fca627922a75e443b7,data/raw/ptm45_lp_vds_1v_raw.txt
PTM,NMOS,45,LP,1.0,0.045,25.0,1.0,0.4050000000000004,6.986220797940975e-07,common_1v,common_vdd,1.1,simulation,ngspice,397141eb8a813045075ac2be3098d3b136ebaf4d597c08fca627922a75e443b7,data/raw/ptm45_lp_vds_1v_raw.txt
PTM,NMOS,45,LP,1.0,0.045,25.0,1.0,0.4100000000000004,7.82849475753335e-07,common_1v,common_vdd,1.1,simulation,ngspice,397141eb8a813045075ac2be3098d3b136ebaf4d597c08fca627922a75e443b7,data/raw/ptm45_lp_vds_1v_raw.txt
PTM,NMOS,45,LP,1.0,0.045,25.0,1.0,0.4150000000000004,8.765590462403014e-07,common_1v,common_vdd,1.1,simulation,ngspice,397141eb8a813045075ac2be3098d3b136ebaf4d597c08fca627922a75e443b7,data/raw/ptm45_lp_vds_1v_raw.txt
PTM,NMOS,45,LP,1.0,0.045,25.0,1.0,0.4200000000000004,9.807250308368829e-07,common_1v,common_vdd,1.1,simulation,ngspice,397141eb8a813045075ac2be3098d3b136ebaf4d597c08fca627922a75e443b7,data/raw/ptm45_lp_vds_1v_raw.txt
PTM,NMOS,45,LP,1.0,0.045,25.0,1.0,0.4250000000000004,1.096410273070978e-06,common_1v,common_vdd,1.1,simulation,ngspice,397141eb8a813045075ac2be3098d3b136ebaf4d597c08fca627922a75e443b7,data/raw/ptm45_lp_vds_1v_raw.txt
PTM,NMOS,45,LP,1.0,0.045,25.0,1.0,0.4300000000000004,1.224772882773201e-06,common_1v,common_vdd,1.1,simulation,ngspice,397141eb8a813045075ac2be3098d3b136ebaf4d597c08fca627922a75e443b7,data/raw/ptm45_lp_vds_1v_raw.txt
PTM,NMOS,45,LP,1.0,0.045,25.0,1.0,0.4350000000000004,1.367073153552329e-06,common_1v,common_vdd,1.1,simulation,ngspice,397141eb8a813045075ac2be3098d3b136ebaf4d597c08fca627922a75e443b7,data/raw/ptm45_lp_vds_1v_raw.txt
PTM,NMOS,45,LP,1.0,0.045,25.0,1.0,0.4400000000000004,1.524680674616621e-06,common_1v,common_vdd,1.1,simulation,ngspice,397141eb8a813045075ac2be3098d3b136ebaf4d597c08fca627922a75e443b7,data/raw/ptm45_lp_vds_1v_raw.txt
PTM,NMOS,45,LP,1.0,0.045,25.0,1.0,0.4450000000000004,1.699081553814694e-06,common_1v,common_vdd,1.1,simulation,ngspice,397141eb8a813045075ac2be3098d3b136ebaf4d597c08fca627922a75e443b7,data/raw/ptm45_lp_vds_1v_raw.txt
PTM,NMOS,45,LP,1.0,0.045,25.0,1.0,0.4500000000000004,1.891885643347979e-06,common_1v,common_vdd,1.1,simulation,ngspice,397141eb8a813045075ac2be3098d3b136ebaf4d597c08fca627922a75e443b7,data/raw/ptm45_lp_vds_1v_raw.txt
PTM,NMOS,45,LP,1.0,0.045,25.0,1.0,0.4550000000000004,2.104833631576693e-06,common_1v,common_vdd,1.1,simulation,ngspice,397141eb8a813045075ac2be3098d3b136ebaf4d597c08fca627922a75e443b7,data/raw/ptm45_lp_vds_1v_raw.txt
PTM,NMOS,45,LP,1.0,0.045,25.0,1.0,0.4600000000000004,2.339803834458113e-06,common_1v,common_vdd,1.1,simulation,ngspice,397141eb8a813045075ac2be3098d3b136ebaf4d597c08fca627922a75e443b7,data/raw/ptm45_lp_vds_1v_raw.txt
PTM,NMOS,45,LP,1.0,0.045,25.0,1.0,0.4650000000000004,2.598818489486496e-06,common_1v,common_vdd,1.1,simulation,ngspice,397141eb8a813045075ac2be3098d3b136ebaf4d597c08fca627922a75e443b7,data/raw/ptm45_lp_vds_1v_raw.txt
PTM,NMOS,45,LP,1.0,0.045,25.0,1.0,0.4700000000000004,2.884049324936066e-06,common_1v,common_vdd,1.1,simulation,ngspice,397141eb8a813045075ac2be3098d3b136ebaf4d597c08fca627922a75e443b7,data/raw/ptm45_lp_vds_1v_raw.txt
PTM,NMOS,45,LP,1.0,0.045,25.0,1.0,0.4750000000000004,3.197822149427569e-06,common_1v,common_vdd,1.1,simulation,ngspice,397141eb8a813045075ac2be3098d3b136ebaf4d597c08fca627922a75e443b7,data/raw/ptm45_lp_vds_1v_raw.txt
PTM,NMOS,45,LP,1.0,0.045,25.0,1.0,0.4800000000000004,3.542620183286753e-06,common_1v,common_vdd,1.1,simulation,ngspice,397141eb8a813045075ac2be3098d3b136ebaf4d597c08fca627922a75e443b7,data/raw/ptm45_lp_vds_1v_raw.txt
PTM,NMOS,45,LP,1.0,0.045,25.0,1.0,0.4850000000000004,3.921085835950356e-06,common_1v,common_vdd,1.1,simulation,ngspice,397141eb8a813045075ac2be3098d3b136ebaf4d597c08fca627922a75e443b7,data/raw/ptm45_lp_vds_1v_raw.txt
PTM,NMOS,45,LP,1.0,0.045,25.0,1.0,0.4900000000000004,4.336020624975936e-06,common_1v,common_vdd,1.1,simulation,ngspice,397141eb8a813045075ac2be3098d3b136ebaf4d597c08fca627922a75e443b7,data/raw/ptm45_lp_vds_1v_raw.txt
PTM,NMOS,45,LP,1.0,0.045,25.0,1.0,0.4950000000000004,4.790382934131968e-06,common_1v,common_vdd,1.1,simulation,ngspice,397141eb8a813045075ac2be3098d3b136ebaf4d597c08fca627922a75e443b7,data/raw/ptm45_lp_vds_1v_raw.txt
PTM,NMOS,45,LP,1.0,0.045,25.0,1.0,0.5000000000000004,5.287283322437928e-06,common_1v,common_vdd,1.1,simulation,ngspice,397141eb8a813045075ac2be3098d3b136ebaf4d597c08fca627922a75e443b7,data/raw/ptm45_lp_vds_1v_raw.txt
PTM,NMOS,45,LP,1.0,0.045,25.0,1.0,0.5050000000000004,5.829977124361596e-06,common_1v,common_vdd,1.1,simulation,ngspice,397141eb8a813045075ac2be3098d3b136ebaf4d597c08fca627922a75e443b7,data/raw/ptm45_lp_vds_1v_raw.txt
PTM,NMOS,45,LP,1.0,0.045,25.0,1.0,0.5100000000000005,6.421854124527282e-06,common_1v,common_vdd,1.1,simulation,ngspice,397141eb8a813045075ac2be3098d3b136ebaf4d597c08fca627922a75e443b7,data/raw/ptm45_lp_vds_1v_raw.txt
PTM,NMOS,45,LP,1.0,0.045,25.0,1.0,0.5150000000000005,7.066425148395598e-06,common_1v,common_vdd,1.1,simulation,ngspice,397141eb8a813045075ac2be3098d3b136ebaf4d597c08fca627922a75e443b7,data/raw/ptm45_lp_vds_1v_raw.txt
PTM,NMOS,45,LP,1.0,0.045,25.0,1.0,0.5200000000000005,7.767305482719421e-06,common_1v,common_vdd,1.1,simulation,ngspice,397141eb8a813045075ac2be3098d3b136ebaf4d597c08fca627922a75e443b7,data/raw/ptm45_lp_vds_1v_raw.txt
PTM,NMOS,45,LP,1.0,0.045,25.0,1.0,0.5250000000000005,8.528195124520029e-06,common_1v,common_vdd,1.1,simulation,ngspice,397141eb8a813045075ac2be3098d3b136ebaf4d597c08fca627922a75e443b7,data/raw/ptm45_lp_vds_1v_raw.txt
PTM,NMOS,45,LP,1.0,0.045,25.0,1.0,0.5300000000000005,9.352855952248095e-06,common_1v,common_vdd,1.1,simulation,ngspice,397141eb8a813045075ac2be3098d3b136ebaf4d597c08fca627922a75e443b7,data/raw/ptm45_lp_vds_1v_raw.txt
PTM,NMOS,45,LP,1.0,0.045,25.0,1.0,0.5350000000000005,1.024508601424879e-05,common_1v,common_vdd,1.1,simulation,ngspice,397141eb8a813045075ac2be3098d3b136ebaf4d597c08fca627922a75e443b7,data/raw/ptm45_lp_vds_1v_raw.txt
PTM,NMOS,45,LP,1.0,0.045,25.0,1.0,0.5400000000000005,1.120869123336195e-05,common_1v,common_vdd,1.1,simulation,ngspice,397141eb8a813045075ac2be3098d3b136ebaf4d597c08fca627922a75e443b7,data/raw/ptm45_lp_vds_1v_raw.txt
PTM,NMOS,45,LP,1.0,0.045,25.0,1.0,0.5450000000000005,1.224745492774779e-05,common_1v,common_vdd,1.1,simulation,ngspice,397141eb8a813045075ac2be3098d3b136ebaf4d597c08fca627922a75e443b7,data/raw/ptm45_lp_vds_1v_raw.txt
PTM,NMOS,45,LP,1.0,0.045,25.0,1.0,0.5500000000000005,1.336510564176209e-05,common_1v,common_vdd,1.1,simulation,ngspice,397141eb8a813045075ac2be3098d3b136ebaf4d597c08fca627922a75e443b7,data/raw/ptm45_lp_vds_1v_raw.txt
PTM,NMOS,45,LP,1.0,0.045,25.0,1.0,0.5550000000000005,1.456528386198085e-05,common_1v,common_vdd,1.1,simulation,ngspice,397141eb8a813045075ac2be3098d3b136ebaf4d597c08fca627922a75e443b7,data/raw/ptm45_lp_vds_1v_raw.txt
PTM,NMOS,45,LP,1.0,0.045,25.0,1.0,0.5600000000000005,1.585150825770279e-05,common_1v,common_vdd,1.1,simulation,ngspice,397141eb8a813045075ac2be3098d3b136ebaf4d597c08fca627922a75e443b7,data/raw/ptm45_lp_vds_1v_raw.txt
PTM,NMOS,45,LP,1.0,0.045,25.0,1.0,0.5650000000000005,1.722714212860912e-05,common_1v,common_vdd,1.1,simulation,ngspice,397141eb8a813045075ac2be3098d3b136ebaf4d597c08fca627922a75e443b7,data/raw/ptm45_lp_vds_1v_raw.txt
PTM,NMOS,45,LP,1.0,0.045,25.0,1.0,0.5700000000000005,1.869536076189657e-05,common_1v,common_vdd,1.1,simulation,ngspice,397141eb8a813045075ac2be3098d3b136ebaf4d597c08fca627922a75e443b7,data/raw/ptm45_lp_vds_1v_raw.txt
PTM,NMOS,45,LP,1.0,0.045,25.0,1.0,0.5750000000000005,2.025912039554523e-05,common_1v,common_vdd,1.1,simulation,ngspice,397141eb8a813045075ac2be3098d3b136ebaf4d597c08fca627922a75e443b7,data/raw/ptm45_lp_vds_1v_raw.txt
PTM,NMOS,45,LP,1.0,0.045,25.0,1.0,0.5800000000000005,2.192112945321904e-05,common_1v,common_vdd,1.1,simulation,ngspice,397141eb8a813045075ac2be3098d3b136ebaf4d597c08fca627922a75e443b7,data/raw/ptm45_lp_vds_1v_raw.txt
PTM,NMOS,45,LP,1.0,0.045,25.0,1.0,0.5850000000000005,2.368382266081207e-05,common_1v,common_vdd,1.1,simulation,ngspice,397141eb8a813045075ac2be3098d3b136ebaf4d597c08fca627922a75e443b7,data/raw/ptm45_lp_vds_1v_raw.txt
PTM,NMOS,45,LP,1.0,0.045,25.0,1.0,0.5900000000000005,2.554933857736896e-05,common_1v,common_vdd,1.1,simulation,ngspice,397141eb8a813045075ac2be3098d3b136ebaf4d597c08fca627922a75e443b7,data/raw/ptm45_lp_vds_1v_raw.txt
PTM,NMOS,45,LP,1.0,0.045,25.0,1.0,0.5950000000000005,2.751950097767965e-05,common_1v,common_vdd,1.1,simulation,ngspice,397141eb8a813045075ac2be3098d3b136ebaf4d597c08fca627922a75e443b7,data/raw/ptm45_lp_vds_1v_raw.txt
PTM,NMOS,45,LP,1.0,0.045,25.0,1.0,0.6000000000000005,2.959580441483823e-05,common_1v,common_vdd,1.1,simulation,ngspice,397141eb8a813045075ac2be3098d3b136ebaf4d597c08fca627922a75e443b7,data/raw/ptm45_lp_vds_1v_raw.txt
PTM,NMOS,45,LP,1.0,0.045,25.0,1.0,0.6050000000000005,3.177940417358866e-05,common_1v,common_vdd,1.1,simulation,ngspice,397141eb8a813045075ac2be3098d3b136ebaf4d597c08fca627922a75e443b7,data/raw/ptm45_lp_vds_1v_raw.txt
PTM,NMOS,45,LP,1.0,0.045,25.0,1.0,0.6100000000000005,3.407111070470726e-05,common_1v,common_vdd,1.1,simulation,ngspice,397141eb8a813045075ac2be3098d3b136ebaf4d597c08fca627922a75e443b7,data/raw/ptm45_lp_vds_1v_raw.txt
PTM,NMOS,45,LP,1.0,0.045,25.0,1.0,0.6150000000000005,3.647138851222661e-05,common_1v,common_vdd,1.1,simulation,ngspice,397141eb8a813045075ac2be3098d3b136ebaf4d597c08fca627922a75e443b7,data/raw/ptm45_lp_vds_1v_raw.txt
PTM,NMOS,45,LP,1.0,0.045,25.0,1.0,0.6200000000000006,3.898035935380108e-05,common_1v,common_vdd,1.1,simulation,ngspice,397141eb8a813045075ac2be3098d3b136ebaf4d597c08fca627922a75e443b7,data/raw/ptm45_lp_vds_1v_raw.txt
PTM,NMOS,45,LP,1.0,0.045,25.0,1.0,0.6250000000000006,4.159780951409044e-05,common_1v,common_vdd,1.1,simulation,ngspice,397141eb8a813045075ac2be3098d3b136ebaf4d597c08fca627922a75e443b7,data/raw/ptm45_lp_vds_1v_raw.txt
PTM,NMOS,45,LP,1.0,0.045,25.0,1.0,0.6300000000000006,4.432320082488004e-05,common_1v,common_vdd,1.1,simulation,ngspice,397141eb8a813045075ac2be3098d3b136ebaf4d597c08fca627922a75e443b7,data/raw/ptm45_lp_vds_1v_raw.txt
PTM,NMOS,45,LP,1.0,0.045,25.0,1.0,0.6350000000000006,4.715568503611357e-05,common_1v,common_vdd,1.1,simulation,ngspice,397141eb8a813045075ac2be3098d3b136ebaf4d597c08fca627922a75e443b7,data/raw/ptm45_lp_vds_1v_raw.txt
PTM,NMOS,45,LP,1.0,0.045,25.0,1.0,0.6400000000000006,5.00941210902771e-05,common_1v,common_vdd,1.1,simulation,ngspice,397141eb8a813045075ac2be3098d3b136ebaf4d597c08fca627922a75e443b7,data/raw/ptm45_lp_vds_1v_raw.txt
PTM,NMOS,45,LP,1.0,0.045,25.0,1.0,0.6450000000000006,5.308508338191492e-05,common_1v,common_vdd,1.1,simulation,ngspice,397141eb8a813045075ac2be3098d3b136ebaf4d597c08fca627922a75e443b7,data/raw/ptm45_lp_vds_1v_raw.txt
PTM,NMOS,45,LP,1.0,0.045,25.0,1.0,0.6500000000000006,5.623180198962222e-05,common_1v,common_vdd,1.1,simulation,ngspice,397141eb8a813045075ac2be3098d3b136ebaf4d597c08fca627922a75e443b7,data/raw/ptm45_lp_vds_1v_raw.txt
PTM,NMOS,45,LP,1.0,0.045,25.0,1.0,0.6550000000000006,5.947960879957343e-05,common_1v,common_vdd,1.1,simulation,ngspice,397141eb8a813045075ac2be3098d3b136ebaf4d597c08fca627922a75e443b7,data/raw/ptm45_lp_vds_1v_raw.txt
PTM,NMOS,45,LP,1.0,0.045,25.0,1.0,0.6600000000000006,6.282639315113668e-05,common_1v,common_vdd,1.1,simulation,ngspice,397141eb8a813045075ac2be3098d3b136ebaf4d597c08fca627922a75e443b7,data/raw/ptm45_lp_vds_1v_raw.txt
PTM,NMOS,45,LP,1.0,0.045,25.0,1.0,0.6650000000000006,6.626986424818673e-05,common_1v,common_vdd,1.1,simulation,ngspice,397141eb8a813045075ac2be3098d3b136ebaf4d597c08fca627922a75e443b7,data/raw/ptm45_lp_vds_1v_raw.txt
PTM,NMOS,45,LP,1.0,0.045,25.0,1.0,0.6700000000000006,6.980757591291327e-05,common_1v,common_vdd,1.1,simulation,ngspice,397141eb8a813045075ac2be3098d3b136ebaf4d597c08fca627922a75e443b7,data/raw/ptm45_lp_vds_1v_raw.txt
PTM,NMOS,45,LP,1.0,0.045,25.0,1.0,0.6750000000000006,7.34369510080869e-05,common_1v,common_vdd,1.1,simulation,ngspice,397141eb8a813045075ac2be3098d3b136ebaf4d597c08fca627922a75e443b7,data/raw/ptm45_lp_vds_1v_raw.txt
PTM,NMOS,45,LP,1.0,0.045,25.0,1.0,0.6800000000000006,7.715530521942579e-05,common_1v,common_vdd,1.1,simulation,ngspice,397141eb8a813045075ac2be3098d3b136ebaf4d597c08fca627922a75e443b7,data/raw/ptm45_lp_vds_1v_raw.txt
PTM,NMOS,45,LP,1.0,0.045,25.0,1.0,0.6850000000000006,8.095986979910509e-05,common_1v,common_vdd,1.1,simulation,ngspice,397141eb8a813045075ac2be3098d3b136ebaf4d597c08fca627922a75e443b7,data/raw/ptm45_lp_vds_1v_raw.txt
PTM,NMOS,45,LP,1.0,0.045,25.0,1.0,0.6900000000000006,8.484781329460702e-05,common_1v,common_vdd,1.1,simulation,ngspice,397141eb8a813045075ac2be3098d3b136ebaf4d597c08fca627922a75e443b7,data/raw/ptm45_lp_vds_1v_raw.txt
PTM,NMOS,45,LP,1.0,0.045,25.0,1.0,0.6950000000000006,8.881626180850439e-05,common_1v,common_vdd,1.1,simulation,ngspice,397141eb8a813045075ac2be3098d3b136ebaf4d597c08fca627922a75e443b7,data/raw/ptm45_lp_vds_1v_raw.txt
PTM,NMOS,45,LP,1.0,0.045,25.0,1.0,0.7000000000000006,9.286231782099647e-05,common_1v,common_vdd,1.1,simulation,ngspice,397141eb8a813045075ac2be3098d3b136ebaf4d597c08fca627922a75e443b7,data/raw/ptm45_lp_vds_1v_raw.txt
PTM,NMOS,45,LP,1.0,0.045,25.0,1.0,0.7050000000000006,9.698307744163202e-05,common_1v,common_vdd,1.1,simulation,ngspice,397141eb8a813045075ac2be3098d3b136ebaf4d597c08fca627922a75e443b7,data/raw/ptm45_lp_vds_1v_raw.txt
PTM,NMOS,45,LP,1.0,0.045,25.0,1.0,0.7100000000000006,0.0001011756460477936,common_1v,common_vdd,1.1,simulation,ngspice,397141eb8a813045075ac2be3098d3b136ebaf4d597c08fca627922a75e443b7,data/raw/ptm45_lp_vds_1v_raw.txt
PTM,NMOS,45,LP,1.0,0.045,25.0,1.0,0.7150000000000006,0.0001054371522973078,common_1v,common_vdd,1.1,simulation,ngspice,397141eb8a813045075ac2be3098d3b136ebaf4d597c08fca627922a75e443b7,data/raw/ptm45_lp_vds_1v_raw.txt
PTM,NMOS,45,LP,1.0,0.045,25.0,1.0,0.7200000000000006,0.00010976476053205,common_1v,common_vdd,1.1,simulation,ngspice,397141eb8a813045075ac2be3098d3b136ebaf4d597c08fca627922a75e443b7,data/raw/ptm45_lp_vds_1v_raw.txt
PTM,NMOS,45,LP,1.0,0.045,25.0,1.0,0.7250000000000006,0.0001141556816140852,common_1v,common_vdd,1.1,simulation,ngspice,397141eb8a813045075ac2be3098d3b136ebaf4d597c08fca627922a75e443b7,data/raw/ptm45_lp_vds_1v_raw.txt
PTM,NMOS,45,LP,1.0,0.045,25.0,1.0,0.7300000000000006,0.0001186071822557276,common_1v,common_vdd,1.1,simulation,ngspice,397141eb8a813045075ac2be3098d3b136ebaf4d597c08fca627922a75e443b7,data/raw/ptm45_lp_vds_1v_raw.txt
PTM,NMOS,45,LP,1.0,0.045,25.0,1.0,0.7350000000000007,0.0001231165929203276,common_1v,common_vdd,1.1,simulation,ngspice,397141eb8a813045075ac2be3098d3b136ebaf4d597c08fca627922a75e443b7,data/raw/ptm45_lp_vds_1v_raw.txt
PTM,NMOS,45,LP,1.0,0.045,25.0,1.0,0.7400000000000007,0.000127681314381998,common_1v,common_vdd,1.1,simulation,ngspice,397141eb8a813045075ac2be3098d3b136ebaf4d597c08fca627922a75e443b7,data/raw/ptm45_lp_vds_1v_raw.txt
PTM,NMOS,45,LP,1.0,0.045,25.0,1.0,0.7450000000000007,0.0001322988230402122,common_1v,common_vdd,1.1,simulation,ngspice,397141eb8a813045075ac2be3098d3b136ebaf4d597c08fca627922a75e443b7,data/raw/ptm45_lp_vds_1v_raw.txt
PTM,NMOS,45,LP,1.0,0.045,25.0,1.0,0.7500000000000007,0.0001369666750898708,common_1v,common_vdd,1.1,simulation,ngspice,397141eb8a813045075ac2be3098d3b136ebaf4d597c08fca627922a75e443b7,data/raw/ptm45_lp_vds_1v_raw.txt
PTM,NMOS,45,LP,1.0,0.045,25.0,1.0,0.7550000000000007,0.0001416825096493646,common_1v,common_vdd,1.1,simulation,ngspice,397141eb8a813045075ac2be3098d3b136ebaf4d597c08fca627922a75e443b7,data/raw/ptm45_lp_vds_1v_raw.txt
PTM,NMOS,45,LP,1.0,0.045,25.0,1.0,0.7600000000000007,0.0001464440509488882,common_1v,common_vdd,1.1,simulation,ngspice,397141eb8a813045075ac2be3098d3b136ebaf4d597c08fca627922a75e443b7,data/raw/ptm45_lp_vds_1v_raw.txt
PTM,NMOS,45,LP,1.0,0.045,25.0,1.0,0.7650000000000007,0.0001512491096791367,common_1v,common_vdd,1.1,simulation,ngspice,397141eb8a813045075ac2be3098d3b136ebaf4d597c08fca627922a75e443b7,data/raw/ptm45_lp_vds_1v_raw.txt
PTM,NMOS,45,LP,1.0,0.045,25.0,1.0,0.7700000000000007,0.0001560955835970038,common_1v,common_vdd,1.1,simulation,ngspice,397141eb8a813045075ac2be3098d3b136ebaf4d597c08fca627922a75e443b7,data/raw/ptm45_lp_vds_1v_raw.txt
PTM,NMOS,45,LP,1.0,0.045,25.0,1.0,0.7750000000000007,0.000160981457480334,common_1v,common_vdd,1.1,simulation,ngspice,397141eb8a813045075ac2be3098d3b136ebaf4d597c08fca627922a75e443b7,data/raw/ptm45_lp_vds_1v_raw.txt
PTM,NMOS,45,LP,1.0,0.045,25.0,1.0,0.7800000000000007,0.0001659048025183079,common_1v,common_vdd,1.1,simulation,ngspice,397141eb8a813045075ac2be3098d3b136ebaf4d597c08fca627922a75e443b7,data/raw/ptm45_lp_vds_1v_raw.txt
PTM,NMOS,45,LP,1.0,0.045,25.0,1.0,0.7850000000000007,0.0001708637752182043,common_1v,common_vdd,1.1,simulation,ngspice,397141eb8a813045075ac2be3098d3b136ebaf4d597c08fca627922a75e443b7,data/raw/ptm45_lp_vds_1v_raw.txt
PTM,NMOS,45,LP,1.0,0.045,25.0,1.0,0.7900000000000007,0.0001758566159030563,common_1v,common_vdd,1.1,simulation,ngspice,397141eb8a813045075ac2be3098d3b136ebaf4d597c08fca627922a75e443b7,data/raw/ptm45_lp_vds_1v_raw.txt
PTM,NMOS,45,LP,1.0,0.045,25.0,1.0,0.7950000000000007,0.0001808816468683295,common_1v,common_vdd,1.1,simulation,ngspice,397141eb8a813045075ac2be3098d3b136ebaf4d597c08fca627922a75e443b7,data/raw/ptm45_lp_vds_1v_raw.txt
PTM,NMOS,45,LP,1.0,0.045,25.0,1.0,0.8000000000000007,0.000185937270259543,common_1v,common_vdd,1.1,simulation,ngspice,397141eb8a813045075ac2be3098d3b136ebaf4d597c08fca627922a75e443b7,data/raw/ptm45_lp_vds_1v_raw.txt
PTM,NMOS,45,LP,1.0,0.045,25.0,1.0,0.8050000000000007,0.0001910219657264625,common_1v,common_vdd,1.1,simulation,ngspice,397141eb8a813045075ac2be3098d3b136ebaf4d597c08fca627922a75e443b7,data/raw/ptm45_lp_vds_1v_raw.txt
PTM,NMOS,45,LP,1.0,0.045,25.0,1.0,0.8100000000000007,0.0001961342879036885,common_1v,common_vdd,1.1,simulation,ngspice,397141eb8a813045075ac2be3098d3b136ebaf4d597c08fca627922a75e443b7,data/raw/ptm45_lp_vds_1v_raw.txt
PTM,NMOS,45,LP,1.0,0.045,25.0,1.0,0.8150000000000007,0.0002012728637616925,common_1v,common_vdd,1.1,simulation,ngspice,397141eb8a813045075ac2be3098d3b136ebaf4d597c08fca627922a75e443b7,data/raw/ptm45_lp_vds_1v_raw.txt
PTM,NMOS,45,LP,1.0,0.045,25.0,1.0,0.8200000000000007,0.0002064363898671368,common_1v,common_vdd,1.1,simulation,ngspice,397141eb8a813045075ac2be3098d3b136ebaf4d597c08fca627922a75e443b7,data/raw/ptm45_lp_vds_1v_raw.txt
PTM,NMOS,45,LP,1.0,0.045,25.0,1.0,0.8250000000000007,0.0002116236295863458,common_1v,common_vdd,1.1,simulation,ngspice,397141eb8a813045075ac2be3098d3b136ebaf4d597c08fca627922a75e443b7,data/raw/ptm45_lp_vds_1v_raw.txt
PTM,NMOS,45,LP,1.0,0.045,25.0,1.0,0.8300000000000007,0.0002168334102612119,common_1v,common_vdd,1.1,simulation,ngspice,397141eb8a813045075ac2be3098d3b136ebaf4d597c08fca627922a75e443b7,data/raw/ptm45_lp_vds_1v_raw.txt
PTM,NMOS,45,LP,1.0,0.045,25.0,1.0,0.8350000000000007,0.0002220646203827073,common_1v,common_vdd,1.1,simulation,ngspice,397141eb8a813045075ac2be3098d3b136ebaf4d597c08fca627922a75e443b7,data/raw/ptm45_lp_vds_1v_raw.txt
PTM,NMOS,45,LP,1.0,0.045,25.0,1.0,0.8400000000000007,0.0002273162067833103,common_1v,common_vdd,1.1,simulation,ngspice,397141eb8a813045075ac2be3098d3b136ebaf4d597c08fca627922a75e443b7,data/raw/ptm45_lp_vds_1v_raw.txt
PTM,NMOS,45,LP,1.0,0.045,25.0,1.0,0.8450000000000008,0.0002325871718663239,common_1v,common_vdd,1.1,simulation,ngspice,397141eb8a813045075ac2be3098d3b136ebaf4d597c08fca627922a75e443b7,data/raw/ptm45_lp_vds_1v_raw.txt
PTM,NMOS,45,LP,1.0,0.045,25.0,1.0,0.8500000000000008,0.0002378765708869011,common_1v,common_vdd,1.1,simulation,ngspice,397141eb8a813045075ac2be3098d3b136ebaf4d597c08fca627922a75e443b7,data/raw/ptm45_lp_vds_1v_raw.txt
PTM,NMOS,45,LP,1.0,0.045,25.0,1.0,0.8550000000000008,0.0002431835092969457,common_1v,common_vdd,1.1,simulation,ngspice,397141eb8a813045075ac2be3098d3b136ebaf4d597c08fca627922a75e443b7,data/raw/ptm45_lp_vds_1v_raw.txt
PTM,NMOS,45,LP,1.0,0.045,25.0,1.0,0.8600000000000008,0.0002485071401636014,common_1v,common_vdd,1.1,simulation,ngspice,397141eb8a813045075ac2be3098d3b136ebaf4d597c08fca627922a75e443b7,data/raw/ptm45_lp_vds_1v_raw.txt
PTM,NMOS,45,LP,1.0,0.045,25.0,1.0,0.8650000000000008,0.0002538466616689089,common_1v,common_vdd,1.1,simulation,ngspice,397141eb8a813045075ac2be3098d3b136ebaf4d597c08fca627922a75e443b7,data/raw/ptm45_lp_vds_1v_raw.txt
PTM,NMOS,45,LP,1.0,0.045,25.0,1.0,0.8700000000000008,0.0002592013146963965,common_1v,common_vdd,1.1,simulation,ngspice,397141eb8a813045075ac2be3098d3b136ebaf4d597c08fca627922a75e443b7,data/raw/ptm45_lp_vds_1v_raw.txt
PTM,NMOS,45,LP,1.0,0.045,25.0,1.0,0.8750000000000008,0.0002645703805086977,common_1v,common_vdd,1.1,simulation,ngspice,397141eb8a813045075ac2be3098d3b136ebaf4d597c08fca627922a75e443b7,data/raw/ptm45_lp_vds_1v_raw.txt
PTM,NMOS,45,LP,1.0,0.045,25.0,1.0,0.8800000000000008,0.0002699531785189462,common_1v,common_vdd,1.1,simulation,ngspice,397141eb8a813045075ac2be3098d3b136ebaf4d597c08fca627922a75e443b7,data/raw/ptm45_lp_vds_1v_raw.txt
PTM,NMOS,45,LP,1.0,0.045,25.0,1.0,0.8850000000000008,0.0002753490641575017,common_1v,common_vdd,1.1,simulation,ngspice,397141eb8a813045075ac2be3098d3b136ebaf4d597c08fca627922a75e443b7,data/raw/ptm45_lp_vds_1v_raw.txt
PTM,NMOS,45,LP,1.0,0.045,25.0,1.0,0.8900000000000008,0.0002807574268345184,common_1v,common_vdd,1.1,simulation,ngspice,397141eb8a813045075ac2be3098d3b136ebaf4d597c08fca627922a75e443b7,data/raw/ptm45_lp_vds_1v_raw.txt
PTM,NMOS,45,LP,1.0,0.045,25.0,1.0,0.8950000000000008,0.0002861776879980341,common_1v,common_vdd,1.1,simulation,ngspice,397141eb8a813045075ac2be3098d3b136ebaf4d597c08fca627922a75e443b7,data/raw/ptm45_lp_vds_1v_raw.txt
PTM,NMOS,45,LP,1.0,0.045,25.0,1.0,0.9000000000000008,0.0002916092992865899,common_1v,common_vdd,1.1,simulation,ngspice,397141eb8a813045075ac2be3098d3b136ebaf4d597c08fca627922a75e443b7,data/raw/ptm45_lp_vds_1v_raw.txt
PTM,NMOS,45,LP,1.0,0.045,25.0,1.0,0.9050000000000008,0.0002970517407747155,common_1v,common_vdd,1.1,simulation,ngspice,397141eb8a813045075ac2be3098d3b136ebaf4d597c08fca627922a75e443b7,data/raw/ptm45_lp_vds_1v_raw.txt
PTM,NMOS,45,LP,1.0,0.045,25.0,1.0,0.9100000000000008,0.000302504519309224,common_1v,common_vdd,1.1,simulation,ngspice,397141eb8a813045075ac2be3098d3b136ebaf4d597c08fca627922a75e443b7,data/raw/ptm45_lp_vds_1v_raw.txt
PTM,NMOS,45,LP,1.0,0.045,25.0,1.0,0.9150000000000008,0.0003079671669338621,common_1v,common_vdd,1.1,simulation,ngspice,397141eb8a813045075ac2be3098d3b136ebaf4d597c08fca627922a75e443b7,data/raw/ptm45_lp_vds_1v_raw.txt
PTM,NMOS,45,LP,1.0,0.045,25.0,1.0,0.9200000000000008,0.0003134392393995268,common_1v,common_vdd,1.1,simulation,ngspice,397141eb8a813045075ac2be3098d3b136ebaf4d597c08fca627922a75e443b7,data/raw/ptm45_lp_vds_1v_raw.txt
PTM,NMOS,45,LP,1.0,0.045,25.0,1.0,0.9250000000000008,0.0003189203147570849,common_1v,common_vdd,1.1,simulation,ngspice,397141eb8a813045075ac2be3098d3b136ebaf4d597c08fca627922a75e443b7,data/raw/ptm45_lp_vds_1v_raw.txt
PTM,NMOS,45,LP,1.0,0.045,25.0,1.0,0.9300000000000008,0.0003244099920296725,common_1v,common_vdd,1.1,simulation,ngspice,397141eb8a813045075ac2be3098d3b136ebaf4d597c08fca627922a75e443b7,data/raw/ptm45_lp_vds_1v_raw.txt
PTM,NMOS,45,LP,1.0,0.045,25.0,1.0,0.9350000000000008,0.0003299078899612007,common_1v,common_vdd,1.1,simulation,ngspice,397141eb8a813045075ac2be3098d3b136ebaf4d597c08fca627922a75e443b7,data/raw/ptm45_lp_vds_1v_raw.txt
PTM,NMOS,45,LP,1.0,0.045,25.0,1.0,0.9400000000000008,0.00033541364583777,common_1v,common_vdd,1.1,simulation,ngspice,397141eb8a813045075ac2be3098d3b136ebaf4d597c08fca627922a75e443b7,data/raw/ptm45_lp_vds_1v_raw.txt
PTM,NMOS,45,LP,1.0,0.045,25.0,1.0,0.9450000000000008,0.000340926914378683,common_1v,common_vdd,1.1,simulation,ngspice,397141eb8a813045075ac2be3098d3b136ebaf4d597c08fca627922a75e443b7,data/raw/ptm45_lp_vds_1v_raw.txt
PTM,NMOS,45,LP,1.0,0.045,25.0,1.0,0.9500000000000008,0.0003464473666936973,common_1v,common_vdd,1.1,simulation,ngspice,397141eb8a813045075ac2be3098d3b136ebaf4d597c08fca627922a75e443b7,data/raw/ptm45_lp_vds_1v_raw.txt
PTM,NMOS,45,LP,1.0,0.045,25.0,1.0,0.9550000000000008,0.0003519746893032687,common_1v,common_vdd,1.1,simulation,ngspice,397141eb8a813045075ac2be3098d3b136ebaf4d597c08fca627922a75e443b7,data/raw/ptm45_lp_vds_1v_raw.txt
PTM,NMOS,45,LP,1.0,0.045,25.0,1.0,0.9600000000000009,0.0003575085832185178,common_1v,common_vdd,1.1,simulation,ngspice,397141eb8a813045075ac2be3098d3b136ebaf4d597c08fca627922a75e443b7,data/raw/ptm45_lp_vds_1v_raw.txt
PTM,NMOS,45,LP,1.0,0.045,25.0,1.0,0.9650000000000009,0.0003630487630777926,common_1v,common_vdd,1.1,simulation,ngspice,397141eb8a813045075ac2be3098d3b136ebaf4d597c08fca627922a75e443b7,data/raw/ptm45_lp_vds_1v_raw.txt
PTM,NMOS,45,LP,1.0,0.045,25.0,1.0,0.9700000000000009,0.0003685949563367402,common_1v,common_vdd,1.1,simulation,ngspice,397141eb8a813045075ac2be3098d3b136ebaf4d597c08fca627922a75e443b7,data/raw/ptm45_lp_vds_1v_raw.txt
PTM,NMOS,45,LP,1.0,0.045,25.0,1.0,0.9750000000000009,0.0003741469025088997,common_1v,common_vdd,1.1,simulation,ngspice,397141eb8a813045075ac2be3098d3b136ebaf4d597c08fca627922a75e443b7,data/raw/ptm45_lp_vds_1v_raw.txt
PTM,NMOS,45,LP,1.0,0.045,25.0,1.0,0.9800000000000009,0.0003797043524539811,common_1v,common_vdd,1.1,simulation,ngspice,397141eb8a813045075ac2be3098d3b136ebaf4d597c08fca627922a75e443b7,data/raw/ptm45_lp_vds_1v_raw.txt
PTM,NMOS,45,LP,1.0,0.045,25.0,1.0,0.9850000000000009,0.000385267067711041,common_1v,common_vdd,1.1,simulation,ngspice,397141eb8a813045075ac2be3098d3b136ebaf4d597c08fca627922a75e443b7,data/raw/ptm45_lp_vds_1v_raw.txt
PTM,NMOS,45,LP,1.0,0.045,25.0,1.0,0.9900000000000009,0.0003908348198739298,common_1v,common_vdd,1.1,simulation,ngspice,397141eb8a813045075ac2be3098d3b136ebaf4d597c08fca627922a75e443b7,data/raw/ptm45_lp_vds_1v_raw.txt
PTM,NMOS,45,LP,1.0,0.045,25.0,1.0,0.9950000000000009,0.0003964073900064677,common_1v,common_vdd,1.1,simulation,ngspice,397141eb8a813045075ac2be3098d3b136ebaf4d597c08fca627922a75e443b7,data/raw/ptm45_lp_vds_1v_raw.txt
PTM,NMOS,45,LP,1.0,0.045,25.0,1.0,1.000000000000001,0.0004019845680949588,common_1v,common_vdd,1.1,simulation,ngspice,397141eb8a813045075ac2be3098d3b136ebaf4d597c08fca627922a75e443b7,data/raw/ptm45_lp_vds_1v_raw.txt
